participant_id,event_start_local,event_start_utc,event_end_utc,event_duration_seconds,wear_state,social_context,wear_activity,nonwear_storage,nighttime_position,setting,setting_location,setting_specific,daylight_condition,electric_light_condition,screen_phone,screen_tablet,screen_computer,screen_television,lighting_autonomy
ADID-00AAC11B7B6F,2025-09-21T10:00:08+00:00,2025-09-21T10:00:08Z,2025-09-21T12:19:18Z,8350,Wear,Alone,Sedentary,,,Indoors,Home,Bedroom,Near a window,Dim light,FALSE,FALSE,TRUE,FALSE,Partly
ADID-00AAC11B7B6F,2025-09-21T12:19:18+00:00,2025-09-21T12:19:18Z,2025-09-21T12:24:59Z,341,Non-wear,Alone,,Other,,,,,,Dim light,TRUE,FALSE,FALSE,FALSE,Partly
ADID-00AAC11B7B6F,2025-09-21T12:24:59+00:00,2025-09-21T12:24:59Z,2025-09-21T12:46:16Z,1277,Wear,Alone,Light activity,,,Outdoors,Commercial,,Direct sunlight,Lights on,FALSE,FALSE,FALSE,FALSE,
ADID-00AAC11B7B6F,2025-09-21T12:46:16+00:00,2025-09-21T12:46:16Z,2025-09-21T13:15:21Z,1745,Wear,Alone,Sedentary,,,Indoors,Home,Kitchen,Near a window,Dim light,TRUE,FALSE,FALSE,FALSE,Yes
ADID-00AAC11B7B6F,2025-09-21T13:15:21+00:00,2025-09-21T13:15:21Z,2025-09-21T14:06:12Z,3051,Wear,Alone,Sedentary,,,Indoors,Home,Bedroom,Near a window,Dim light,TRUE,FALSE,FALSE,FALSE,Partly
ADID-00AAC11B7B6F,2025-09-21T14:06:12+00:00,2025-09-21T14:06:12Z,2025-09-21T18:10:07Z,14635,Bedtime,Alone,,,Upward,,,,,Dim light,TRUE,FALSE,FALSE,FALSE,Partly
ADID-00AAC11B7B6F,2025-09-21T18:10:07+00:00,2025-09-21T18:10:07Z,2025-09-21T18:31:56Z,1309,Wear,Alone,Light activity,,,Outdoors,Commercial,,Shade / cloudy,Dim light,TRUE,FALSE,FALSE,FALSE,
ADID-00AAC11B7B6F,2025-09-21T18:31:56+00:00,2025-09-21T18:31:56Z,2025-09-21T19:05:07Z,1991,Wear,Alone,Light activity,,,Outdoors,Commercial,,Shade / cloudy,Lights on,TRUE,FALSE,FALSE,FALSE,No
ADID-00AAC11B7B6F,2025-09-21T19:05:07+00:00,2025-09-21T19:05:07Z,2025-09-21T21:56:20Z,10273,Wear,With others,Sedentary,,,Indoors,Home,Living room,Away from window,Lights on,FALSE,FALSE,TRUE,FALSE,Yes
ADID-00AAC11B7B6F,2025-09-21T21:56:20+00:00,2025-09-21T21:56:20Z,2025-09-21T22:11:56Z,936,Wear,Alone,Light activity,,,Outdoors,Leisure,,Shade / cloudy,Lights on,TRUE,FALSE,FALSE,FALSE,
ADID-00AAC11B7B6F,2025-09-21T22:11:56+00:00,2025-09-21T22:11:56Z,2025-09-21T22:29:45Z,1069,Wear,With others,Sedentary,,,Indoors,Home,Living room,Away from window,Lights on,TRUE,FALSE,FALSE,FALSE,
ADID-00AAC11B7B6F,2025-09-21T22:29:45+00:00,2025-09-21T22:29:45Z,2025-09-21T23:11:25Z,2500,Wear,Alone,Light activity,,,Outdoors,Commercial,,Shade / cloudy,Lights on,TRUE,FALSE,FALSE,FALSE,
ADID-00AAC11B7B6F,2025-09-21T23:11:25+00:00,2025-09-21T23:11:25Z,2025-09-22T00:28:40Z,4635,Wear,Alone,Sedentary,,,Indoors,Home,Bedroom,Away from window,Lights on,TRUE,FALSE,FALSE,FALSE,
ADID-00AAC11B7B6F,2025-09-22T00:28:40+00:00,2025-09-22T00:28:40Z,2025-09-22T10:29:20Z,36040,Bedtime,Alone,,,Upward,,,,,Lights off,TRUE,FALSE,FALSE,FALSE,Yes
ADID-00AAC11B7B6F,2025-09-22T10:29:20+00:00,2025-09-22T10:29:20Z,2025-09-22T11:11:07Z,2507,Wear,Alone,Light activity,,,Outdoors,Workplace,,Direct sunlight,Dim light,TRUE,FALSE,FALSE,FALSE,
ADID-00AAC11B7B6F,2025-09-22T11:11:07+00:00,2025-09-22T11:11:07Z,2025-09-22T13:50:45Z,9578,Wear,Alone,Sedentary,,,Indoors,Workplace,Personal workspace/desk,Away from window,Lights on,FALSE,FALSE,TRUE,FALSE,Yes
ADID-00AAC11B7B6F,2025-09-22T13:50:45+00:00,2025-09-22T13:50:45Z,2025-09-22T14:08:13Z,1048,Wear,Alone,Light activity,,,Outdoors,Workplace,,Shade / cloudy,Dim light,TRUE,FALSE,FALSE,FALSE,
ADID-00AAC11B7B6F,2025-09-22T14:08:13+00:00,2025-09-22T14:08:13Z,2025-09-22T19:49:40Z,20487,Wear,Alone,Sedentary,,,Indoors,Workplace,Personal workspace/desk,Away from window,Lights on,FALSE,FALSE,TRUE,FALSE,Yes
ADID-00AAC11B7B6F,2025-09-22T19:49:40+00:00,2025-09-22T19:49:40Z,2025-09-22T20:05:34Z,954,Wear,Alone,Light activity,,,Outdoors,Home,,Shade / cloudy,Lights on,TRUE,FALSE,FALSE,FALSE,
ADID-00AAC11B7B6F,2025-09-22T20:05:34+00:00,2025-09-22T20:05:34Z,2025-09-22T20:24:14Z,1120,Wear,Alone,Light activity,,,Outdoors,Commercial,,Shade / cloudy,Lights on,TRUE,FALSE,FALSE,FALSE,
ADID-00AAC11B7B6F,2025-09-22T20:24:14+00:00,2025-09-22T20:24:14Z,2025-09-22T21:43:07Z,4733,Wear,With others,Sedentary,,,Indoors,Home,Living room,Away from window,Lights on,TRUE,FALSE,FALSE,FALSE,
ADID-00AAC11B7B6F,2025-09-22T21:43:07+00:00,2025-09-22T21:43:07Z,2025-09-22T22:01:30Z,1103,Wear,Alone,Light activity,,,Outdoors,Home,,Shade / cloudy,Lights on,TRUE,FALSE,FALSE,FALSE,
ADID-00AAC11B7B6F,2025-09-22T22:01:30+00:00,2025-09-22T22:01:30Z,2025-09-22T23:12:22Z,4252,Non-wear,Alone,,Stationary,,,,,,Lights on,TRUE,FALSE,FALSE,FALSE,
ADID-00AAC11B7B6F,2025-09-22T23:12:22+00:00,2025-09-22T23:12:22Z,2025-09-23T08:17:41Z,32719,Bedtime,Alone,,,Upward,,,,,Lights off,TRUE,FALSE,FALSE,FALSE,Yes
ADID-00AAC11B7B6F,2025-09-23T08:17:41+00:00,2025-09-23T08:17:41Z,2025-09-23T08:46:02Z,1701,Wear,Alone,Light activity,,,Outdoors,Home,,Shade / cloudy,Dim light,TRUE,FALSE,FALSE,FALSE,
ADID-00AAC11B7B6F,2025-09-23T08:46:02+00:00,2025-09-23T08:46:02Z,2025-09-23T08:53:04Z,422,Wear,Alone,Light activity,,,Outdoors,Workplace,,Shade / cloudy,Dim light,TRUE,FALSE,FALSE,FALSE,
ADID-00AAC11B7B6F,2025-09-23T08:53:04+00:00,2025-09-23T08:53:04Z,2025-09-23T12:01:45Z,11321,Wear,Alone,Sedentary,,,Indoors,Workplace,Personal workspace/desk,Away from window,Lights on,FALSE,FALSE,TRUE,FALSE,Yes
ADID-00AAC11B7B6F,2025-09-23T12:01:45+00:00,2025-09-23T12:01:45Z,,,Non-wear,Alone,,Stationary,,,,,,Lights on,TRUE,FALSE,TRUE,FALSE,Yes
ADID-06F944B17851,2025-09-20T23:58:19-04:00,2025-09-21T03:58:19Z,2025-09-21T10:32:07Z,23628,Bedtime,Alone,,,Upward,,,,,Lights off,FALSE,FALSE,FALSE,FALSE,Yes
ADID-06F944B17851,2025-09-21T06:32:07-04:00,2025-09-21T10:32:07Z,2025-09-21T10:49:17Z,1030,Wear,Alone,Light activity,,,Indoors,Other,,Away from window,Lights on,FALSE,FALSE,FALSE,FALSE,Yes
ADID-06F944B17851,2025-09-21T06:49:17-04:00,2025-09-21T10:49:17Z,2025-09-21T10:54:54Z,337,Wear,Alone,Moderate activity,,,Outdoors,Other,,Shade / cloudy,,FALSE,FALSE,FALSE,FALSE,
ADID-06F944B17851,2025-09-21T06:54:54-04:00,2025-09-21T10:54:54Z,2025-09-21T11:25:14Z,1820,Wear,Alone,Sedentary,,,Mixed,Transportation (car/taxi),,Shade / cloudy,,FALSE,FALSE,FALSE,FALSE,No
ADID-06F944B17851,2025-09-21T07:25:14-04:00,2025-09-21T11:25:14Z,2025-09-21T11:43:00Z,1066,Wear,With others,Light activity,,,Mixed,Atrium,,Shade / cloudy,,FALSE,FALSE,FALSE,FALSE,No
ADID-06F944B17851,2025-09-21T07:43:00-04:00,2025-09-21T11:43:00Z,2025-09-21T13:03:17Z,4817,Wear,Alone,Sedentary,,,Mixed,Transportation (car/taxi),,,,FALSE,FALSE,FALSE,FALSE,No
ADID-06F944B17851,2025-09-21T09:03:17-04:00,2025-09-21T13:03:17Z,2025-09-21T13:17:05Z,828,Wear,With others,Light activity,,,Indoors,Home,Kitchen,Near a window,Lights on,FALSE,FALSE,FALSE,FALSE,Partly
ADID-06F944B17851,2025-09-21T09:17:05-04:00,2025-09-21T13:17:05Z,2025-09-21T15:02:04Z,6299,Wear,With others,Sedentary,,,Outdoors,Home,,Shade / cloudy,,FALSE,FALSE,FALSE,FALSE,
ADID-06F944B17851,2025-09-21T11:02:04-04:00,2025-09-21T15:02:04Z,2025-09-21T15:28:25Z,1581,Wear,Alone,Moderate activity,,,Outdoors,Home,,Shade / cloudy,,FALSE,FALSE,FALSE,FALSE,
ADID-06F944B17851,2025-09-21T11:28:25-04:00,2025-09-21T15:28:25Z,2025-09-21T15:46:12Z,1067,Wear,With others,Light activity,,,Indoors,Home,Other,Away from window,Lights on,FALSE,FALSE,FALSE,FALSE,Yes
ADID-06F944B17851,2025-09-21T11:46:12-04:00,2025-09-21T15:46:12Z,2025-09-21T16:00:54Z,882,Wear,With others,Sedentary,,,Mixed,Transportation (car/taxi),,,,FALSE,FALSE,FALSE,FALSE,No
ADID-06F944B17851,2025-09-21T12:00:54-04:00,2025-09-21T16:00:54Z,2025-09-21T16:07:36Z,402,Wear,With others,Light activity,,,Indoors,Commercial,Convenience store/supermarkt,Away from window,,FALSE,FALSE,FALSE,FALSE,No
ADID-06F944B17851,2025-09-21T12:07:36-04:00,2025-09-21T16:07:36Z,2025-09-21T16:14:48Z,432,Wear,With others,Sedentary,,,Mixed,Transportation (car/taxi),,,,FALSE,FALSE,FALSE,FALSE,No
ADID-06F944B17851,2025-09-21T12:14:48-04:00,2025-09-21T16:14:48Z,2025-09-21T16:22:38Z,470,Wear,With others,Light activity,,,Indoors,Commercial,Restaurant/cafeteria/bakery,,,FALSE,FALSE,FALSE,FALSE,No
ADID-06F944B17851,2025-09-21T12:22:38-04:00,2025-09-21T16:22:38Z,2025-09-21T16:51:38Z,1740,Wear,With others,Sedentary,,,Mixed,Transportation (car/taxi),,,,FALSE,FALSE,FALSE,FALSE,No
ADID-06F944B17851,2025-09-21T12:51:38-04:00,2025-09-21T16:51:38Z,2025-09-21T17:15:08Z,1410,Wear,With others,Sedentary,,,Indoors,Home,Kitchen,Near a window,Dim light,TRUE,FALSE,FALSE,FALSE,Yes
ADID-06F944B17851,2025-09-21T13:15:08-04:00,2025-09-21T17:15:08Z,2025-09-21T17:45:16Z,1808,Wear,With others,Light activity,,,Indoors,Home,Other,Near a window,Dim light,FALSE,FALSE,FALSE,FALSE,Yes
ADID-06F944B17851,2025-09-21T13:45:16-04:00,2025-09-21T17:45:16Z,2025-09-21T18:23:28Z,2292,Wear,Alone,Moderate activity,,,Outdoors,Home,,Shade / cloudy,,TRUE,FALSE,FALSE,FALSE,
ADID-06F944B17851,2025-09-21T14:23:28-04:00,2025-09-21T18:23:28Z,2025-09-21T20:24:54Z,7286,Wear,With others,Sedentary,,,Indoors,Home,Living room,Near a window,Dim light,FALSE,FALSE,FALSE,TRUE,Yes
ADID-06F944B17851,2025-09-21T16:24:54-04:00,2025-09-21T20:24:54Z,2025-09-21T20:50:33Z,1539,Wear,With others,High-intensity activity,,,Outdoors,Home,,Shade / cloudy,,FALSE,FALSE,FALSE,FALSE,
ADID-06F944B17851,2025-09-21T16:50:33-04:00,2025-09-21T20:50:33Z,2025-09-21T21:10:01Z,1168,Non-wear,Alone,,Stationary,,,,,,Dim light,FALSE,FALSE,FALSE,FALSE,Yes
ADID-06F944B17851,2025-09-21T17:10:01-04:00,2025-09-21T21:10:01Z,2025-09-21T21:27:40Z,1059,Wear,With others,Light activity,,,Indoors,Home,Kitchen,Near a window,Dim light,FALSE,FALSE,FALSE,FALSE,Yes
ADID-06F944B17851,2025-09-21T17:27:40-04:00,2025-09-21T21:27:40Z,2025-09-21T22:31:49Z,3849,Wear,With others,Sedentary,,,Indoors,Home,Kitchen,Near a window,Dim light,TRUE,FALSE,FALSE,FALSE,Yes
ADID-06F944B17851,2025-09-21T18:31:49-04:00,2025-09-21T22:31:49Z,2025-09-22T02:12:44Z,13255,Wear,With others,Sedentary,,,Indoors,Home,Living room,Near a window,Dim light,TRUE,FALSE,FALSE,TRUE,Yes
ADID-06F944B17851,2025-09-21T22:12:44-04:00,2025-09-22T02:12:44Z,2025-09-22T10:36:23Z,30219,Bedtime,With others,,,Upward,,,,,Lights off,FALSE,FALSE,FALSE,FALSE,Yes
ADID-06F944B17851,2025-09-22T06:36:23-04:00,2025-09-22T10:36:23Z,2025-09-22T12:04:07Z,5264,Wear,With others,Light activity,,,Indoors,Home,Other,Near a window,Dim light,TRUE,FALSE,FALSE,FALSE,Yes
ADID-06F944B17851,2025-09-22T08:04:07-04:00,2025-09-22T12:04:07Z,2025-09-22T15:18:43Z,11676,Wear,Alone,Sedentary,,,Indoors,Home,Home office,Near a window,Lights on,TRUE,FALSE,TRUE,FALSE,Yes
ADID-06F944B17851,2025-09-22T11:18:43-04:00,2025-09-22T15:18:43Z,2025-09-22T16:01:56Z,2593,Wear,Alone,Moderate activity,,,Outdoors,Other,,Shade / cloudy,,FALSE,FALSE,FALSE,FALSE,
ADID-06F944B17851,2025-09-22T12:01:56-04:00,2025-09-22T16:01:56Z,2025-09-22T18:11:52Z,7796,Wear,Alone,Sedentary,,,Indoors,Home,Home office,Near a window,Dim light,TRUE,FALSE,TRUE,FALSE,Yes
ADID-06F944B17851,2025-09-22T14:11:52-04:00,2025-09-22T18:11:52Z,2025-09-22T18:42:09Z,1817,Wear,Alone,Moderate activity,,,Outdoors,Home,,Direct sunlight,,FALSE,FALSE,FALSE,FALSE,
ADID-06F944B17851,2025-09-22T14:42:09-04:00,2025-09-22T18:42:09Z,2025-09-22T20:32:56Z,6647,Wear,Alone,Sedentary,,,Indoors,Home,Home office,Near a window,Dim light,TRUE,FALSE,TRUE,FALSE,Yes
ADID-06F944B17851,2025-09-22T16:32:56-04:00,2025-09-22T20:32:56Z,2025-09-22T20:59:26Z,1590,Non-wear,Alone,,Stationary,,,,,,Dim light,FALSE,FALSE,FALSE,FALSE,Yes
ADID-06F944B17851,2025-09-22T16:59:26-04:00,2025-09-22T20:59:26Z,2025-09-22T21:45:34Z,2768,Wear,With others,Sedentary,,,Indoors,Home,Home office,Near a window,Dim light,TRUE,FALSE,TRUE,FALSE,Yes
ADID-06F944B17851,2025-09-22T17:45:34-04:00,2025-09-22T21:45:34Z,2025-09-22T22:30:16Z,2682,Wear,With others,Sedentary,,,Indoors,Home,Kitchen,Near a window,Dim light,FALSE,FALSE,FALSE,FALSE,Yes
ADID-06F944B17851,2025-09-22T18:30:16-04:00,2025-09-22T22:30:16Z,2025-09-22T23:14:12Z,2636,Wear,With others,Moderate activity,,,Outdoors,Home,,Direct sunlight,,FALSE,FALSE,FALSE,FALSE,
ADID-06F944B17851,2025-09-22T19:14:12-04:00,2025-09-22T23:14:12Z,2025-09-23T02:19:39Z,11127,Wear,With others,Sedentary,,,Indoors,Home,Living room,Away from window,Dim light,TRUE,FALSE,FALSE,TRUE,Yes
ADID-06F944B17851,2025-09-22T22:19:39-04:00,2025-09-23T02:19:39Z,,,Wear,Alone,Light activity,,,Indoors,Home,Other,Away from window,Lights on,FALSE,FALSE,FALSE,FALSE,Yes
ADID-08BEC12EE867,2025-09-21T10:55:39+02:00,2025-09-21T08:55:39Z,2025-09-21T09:27:12Z,1893,Wear,With others,Sedentary,,,Mixed,Transportation (bus or commuter/regional rail),,Direct sunlight,,FALSE,FALSE,FALSE,FALSE,No
ADID-08BEC12EE867,2025-09-21T11:27:12+02:00,2025-09-21T09:27:12Z,2025-09-21T10:45:08Z,4676,Wear,With others,Light activity,,,Outdoors,Leisure,,Direct sunlight,,FALSE,FALSE,FALSE,FALSE,
ADID-08BEC12EE867,2025-09-21T12:45:08+02:00,2025-09-21T10:45:08Z,2025-09-21T11:02:05Z,1017,Wear,With others,Sedentary,,,Mixed,Transportation (bus or commuter/regional rail),,,,FALSE,FALSE,FALSE,FALSE,No
ADID-08BEC12EE867,2025-09-21T13:02:05+02:00,2025-09-21T11:02:05Z,2025-09-21T11:03:13Z,68,Wear,With others,Light activity,,,Outdoors,Leisure,,Direct sunlight,,FALSE,FALSE,FALSE,FALSE,No
ADID-08BEC12EE867,2025-09-21T13:03:13+02:00,2025-09-21T11:03:13Z,2025-09-21T11:27:30Z,1457,Wear,With others,Light activity,,,Indoors,Workplace,Open-plan office area,Near a window,Lights on,FALSE,FALSE,FALSE,FALSE,No
ADID-08BEC12EE867,2025-09-21T13:27:30+02:00,2025-09-21T11:27:30Z,2025-09-21T11:38:33Z,663,Wear,With others,Light activity,,,Outdoors,Leisure,,Direct sunlight,,FALSE,FALSE,FALSE,FALSE,No
ADID-08BEC12EE867,2025-09-21T13:38:33+02:00,2025-09-21T11:38:33Z,2025-09-21T11:42:04Z,211,Wear,With others,Light activity,,,Indoors,Commercial,Convenience store/supermarkt,Near a window,Lights on,FALSE,FALSE,FALSE,FALSE,No
ADID-08BEC12EE867,2025-09-21T13:42:04+02:00,2025-09-21T11:42:04Z,2025-09-21T13:02:42Z,4838,Wear,With others,Light activity,,,Outdoors,Leisure,,Direct sunlight,,FALSE,FALSE,FALSE,FALSE,
ADID-08BEC12EE867,2025-09-21T15:02:42+02:00,2025-09-21T13:02:42Z,2025-09-21T13:14:51Z,729,Wear,With others,Sedentary,,,Mixed,Transportation (bus or commuter/regional rail),,,,FALSE,FALSE,FALSE,FALSE,No
ADID-08BEC12EE867,2025-09-21T15:14:51+02:00,2025-09-21T13:14:51Z,2025-09-21T14:21:32Z,4001,Wear,With others,Moderate activity,,,Outdoors,Leisure,,Direct sunlight,,FALSE,FALSE,FALSE,FALSE,
ADID-08BEC12EE867,2025-09-21T16:21:32+02:00,2025-09-21T14:21:32Z,2025-09-21T14:52:56Z,1884,Wear,With others,Sedentary,,,Mixed,Transportation (bus or commuter/regional rail),,,,FALSE,FALSE,FALSE,FALSE,No
ADID-08BEC12EE867,2025-09-21T16:52:56+02:00,2025-09-21T14:52:56Z,2025-09-21T16:42:13Z,6557,Wear,With others,Light activity,,,Outdoors,Leisure,,Direct sunlight,,FALSE,FALSE,FALSE,FALSE,
ADID-08BEC12EE867,2025-09-21T18:42:13+02:00,2025-09-21T16:42:13Z,2025-09-21T17:28:39Z,2786,Wear,With others,Sedentary,,,Mixed,Transportation (bus or commuter/regional rail),,,,FALSE,FALSE,FALSE,FALSE,No
ADID-08BEC12EE867,2025-09-21T19:28:39+02:00,2025-09-21T17:28:39Z,2025-09-21T17:35:56Z,437,Wear,With others,Light activity,,,Outdoors,Leisure,,Direct sunlight,,FALSE,FALSE,FALSE,FALSE,
ADID-08BEC12EE867,2025-09-21T19:35:56+02:00,2025-09-21T17:35:56Z,2025-09-21T17:45:48Z,592,Wear,With others,Light activity,,,Indoors,Commercial,Convenience store/supermarkt,Away from window,Lights on,FALSE,FALSE,FALSE,FALSE,No
ADID-08BEC12EE867,2025-09-21T19:45:48+02:00,2025-09-21T17:45:48Z,2025-09-21T17:46:30Z,42,Wear,With others,Light activity,,,Outdoors,Commercial,,Shade / cloudy,,FALSE,FALSE,FALSE,FALSE,
ADID-08BEC12EE867,2025-09-21T19:46:30+02:00,2025-09-21T17:46:30Z,2025-09-21T17:56:15Z,585,Wear,With others,Light activity,,,Indoors,Other,,Away from window,Lights on,FALSE,FALSE,FALSE,FALSE,No
ADID-08BEC12EE867,2025-09-21T19:56:15+02:00,2025-09-21T17:56:15Z,2025-09-21T18:03:54Z,459,Wear,With others,Light activity,,,Outdoors,Leisure,,Shade / cloudy,Lights on,FALSE,FALSE,FALSE,FALSE,
ADID-08BEC12EE867,2025-09-21T20:03:54+02:00,2025-09-21T18:03:54Z,2025-09-21T19:42:33Z,5919,Wear,With others,Sedentary,,,Indoors,Commercial,Restaurant/cafeteria/bakery,Away from window,Lights on,FALSE,FALSE,FALSE,FALSE,No
ADID-08BEC12EE867,2025-09-21T21:42:33+02:00,2025-09-21T19:42:33Z,2025-09-21T20:13:22Z,1849,Wear,Alone,Sedentary,,,Indoors,Other,,Away from window,Lights on,FALSE,FALSE,FALSE,FALSE,Partly
ADID-08BEC12EE867,2025-09-21T22:13:22+02:00,2025-09-21T20:13:22Z,2025-09-22T01:31:44Z,19102,Bedtime,Alone,,,Upward,,,,,Lights off,FALSE,FALSE,FALSE,FALSE,Yes
ADID-08BEC12EE867,2025-09-22T03:31:44+02:00,2025-09-22T01:31:44Z,2025-09-22T01:35:02Z,198,Wear,With others,Light activity,,,Outdoors,Leisure,,Direct sunlight,,FALSE,FALSE,FALSE,FALSE,
ADID-08BEC12EE867,2025-09-22T03:35:02+02:00,2025-09-22T01:35:02Z,2025-09-22T02:03:09Z,1687,Wear,With others,Sedentary,,,Mixed,Transportation (bus or commuter/regional rail),,,,FALSE,FALSE,FALSE,FALSE,No
ADID-08BEC12EE867,2025-09-22T04:03:09+02:00,2025-09-22T02:03:09Z,2025-09-22T02:09:53Z,404,Wear,With others,Light activity,,,Indoors,Other,,Near a window,Lights on,FALSE,FALSE,FALSE,FALSE,No
ADID-08BEC12EE867,2025-09-22T04:09:53+02:00,2025-09-22T02:09:53Z,2025-09-22T02:27:55Z,1082,Non-wear,With others,,Dark mobile,,,,,,,FALSE,FALSE,FALSE,FALSE,
ADID-08BEC12EE867,2025-09-22T04:27:55+02:00,2025-09-22T02:27:55Z,2025-09-22T03:36:30Z,4115,Wear,With others,Light activity,,,Indoors,Other,,Away from window,Lights on,FALSE,FALSE,FALSE,FALSE,No
ADID-08BEC12EE867,2025-09-22T05:36:30+02:00,2025-09-22T03:36:30Z,2025-09-22T04:30:26Z,3236,Wear,With others,Sedentary,,,Mixed,Transportation (airplane),,Near a window,Lights on,FALSE,FALSE,FALSE,FALSE,No
ADID-08BEC12EE867,2025-09-22T06:30:26+02:00,2025-09-22T04:30:26Z,2025-09-22T07:14:54Z,9868,Wear,With others,Sedentary,,,Mixed,Transportation (airplane),,Near a window,Lights on,FALSE,FALSE,FALSE,FALSE,No
ADID-08BEC12EE867,2025-09-22T09:14:54+02:00,2025-09-22T07:14:54Z,2025-09-22T07:46:22Z,1888,Wear,With others,Light activity,,,Indoors,Other,,Near a window,Lights on,FALSE,FALSE,FALSE,FALSE,No
ADID-08BEC12EE867,2025-09-22T09:46:22+02:00,2025-09-22T07:46:22Z,2025-09-22T07:50:13Z,231,Wear,With others,Light activity,,,Outdoors,Other,,Direct sunlight,,FALSE,FALSE,FALSE,FALSE,
ADID-08BEC12EE867,2025-09-22T09:50:13+02:00,2025-09-22T07:50:13Z,2025-09-22T08:27:19Z,2226,Wear,With others,Sedentary,,,Mixed,Transportation (car/taxi),,Near a window,,FALSE,FALSE,FALSE,FALSE,
ADID-08BEC12EE867,2025-09-22T10:27:19+02:00,2025-09-22T08:27:19Z,2025-09-22T10:21:12Z,6833,Wear,Alone,Sedentary,,,Indoors,Home,Other,Near a window,,FALSE,FALSE,FALSE,FALSE,
ADID-08BEC12EE867,2025-09-22T12:21:12+02:00,2025-09-22T10:21:12Z,2025-09-22T10:56:21Z,2109,Non-wear,Alone,,Stationary,,,,,,,FALSE,FALSE,FALSE,FALSE,
ADID-08BEC12EE867,2025-09-22T12:56:21+02:00,2025-09-22T10:56:21Z,2025-09-22T11:09:06Z,765,Wear,Alone,Sedentary,,,Mixed,Transportation (car/taxi),,,,FALSE,FALSE,FALSE,FALSE,No
ADID-08BEC12EE867,2025-09-22T13:09:06+02:00,2025-09-22T11:09:06Z,2025-09-22T12:07:11Z,3485,Wear,With others,Sedentary,,,Indoors,Workplace,Conference/meeting room,Away from window,Lights on,FALSE,FALSE,FALSE,FALSE,No
ADID-08BEC12EE867,2025-09-22T14:07:11+02:00,2025-09-22T12:07:11Z,2025-09-22T12:28:23Z,1272,Wear,Alone,Sedentary,,,Mixed,Transportation (car/taxi),,,,FALSE,FALSE,FALSE,FALSE,No
ADID-08BEC12EE867,2025-09-22T14:28:23+02:00,2025-09-22T12:28:23Z,2025-09-22T13:13:18Z,2695,Non-wear,With others,,Dark mobile,,,,,,,FALSE,FALSE,FALSE,FALSE,
ADID-08BEC12EE867,2025-09-22T15:13:18+02:00,2025-09-22T13:13:18Z,2025-09-22T13:40:30Z,1632,Wear,Alone,Sedentary,,,Mixed,Transportation (car/taxi),,,,FALSE,FALSE,FALSE,FALSE,
ADID-08BEC12EE867,2025-09-22T15:40:30+02:00,2025-09-22T13:40:30Z,2025-09-22T15:15:55Z,5725,Wear,Alone,Light activity,,,Indoors,Home,Kitchen,Near a window,Lights on,FALSE,FALSE,FALSE,FALSE,Yes
ADID-08BEC12EE867,2025-09-22T17:15:55+02:00,2025-09-22T15:15:55Z,2025-09-22T16:41:49Z,5154,Non-wear,Alone,,Stationary,,,,,,,FALSE,FALSE,FALSE,FALSE,
ADID-08BEC12EE867,2025-09-22T18:41:49+02:00,2025-09-22T16:41:49Z,2025-09-22T20:38:24Z,14195,Wear,Alone,Sedentary,,,Indoors,Home,Home office,Near a window,Lights on,FALSE,FALSE,TRUE,FALSE,Yes
ADID-08BEC12EE867,2025-09-22T22:38:24+02:00,2025-09-22T20:38:24Z,2025-09-22T20:42:02Z,218,Wear,Alone,Light activity,,,Indoors,Home,Bathroom,,Lights on,FALSE,FALSE,FALSE,FALSE,Yes
ADID-08BEC12EE867,2025-09-22T22:42:02+02:00,2025-09-22T20:42:02Z,2025-09-23T05:12:11Z,30609,Bedtime,Alone,,,Upward,,,,,Lights off,FALSE,FALSE,FALSE,FALSE,
ADID-08BEC12EE867,2025-09-23T07:12:11+02:00,2025-09-23T05:12:11Z,2025-09-23T05:56:04Z,2633,Wear,Alone,Light activity,,,Indoors,Home,Kitchen,Near a window,Lights on,FALSE,FALSE,FALSE,FALSE,Yes
ADID-08BEC12EE867,2025-09-23T07:56:04+02:00,2025-09-23T05:56:04Z,2025-09-23T08:07:33Z,7889,Non-wear,Alone,,Stationary,,,,,,,FALSE,FALSE,FALSE,FALSE,
ADID-08BEC12EE867,2025-09-23T10:07:33+02:00,2025-09-23T08:07:33Z,2025-09-23T12:32:27Z,15894,Wear,Alone,Sedentary,,,Indoors,Home,Home office,Near a window,Lights on,FALSE,FALSE,TRUE,FALSE,Yes
ADID-08BEC12EE867,2025-09-23T14:32:27+02:00,2025-09-23T12:32:27Z,,,Non-wear,Alone,,Other,,,,,,,FALSE,FALSE,FALSE,FALSE,
ADID-0B2857D3F9E9,2025-09-20T10:15:24-05:00,2025-09-20T15:15:24Z,2025-09-21T12:50:03Z,77679,Wear,Alone,Sedentary,,,Indoors,Home,Living room,Near a window,Lights on,FALSE,FALSE,TRUE,FALSE,Yes
ADID-0B2857D3F9E9,2025-09-21T07:50:03-05:00,2025-09-21T12:50:03Z,2025-09-21T12:57:10Z,427,Wear,Alone,Light activity,,,Indoors,Home,Living room,Near a window,Dim light,FALSE,FALSE,FALSE,TRUE,Partly
ADID-0B2857D3F9E9,2025-09-21T07:57:10-05:00,2025-09-21T12:57:10Z,2025-09-21T13:18:09Z,1259,Wear,Alone,Light activity,,,Outdoors,Home,,Shade / cloudy,Dim light,FALSE,FALSE,FALSE,FALSE,Partly
ADID-0B2857D3F9E9,2025-09-21T08:18:09-05:00,2025-09-21T13:18:09Z,2025-09-21T13:22:14Z,245,Wear,Alone,Light activity,,,Outdoors,Home,,Shade / cloudy,Lights off,FALSE,FALSE,FALSE,FALSE,No
ADID-0B2857D3F9E9,2025-09-21T08:22:14-05:00,2025-09-21T13:22:14Z,2025-09-21T13:53:21Z,1867,Wear,Alone,Light activity,,,Indoors,Home,Bathroom,Near a window,Lights on,FALSE,FALSE,FALSE,FALSE,Yes
ADID-0B2857D3F9E9,2025-09-21T08:53:21-05:00,2025-09-21T13:53:21Z,2025-09-21T13:59:11Z,350,Wear,Alone,Sedentary,,,Indoors,Home,Living room,Near a window,Dim light,FALSE,FALSE,FALSE,TRUE,Yes
ADID-0B2857D3F9E9,2025-09-21T08:59:11-05:00,2025-09-21T13:59:11Z,2025-09-21T14:00:10Z,59,Wear,Alone,Light activity,,,Indoors,Home,Bathroom,Near a window,Lights on,FALSE,FALSE,FALSE,FALSE,Yes
ADID-0B2857D3F9E9,2025-09-21T09:00:10-05:00,2025-09-21T14:00:10Z,2025-09-21T15:54:11Z,6841,Wear,Alone,Sedentary,,,Indoors,Home,Living room,Near a window,Dim light,FALSE,FALSE,FALSE,TRUE,Yes
ADID-0B2857D3F9E9,2025-09-21T10:54:11-05:00,2025-09-21T15:54:11Z,2025-09-21T15:54:53Z,42,Wear,Alone,Light activity,,,Indoors,Home,Bathroom,Near a window,Lights on,FALSE,FALSE,FALSE,FALSE,Yes
ADID-0B2857D3F9E9,2025-09-21T10:54:53-05:00,2025-09-21T15:54:53Z,2025-09-21T16:00:47Z,354,Wear,Alone,Sedentary,,,Indoors,Home,Living room,Near a window,Dim light,FALSE,FALSE,FALSE,TRUE,Yes
ADID-0B2857D3F9E9,2025-09-21T11:00:47-05:00,2025-09-21T16:00:47Z,2025-09-21T16:48:39Z,2872,Wear,Alone,Moderate activity,,,Indoors,Home,Bedroom,Near a window,Lights on,FALSE,FALSE,FALSE,FALSE,Yes
ADID-0B2857D3F9E9,2025-09-21T11:48:39-05:00,2025-09-21T16:48:39Z,2025-09-21T16:50:24Z,105,Wear,Alone,Moderate activity,,,Indoors,Home,Bedroom,Near a window,Lights on,FALSE,FALSE,FALSE,FALSE,Yes
ADID-0B2857D3F9E9,2025-09-21T11:50:24-05:00,2025-09-21T16:50:24Z,2025-09-21T17:50:03Z,3579,Wear,Alone,Sedentary,,,Indoors,Home,Living room,Near a window,Dim light,FALSE,FALSE,FALSE,TRUE,Yes
ADID-0B2857D3F9E9,2025-09-21T12:50:03-05:00,2025-09-21T17:50:03Z,2025-09-21T17:50:55Z,52,Wear,Alone,Light activity,,,Outdoors,Home,,Direct sunlight,,FALSE,FALSE,FALSE,FALSE,
ADID-0B2857D3F9E9,2025-09-21T12:50:55-05:00,2025-09-21T17:50:55Z,2025-09-21T18:42:33Z,3098,Wear,Alone,Light activity,,,Indoors,Home,Kitchen,Near a window,,FALSE,FALSE,FALSE,FALSE,Yes
ADID-0B2857D3F9E9,2025-09-21T13:42:33-05:00,2025-09-21T18:42:33Z,2025-09-21T19:14:47Z,1934,Wear,Alone,Light activity,,,Indoors,Home,Kitchen,Near a window,Lights on,FALSE,FALSE,FALSE,FALSE,Partly
ADID-0B2857D3F9E9,2025-09-21T14:14:47-05:00,2025-09-21T19:14:47Z,2025-09-21T19:42:52Z,1685,Wear,Alone,Light activity,,,Indoors,Home,Bathroom,Near a window,Dim light,FALSE,FALSE,FALSE,FALSE,Yes
ADID-0B2857D3F9E9,2025-09-21T14:42:52-05:00,2025-09-21T19:42:52Z,2025-09-21T20:31:33Z,2921,Wear,Alone,Light activity,,,Indoors,Home,Kitchen,Near a window,Lights on,FALSE,FALSE,FALSE,FALSE,Yes
ADID-0B2857D3F9E9,2025-09-21T15:31:33-05:00,2025-09-21T20:31:33Z,2025-09-21T21:43:59Z,4346,Wear,Alone,Light activity,,,Indoors,Home,Kitchen,Near a window,Lights on,FALSE,FALSE,FALSE,FALSE,Yes
ADID-0B2857D3F9E9,2025-09-21T16:43:59-05:00,2025-09-21T21:43:59Z,2025-09-21T22:14:25Z,1826,Wear,Alone,Light activity,,,Indoors,Home,Kitchen,Near a window,Lights on,FALSE,FALSE,FALSE,FALSE,Yes
ADID-0B2857D3F9E9,2025-09-21T17:14:25-05:00,2025-09-21T22:14:25Z,2025-09-21T23:09:12Z,3287,Wear,Alone,Light activity,,,Indoors,Home,Kitchen,Near a window,Lights on,FALSE,FALSE,FALSE,FALSE,Yes
ADID-0B2857D3F9E9,2025-09-21T18:09:12-05:00,2025-09-21T23:09:12Z,2025-09-21T23:09:49Z,37,Wear,Alone,Light activity,,,Indoors,Home,Bathroom,Near a window,Lights on,FALSE,FALSE,FALSE,FALSE,Yes
ADID-0B2857D3F9E9,2025-09-21T18:09:49-05:00,2025-09-21T23:09:49Z,2025-09-21T23:22:47Z,778,Wear,Alone,Light activity,,,Indoors,Home,Kitchen,Near a window,Lights on,FALSE,FALSE,FALSE,TRUE,Yes
ADID-0B2857D3F9E9,2025-09-21T18:22:47-05:00,2025-09-21T23:22:47Z,2025-09-21T23:44:35Z,1308,Wear,Alone,Light activity,,,Outdoors,Home,,Shade / cloudy,,FALSE,FALSE,FALSE,FALSE,
ADID-0B2857D3F9E9,2025-09-21T18:44:35-05:00,2025-09-21T23:44:35Z,2025-09-22T00:48:42Z,3847,Wear,Alone,Light activity,,,Outdoors,Home,,Shade / cloudy,,FALSE,FALSE,FALSE,FALSE,
ADID-0B2857D3F9E9,2025-09-21T19:48:42-05:00,2025-09-22T00:48:42Z,2025-09-22T00:54:58Z,376,Wear,Alone,Light activity,,,Indoors,Home,Kitchen,Away from window,Lights on,FALSE,FALSE,FALSE,FALSE,Yes
ADID-0B2857D3F9E9,2025-09-21T19:54:58-05:00,2025-09-22T00:54:58Z,2025-09-22T00:58:39Z,221,Wear,Alone,Light activity,,,Indoors,Home,Bedroom,Away from window,Lights on,FALSE,FALSE,FALSE,FALSE,Yes
ADID-0B2857D3F9E9,2025-09-21T19:58:39-05:00,2025-09-22T00:58:39Z,2025-09-22T01:21:00Z,1341,Wear,Alone,Light activity,,,Outdoors,Home,,Shade / cloudy,Lights on,FALSE,FALSE,FALSE,FALSE,
ADID-0B2857D3F9E9,2025-09-21T20:21:00-05:00,2025-09-22T01:21:00Z,2025-09-22T01:22:01Z,61,Wear,Alone,Sedentary,,,Indoors,Home,Bathroom,Away from window,Lights on,FALSE,FALSE,FALSE,FALSE,Yes
ADID-0B2857D3F9E9,2025-09-21T20:22:01-05:00,2025-09-22T01:22:01Z,2025-09-22T12:09:06Z,38825,Wear,Alone,Sedentary,,,Indoors,Home,Bedroom,Away from window,Dim light,FALSE,FALSE,FALSE,TRUE,Yes
ADID-0B2857D3F9E9,2025-09-22T07:09:06-05:00,2025-09-22T12:09:06Z,2025-09-22T12:11:20Z,134,Bedtime,Alone,,,Upward,,,,,Lights off,FALSE,FALSE,FALSE,TRUE,Partly
ADID-0B2857D3F9E9,2025-09-22T07:11:20-05:00,2025-09-22T12:11:20Z,2025-09-22T12:16:54Z,334,Wear,Alone,Light activity,,,Indoors,Home,Bedroom,Away from window,Lights off,FALSE,FALSE,FALSE,TRUE,Partly
ADID-0B2857D3F9E9,2025-09-22T07:16:54-05:00,2025-09-22T12:16:54Z,2025-09-22T12:25:11Z,497,Wear,Alone,Light activity,,,Outdoors,Home,,Shade / cloudy,,FALSE,FALSE,FALSE,FALSE,
ADID-0B2857D3F9E9,2025-09-22T07:25:11-05:00,2025-09-22T12:25:11Z,2025-09-22T12:25:55Z,44,Wear,Alone,Light activity,,,Outdoors,Home,,Shade / cloudy,,FALSE,FALSE,FALSE,FALSE,
ADID-0B2857D3F9E9,2025-09-22T07:25:55-05:00,2025-09-22T12:25:55Z,2025-09-22T12:58:32Z,1957,Wear,Alone,Sedentary,,,Indoors,Home,Living room,Near a window,Dim light,FALSE,FALSE,FALSE,TRUE,Yes
ADID-0B2857D3F9E9,2025-09-22T07:58:32-05:00,2025-09-22T12:58:32Z,2025-09-22T13:48:13Z,2981,Wear,Alone,Light activity,,,Indoors,Home,Kitchen,Near a window,Dim light,FALSE,FALSE,FALSE,TRUE,Partly
ADID-0B2857D3F9E9,2025-09-22T08:48:13-05:00,2025-09-22T13:48:13Z,2025-09-22T14:16:29Z,1696,Wear,Alone,Light activity,,,Indoors,Home,Kitchen,Near a window,Dim light,FALSE,FALSE,FALSE,FALSE,Yes
ADID-0B2857D3F9E9,2025-09-22T09:16:29-05:00,2025-09-22T14:16:29Z,2025-09-22T15:48:34Z,5525,Wear,Alone,Light activity,,,Indoors,Home,Kitchen,Near a window,Dim light,FALSE,FALSE,FALSE,FALSE,Yes
ADID-0B2857D3F9E9,2025-09-22T10:48:34-05:00,2025-09-22T15:48:34Z,2025-09-22T17:57:22Z,7728,Wear,Alone,Light activity,,,Outdoors,Home,,Direct sunlight,,FALSE,FALSE,FALSE,FALSE,
ADID-0B2857D3F9E9,2025-09-22T12:57:22-05:00,2025-09-22T17:57:22Z,2025-09-22T17:58:44Z,82,Wear,Alone,Light activity,,,Indoors,Home,Bathroom,Near a window,Dim light,FALSE,FALSE,FALSE,FALSE,Yes
ADID-0B2857D3F9E9,2025-09-22T12:58:44-05:00,2025-09-22T17:58:44Z,2025-09-22T18:00:06Z,82,Wear,Alone,Light activity,,,Outdoors,Home,,Direct sunlight,,FALSE,FALSE,FALSE,FALSE,
ADID-0B2857D3F9E9,2025-09-22T13:00:06-05:00,2025-09-22T18:00:06Z,2025-09-22T18:00:50Z,44,Wear,Alone,Light activity,,,Indoors,Home,Kitchen,Near a window,Dim light,FALSE,FALSE,FALSE,FALSE,Yes
ADID-0B2857D3F9E9,2025-09-22T13:00:50-05:00,2025-09-22T18:00:50Z,2025-09-22T19:03:44Z,3774,Wear,Alone,Sedentary,,,Indoors,Home,Living room,Near a window,Dim light,FALSE,FALSE,TRUE,TRUE,Yes
ADID-0B2857D3F9E9,2025-09-22T14:03:44-05:00,2025-09-22T19:03:44Z,2025-09-22T19:04:30Z,46,Wear,Alone,Light activity,,,Indoors,Home,Kitchen,Near a window,Dim light,FALSE,FALSE,FALSE,FALSE,Yes
ADID-0B2857D3F9E9,2025-09-22T14:04:30-05:00,2025-09-22T19:04:30Z,2025-09-22T20:03:18Z,3528,Wear,Alone,Sedentary,,,Indoors,Home,Living room,Near a window,Dim light,FALSE,FALSE,TRUE,TRUE,Yes
ADID-0B2857D3F9E9,2025-09-22T15:03:18-05:00,2025-09-22T20:03:18Z,2025-09-22T20:03:57Z,39,Wear,Alone,Light activity,,,Outdoors,Home,,Direct sunlight,,FALSE,FALSE,FALSE,FALSE,
ADID-0B2857D3F9E9,2025-09-22T15:03:57-05:00,2025-09-22T20:03:57Z,2025-09-22T22:52:18Z,10101,Wear,Alone,Sedentary,,,Indoors,Home,Living room,Near a window,Dim light,FALSE,FALSE,TRUE,TRUE,Yes
ADID-0B2857D3F9E9,2025-09-22T17:52:18-05:00,2025-09-22T22:52:18Z,2025-09-22T22:52:48Z,30,Wear,Alone,Light activity,,,Indoors,Home,Bathroom,Near a window,Dim light,FALSE,FALSE,FALSE,FALSE,Yes
ADID-0B2857D3F9E9,2025-09-22T17:52:48-05:00,2025-09-22T22:52:48Z,2025-09-22T22:53:38Z,50,Wear,Alone,Light activity,,,Indoors,Home,Kitchen,Near a window,Dim light,FALSE,FALSE,FALSE,FALSE,Yes
ADID-0B2857D3F9E9,2025-09-22T17:53:38-05:00,2025-09-22T22:53:38Z,2025-09-22T23:31:57Z,2299,Wear,Alone,Sedentary,,,Indoors,Home,Living room,Near a window,Dim light,FALSE,FALSE,FALSE,TRUE,Yes
ADID-0B2857D3F9E9,2025-09-22T18:31:57-05:00,2025-09-22T23:31:57Z,2025-09-22T23:32:51Z,54,Wear,Alone,Light activity,,,Outdoors,Home,,Shade / cloudy,,FALSE,FALSE,FALSE,FALSE,
ADID-0B2857D3F9E9,2025-09-22T18:32:51-05:00,2025-09-22T23:32:51Z,2025-09-23T00:23:06Z,3015,Wear,Alone,Sedentary,,,Indoors,Home,Living room,Near a window,Dim light,FALSE,FALSE,FALSE,TRUE,Yes
ADID-0B2857D3F9E9,2025-09-22T19:23:06-05:00,2025-09-23T00:23:06Z,2025-09-23T00:24:36Z,90,Wear,Alone,Light activity,,,Indoors,Home,Kitchen,Near a window,Dim light,FALSE,FALSE,FALSE,FALSE,Yes
ADID-0B2857D3F9E9,2025-09-22T19:24:36-05:00,2025-09-23T00:24:36Z,2025-09-23T01:05:53Z,2477,Wear,Alone,Sedentary,,,Indoors,Home,Living room,Away from window,Dim light,FALSE,FALSE,FALSE,TRUE,Yes
ADID-0B2857D3F9E9,2025-09-22T20:05:53-05:00,2025-09-23T01:05:53Z,2025-09-23T01:06:49Z,56,Wear,Alone,Light activity,,,Indoors,Home,Bedroom,Away from window,Dim light,FALSE,FALSE,FALSE,FALSE,Yes
ADID-0B2857D3F9E9,2025-09-22T20:06:49-05:00,2025-09-23T01:06:49Z,2025-09-23T01:08:26Z,97,Wear,Alone,Light activity,,,Outdoors,Home,,Shade / cloudy,Lights off,FALSE,FALSE,FALSE,FALSE,
ADID-0B2857D3F9E9,2025-09-22T20:08:26-05:00,2025-09-23T01:08:26Z,2025-09-23T01:09:11Z,45,Wear,Alone,Light activity,,,Indoors,Home,Bathroom,Away from window,Lights on,FALSE,FALSE,FALSE,FALSE,Yes
ADID-0B2857D3F9E9,2025-09-22T20:09:11-05:00,2025-09-23T01:09:11Z,,,Bedtime,Alone,,,Downward,,,,,,FALSE,FALSE,FALSE,FALSE,Yes
ADID-0E79F360D3E6,2025-09-21T10:47:28+02:00,2025-09-21T08:47:28Z,2025-09-21T10:11:11Z,5023,Wear,Alone,Sedentary,,,Indoors,Home,Home office,Near a window,,FALSE,FALSE,TRUE,FALSE,
ADID-0E79F360D3E6,2025-09-21T12:11:11+02:00,2025-09-21T10:11:11Z,2025-09-21T11:26:24Z,4513,Wear,With others,Light activity,,,Indoors,Home,Kitchen,Near a window,,FALSE,FALSE,FALSE,FALSE,Yes
ADID-0E79F360D3E6,2025-09-21T13:26:24+02:00,2025-09-21T11:26:24Z,2025-09-21T11:28:36Z,132,Wear,Alone,Light activity,,,Indoors,Home,Bathroom,Near a window,Lights on,FALSE,FALSE,FALSE,FALSE,Yes
ADID-0E79F360D3E6,2025-09-21T13:28:36+02:00,2025-09-21T11:28:36Z,2025-09-21T13:45:40Z,8224,Wear,With others,Sedentary,,,Indoors,Home,Home office,Near a window,,FALSE,FALSE,TRUE,FALSE,Yes
ADID-0E79F360D3E6,2025-09-21T15:45:40+02:00,2025-09-21T13:45:40Z,2025-09-21T16:01:43Z,8163,Wear,With others,Light activity,,,Indoors,Home,Kitchen,Near a window,Lights on,FALSE,FALSE,FALSE,FALSE,Yes
ADID-0E79F360D3E6,2025-09-21T18:01:43+02:00,2025-09-21T16:01:43Z,2025-09-21T19:47:25Z,13542,Wear,With others,Sedentary,,,Indoors,Home,Living room,Near a window,Lights on,FALSE,FALSE,FALSE,FALSE,Yes
ADID-0E79F360D3E6,2025-09-21T21:47:25+02:00,2025-09-21T19:47:25Z,2025-09-22T05:00:03Z,33158,Bedtime,With others,,,Downward,,,,,Lights off,FALSE,FALSE,FALSE,FALSE,Yes
ADID-0E79F360D3E6,2025-09-22T07:00:03+02:00,2025-09-22T05:00:03Z,2025-09-22T05:28:45Z,1722,Non-wear,Alone,,Dark stationary,,,,,,Lights on,FALSE,FALSE,FALSE,FALSE,Yes
ADID-0E79F360D3E6,2025-09-22T07:28:45+02:00,2025-09-22T05:28:45Z,2025-09-22T05:55:39Z,1614,Wear,With others,Light activity,,,Indoors,Home,Living room,Near a window,Lights on,FALSE,FALSE,FALSE,FALSE,Yes
ADID-0E79F360D3E6,2025-09-22T07:55:39+02:00,2025-09-22T05:55:39Z,2025-09-22T06:05:54Z,615,Wear,Alone,Light activity,,,Outdoors,Other,,Direct sunlight,,FALSE,FALSE,FALSE,FALSE,
ADID-0E79F360D3E6,2025-09-22T08:05:54+02:00,2025-09-22T06:05:54Z,2025-09-22T15:35:00Z,34146,Wear,Alone,Sedentary,,,Indoors,Workplace,Personal workspace/desk,Near a window,Lights on,TRUE,FALSE,TRUE,FALSE,No
ADID-0E79F360D3E6,2025-09-22T17:35:00+02:00,2025-09-22T15:35:00Z,2025-09-22T15:40:59Z,359,Wear,Alone,Light activity,,,Outdoors,Other,,Direct sunlight,,FALSE,FALSE,FALSE,FALSE,
ADID-0E79F360D3E6,2025-09-22T17:40:59+02:00,2025-09-22T15:40:59Z,2025-09-22T17:00:26Z,4767,Wear,Alone,Light activity,,,Indoors,Home,Living room,Near a window,,FALSE,FALSE,FALSE,FALSE,Yes
ADID-0E79F360D3E6,2025-09-22T19:00:26+02:00,2025-09-22T17:00:26Z,2025-09-22T18:05:43Z,3917,Wear,Alone,Sedentary,,,Indoors,Home,Home office,Near a window,Lights on,TRUE,FALSE,TRUE,FALSE,Yes
ADID-0E79F360D3E6,2025-09-22T20:05:43+02:00,2025-09-22T18:05:43Z,2025-09-22T19:27:30Z,4907,Wear,With others,Light activity,,,Outdoors,Other,,Shade / cloudy,,FALSE,FALSE,FALSE,FALSE,
ADID-0E79F360D3E6,2025-09-22T21:27:30+02:00,2025-09-22T19:27:30Z,2025-09-23T04:24:07Z,32197,Bedtime,With others,,,Downward,,,,,Lights off,FALSE,FALSE,FALSE,FALSE,Yes
ADID-0E79F360D3E6,2025-09-23T06:24:07+02:00,2025-09-23T04:24:07Z,2025-09-23T04:49:53Z,1546,Non-wear,Alone,,Dark stationary,,,,,,Lights on,FALSE,FALSE,FALSE,FALSE,Yes
ADID-0E79F360D3E6,2025-09-23T06:49:53+02:00,2025-09-23T04:49:53Z,2025-09-23T05:50:03Z,3610,Wear,With others,Sedentary,,,Indoors,Home,Living room,Near a window,Lights on,FALSE,FALSE,TRUE,FALSE,Yes
ADID-0E79F360D3E6,2025-09-23T07:50:03+02:00,2025-09-23T05:50:03Z,2025-09-23T08:51:23Z,10880,Wear,Alone,Sedentary,,,Indoors,Workplace,Personal workspace/desk,Near a window,Lights on,TRUE,FALSE,TRUE,FALSE,Partly
ADID-0E79F360D3E6,2025-09-23T10:51:23+02:00,2025-09-23T08:51:23Z,2025-09-23T08:57:50Z,387,Wear,Alone,Light activity,,,Outdoors,Other,,Direct sunlight,,FALSE,FALSE,FALSE,FALSE,
ADID-0E79F360D3E6,2025-09-23T10:57:50+02:00,2025-09-23T08:57:50Z,2025-09-23T10:44:03Z,6373,Wear,With others,Sedentary,,,Indoors,Workplace,Open-plan office area,Near a window,Lights on,TRUE,FALSE,FALSE,FALSE,No
ADID-0E79F360D3E6,2025-09-23T12:44:03+02:00,2025-09-23T10:44:03Z,2025-09-23T10:47:30Z,207,Wear,Alone,Light activity,,,Outdoors,Other,,Shade / cloudy,,FALSE,FALSE,FALSE,FALSE,No
ADID-0E79F360D3E6,2025-09-23T12:47:30+02:00,2025-09-23T10:47:30Z,2025-09-23T12:21:53Z,5663,Wear,Alone,Sedentary,,,Indoors,Workplace,Personal workspace/desk,Near a window,,TRUE,TRUE,TRUE,FALSE,Partly
ADID-0E79F360D3E6,2025-09-23T14:21:53+02:00,2025-09-23T12:21:53Z,,,Non-wear,Alone,,Dark mobile,,,,,,,FALSE,FALSE,FALSE,FALSE,
ADID-1448532FFC9A,2025-09-21T12:03:31+02:00,2025-09-21T10:03:31Z,2025-09-21T10:17:40Z,849,Wear,Alone,Sedentary,,,Indoors,Home,Living room,Near a window,Lights on,TRUE,FALSE,FALSE,FALSE,
ADID-1448532FFC9A,2025-09-21T12:17:40+02:00,2025-09-21T10:17:40Z,2025-09-21T10:29:48Z,728,Wear,Alone,Light activity,,,Indoors,Home,Parking garage,Away from window,Dim light,TRUE,FALSE,FALSE,FALSE,
ADID-1448532FFC9A,2025-09-21T12:29:48+02:00,2025-09-21T10:29:48Z,2025-09-21T10:53:57Z,1449,Wear,Alone,Sedentary,,,Mixed,Transportation (car/taxi),,Near a window,Lights on,TRUE,FALSE,FALSE,FALSE,No
ADID-1448532FFC9A,2025-09-21T12:53:57+02:00,2025-09-21T10:53:57Z,2025-09-21T17:22:08Z,23291,Wear,Alone,Light activity,,,Outdoors,Leisure,,Direct sunlight,Lights on,TRUE,FALSE,FALSE,FALSE,
ADID-1448532FFC9A,2025-09-21T19:22:08+02:00,2025-09-21T17:22:08Z,2025-09-21T17:58:08Z,2160,Wear,Alone,Sedentary,,,Mixed,Transportation (car/taxi),,Near a window,Lights on,TRUE,FALSE,FALSE,FALSE,No
ADID-1448532FFC9A,2025-09-21T19:58:08+02:00,2025-09-21T17:58:08Z,2025-09-21T18:03:28Z,320,Wear,Alone,Sedentary,,,Mixed,Transportation (car/taxi),,Away from window,Lights on,TRUE,FALSE,FALSE,FALSE,
ADID-1448532FFC9A,2025-09-21T20:03:28+02:00,2025-09-21T18:03:28Z,2025-09-21T19:14:28Z,4260,Wear,Alone,Sedentary,,,Indoors,Home,Living room,Away from window,Dim light,TRUE,FALSE,FALSE,FALSE,
ADID-1448532FFC9A,2025-09-21T21:14:28+02:00,2025-09-21T19:14:28Z,2025-09-22T05:09:19Z,35691,Non-wear,Alone,,Dark mobile,,,,,,Lights on,TRUE,FALSE,FALSE,FALSE,
ADID-1448532FFC9A,2025-09-22T07:09:19+02:00,2025-09-22T05:09:19Z,2025-09-22T05:50:44Z,2485,Wear,Alone,Light activity,,,Indoors,Home,Living room,Away from window,Lights on,TRUE,FALSE,FALSE,FALSE,Yes
ADID-1448532FFC9A,2025-09-22T07:50:44+02:00,2025-09-22T05:50:44Z,2025-09-22T05:53:50Z,186,Wear,Alone,Sedentary,,,Mixed,Transportation (car/taxi),,Direct sunlight,Lights off,TRUE,FALSE,FALSE,FALSE,
ADID-1448532FFC9A,2025-09-22T07:53:50+02:00,2025-09-22T05:53:50Z,2025-09-22T06:03:35Z,585,Wear,Alone,Light activity,,,Outdoors,Other,,Direct sunlight,Lights off,TRUE,FALSE,FALSE,FALSE,
ADID-1448532FFC9A,2025-09-22T08:03:35+02:00,2025-09-22T06:03:35Z,2025-09-22T06:29:49Z,1574,Wear,Alone,Sedentary,,,Mixed,Transportation (long-distance train),,Shade / cloudy,Lights on,TRUE,FALSE,FALSE,FALSE,No
ADID-1448532FFC9A,2025-09-22T08:29:49+02:00,2025-09-22T06:29:49Z,2025-09-22T06:33:42Z,233,Wear,Alone,Light activity,,,Mixed,Semi-open corridor/gallery,,Near a window,Lights on,TRUE,FALSE,FALSE,FALSE,No
ADID-1448532FFC9A,2025-09-22T08:33:42+02:00,2025-09-22T06:33:42Z,2025-09-22T06:44:39Z,657,Wear,Alone,Sedentary,,,Mixed,"Transportation (underground, subway)",,Near a window,Lights on,TRUE,FALSE,FALSE,FALSE,No
ADID-1448532FFC9A,2025-09-22T08:44:39+02:00,2025-09-22T06:44:39Z,2025-09-22T06:59:10Z,871,Wear,Alone,Light activity,,,Mixed,Transportation (long-distance train),,Near a window,Lights on,TRUE,FALSE,FALSE,FALSE,No
ADID-1448532FFC9A,2025-09-22T08:59:10+02:00,2025-09-22T06:59:10Z,2025-09-22T07:06:51Z,461,Wear,Alone,Light activity,,,Outdoors,Workplace,,Direct sunlight,Lights off,TRUE,FALSE,FALSE,FALSE,
ADID-1448532FFC9A,2025-09-22T09:06:51+02:00,2025-09-22T07:06:51Z,2025-09-22T08:29:18Z,4947,Wear,Alone,Light activity,,,Indoors,Workplace,Open-plan office area,Near a window,Lights on,TRUE,FALSE,FALSE,FALSE,No
ADID-1448532FFC9A,2025-09-22T10:29:18+02:00,2025-09-22T08:29:18Z,2025-09-22T08:34:01Z,283,Wear,Alone,Light activity,,,Outdoors,Workplace,,Direct sunlight,Lights off,TRUE,FALSE,FALSE,FALSE,
ADID-1448532FFC9A,2025-09-22T10:34:01+02:00,2025-09-22T08:34:01Z,2025-09-22T09:43:59Z,4198,Wear,Alone,Sedentary,,,Indoors,Workplace,Personal workspace/desk,Near a window,Lights on,TRUE,FALSE,FALSE,FALSE,Partly
ADID-1448532FFC9A,2025-09-22T11:43:59+02:00,2025-09-22T09:43:59Z,2025-09-22T10:35:31Z,3092,Wear,Alone,Light activity,,,Outdoors,Workplace,,Direct sunlight,Lights off,TRUE,FALSE,FALSE,FALSE,
ADID-1448532FFC9A,2025-09-22T12:35:31+02:00,2025-09-22T10:35:31Z,2025-09-22T12:12:07Z,5796,Wear,Alone,Sedentary,,,Indoors,Other,,Near a window,Lights on,TRUE,FALSE,FALSE,FALSE,No
ADID-1448532FFC9A,2025-09-22T14:12:07+02:00,2025-09-22T12:12:07Z,2025-09-22T12:29:00Z,1013,Wear,Alone,Light activity,,,Outdoors,Workplace,,Direct sunlight,Lights off,TRUE,FALSE,FALSE,FALSE,
ADID-1448532FFC9A,2025-09-22T14:29:00+02:00,2025-09-22T12:29:00Z,2025-09-22T13:10:51Z,2511,Wear,Alone,Sedentary,,,Indoors,Workplace,Personal workspace/desk,,Lights on,TRUE,FALSE,FALSE,FALSE,No
ADID-1448532FFC9A,2025-09-22T15:10:51+02:00,2025-09-22T13:10:51Z,2025-09-22T13:25:03Z,852,Wear,Alone,Light activity,,,Outdoors,Other,,Direct sunlight,Lights off,TRUE,FALSE,FALSE,FALSE,
ADID-1448532FFC9A,2025-09-22T15:25:03+02:00,2025-09-22T13:25:03Z,2025-09-22T14:30:47Z,3944,Wear,Alone,Light activity,,,Mixed,Transportation (long-distance train),,Near a window,Lights on,TRUE,FALSE,FALSE,FALSE,No
ADID-1448532FFC9A,2025-09-22T16:30:47+02:00,2025-09-22T14:30:47Z,2025-09-22T15:00:21Z,1774,Wear,Alone,Light activity,,,Outdoors,Leisure,,Direct sunlight,Lights off,TRUE,FALSE,FALSE,FALSE,
ADID-1448532FFC9A,2025-09-22T17:00:21+02:00,2025-09-22T15:00:21Z,2025-09-22T16:31:37Z,5476,Wear,Alone,Light activity,,,Indoors,Home,Living room,Near a window,Lights off,TRUE,FALSE,FALSE,FALSE,
ADID-1448532FFC9A,2025-09-22T18:31:37+02:00,2025-09-22T16:31:37Z,2025-09-22T16:43:41Z,724,Wear,Alone,Light activity,,,Outdoors,Other,,Direct sunlight,Lights off,TRUE,FALSE,FALSE,FALSE,
ADID-1448532FFC9A,2025-09-22T18:43:41+02:00,2025-09-22T16:43:41Z,2025-09-22T18:17:39Z,5638,Wear,Alone,Sedentary,,,Indoors,Home,Living room,,Lights off,TRUE,FALSE,FALSE,FALSE,Partly
ADID-1448532FFC9A,2025-09-22T20:17:39+02:00,2025-09-22T18:17:39Z,2025-09-22T18:30:57Z,798,Wear,Alone,Sedentary,,,Indoors,Home,Bedroom,Near a window,Lights on,TRUE,FALSE,FALSE,FALSE,Yes
ADID-1448532FFC9A,2025-09-22T20:30:57+02:00,2025-09-22T18:30:57Z,2025-09-23T05:24:42Z,39225,Non-wear,Alone,,Dark mobile,,Indoors,Home,Bedroom,Away from window,Lights off,TRUE,FALSE,FALSE,FALSE,
ADID-1448532FFC9A,2025-09-23T07:24:42+02:00,2025-09-23T05:24:42Z,2025-09-23T05:49:24Z,1482,Wear,Alone,Light activity,,,Indoors,Home,Living room,Away from window,Lights on,TRUE,FALSE,FALSE,FALSE,Yes
ADID-1448532FFC9A,2025-09-23T07:49:24+02:00,2025-09-23T05:49:24Z,2025-09-23T06:24:40Z,2116,Wear,Alone,Sedentary,,,Mixed,Transportation (car/taxi),,Near a window,Lights off,TRUE,FALSE,FALSE,FALSE,
ADID-1448532FFC9A,2025-09-23T08:24:40+02:00,2025-09-23T06:24:40Z,2025-09-23T09:32:24Z,11264,Wear,Alone,Light activity,,,Indoors,Workplace,Open-plan office area,Near a window,Lights on,TRUE,FALSE,FALSE,FALSE,No
ADID-1448532FFC9A,2025-09-23T11:32:24+02:00,2025-09-23T09:32:24Z,2025-09-23T13:16:10Z,13426,Wear,Alone,Light activity,,,Indoors,Workplace,Open-plan office area,Near a window,Lights on,TRUE,FALSE,FALSE,FALSE,Yes
ADID-1448532FFC9A,2025-09-23T15:16:10+02:00,2025-09-23T13:16:10Z,,,Non-wear,Alone,,Other,,,,,,Lights off,TRUE,FALSE,FALSE,FALSE,
ADID-16DCBED051D0,2025-09-20T23:23:50-07:00,2025-09-21T06:23:50Z,2025-09-21T14:32:21Z,29311,Bedtime,Alone,,,Upward,,,,,Lights off,TRUE,FALSE,FALSE,FALSE,Yes
ADID-16DCBED051D0,2025-09-21T07:32:21-07:00,2025-09-21T14:32:21Z,2025-09-21T15:55:23Z,4982,Non-wear,Alone,,Stationary,,,,,,Lights on,TRUE,FALSE,FALSE,FALSE,Yes
ADID-16DCBED051D0,2025-09-21T08:55:23-07:00,2025-09-21T15:55:23Z,2025-09-21T16:34:27Z,2344,Wear,Alone,Light activity,,,Outdoors,Other,,Shade / cloudy,Dim light,TRUE,FALSE,FALSE,FALSE,
ADID-16DCBED051D0,2025-09-21T09:34:27-07:00,2025-09-21T16:34:27Z,2025-09-21T16:54:21Z,1194,Wear,Alone,Light activity,,,Indoors,Home,Kitchen,Near a window,Lights on,TRUE,FALSE,FALSE,FALSE,Yes
ADID-16DCBED051D0,2025-09-21T09:54:21-07:00,2025-09-21T16:54:21Z,2025-09-21T17:14:05Z,1184,Wear,Alone,Sedentary,,,Mixed,Transportation (car/taxi),,Shade / cloudy,,TRUE,FALSE,FALSE,FALSE,No
ADID-16DCBED051D0,2025-09-21T10:14:05-07:00,2025-09-21T17:14:05Z,2025-09-21T18:01:42Z,2857,Wear,Alone,Light activity,,,Indoors,Commercial,Convenience store/supermarkt,Away from window,Lights on,TRUE,FALSE,FALSE,FALSE,No
ADID-16DCBED051D0,2025-09-21T11:01:42-07:00,2025-09-21T18:01:42Z,2025-09-21T18:05:42Z,240,Wear,Alone,Sedentary,,,Outdoors,Other,,Direct sunlight,,TRUE,FALSE,FALSE,FALSE,
ADID-16DCBED051D0,2025-09-21T11:05:42-07:00,2025-09-21T18:05:42Z,2025-09-21T18:09:52Z,250,Wear,Alone,Sedentary,,,Mixed,Transportation (car/taxi),,,,TRUE,FALSE,FALSE,FALSE,
ADID-16DCBED051D0,2025-09-21T11:09:52-07:00,2025-09-21T18:09:52Z,2025-09-21T18:12:17Z,145,Wear,Alone,Light activity,,,Outdoors,Other,,Direct sunlight,,TRUE,FALSE,FALSE,FALSE,
ADID-16DCBED051D0,2025-09-21T11:12:17-07:00,2025-09-21T18:12:17Z,2025-09-21T18:44:16Z,1919,Wear,Alone,Light activity,,,Indoors,Commercial,Convenience store/supermarkt,Away from window,Lights on,TRUE,FALSE,FALSE,FALSE,No
ADID-16DCBED051D0,2025-09-21T11:44:16-07:00,2025-09-21T18:44:16Z,2025-09-21T18:48:02Z,226,Wear,Alone,Light activity,,,Outdoors,Other,,Direct sunlight,,TRUE,FALSE,FALSE,FALSE,
ADID-16DCBED051D0,2025-09-21T11:48:02-07:00,2025-09-21T18:48:02Z,2025-09-21T18:55:28Z,446,Wear,Alone,Sedentary,,,Mixed,Transportation (car/taxi),,Direct sunlight,,TRUE,FALSE,FALSE,FALSE,
ADID-16DCBED051D0,2025-09-21T11:55:28-07:00,2025-09-21T18:55:28Z,2025-09-21T19:39:24Z,2636,Wear,Alone,Light activity,,,Indoors,Commercial,Convenience store/supermarkt,Away from window,Lights on,TRUE,FALSE,FALSE,FALSE,No
ADID-16DCBED051D0,2025-09-21T12:39:24-07:00,2025-09-21T19:39:24Z,2025-09-21T19:47:06Z,462,Wear,Alone,Sedentary,,,Mixed,Transportation (car/taxi),,Direct sunlight,,TRUE,FALSE,FALSE,FALSE,
ADID-16DCBED051D0,2025-09-21T12:47:06-07:00,2025-09-21T19:47:06Z,2025-09-21T20:06:24Z,1158,Wear,Alone,Light activity,,,Indoors,Commercial,Convenience store/supermarkt,Away from window,Lights on,TRUE,FALSE,FALSE,FALSE,No
ADID-16DCBED051D0,2025-09-21T13:06:24-07:00,2025-09-21T20:06:24Z,2025-09-21T20:26:34Z,1210,Wear,Alone,Sedentary,,,Mixed,Transportation (car/taxi),,Direct sunlight,,TRUE,FALSE,FALSE,FALSE,
ADID-16DCBED051D0,2025-09-21T13:26:34-07:00,2025-09-21T20:26:34Z,2025-09-22T00:39:48Z,15194,Wear,Alone,Light activity,,,Mixed,Semi-open corridor/gallery,,Near a window,,TRUE,FALSE,FALSE,FALSE,Yes
ADID-16DCBED051D0,2025-09-21T17:39:48-07:00,2025-09-22T00:39:48Z,2025-09-22T02:06:26Z,5198,Wear,Alone,Sedentary,,,Outdoors,Home,,Direct sunlight,,TRUE,FALSE,FALSE,FALSE,
ADID-16DCBED051D0,2025-09-21T19:06:26-07:00,2025-09-22T02:06:26Z,2025-09-22T04:33:28Z,8822,Wear,Alone,Sedentary,,,Indoors,Home,Kitchen,Near a window,Lights on,TRUE,FALSE,FALSE,FALSE,Yes
ADID-16DCBED051D0,2025-09-21T21:33:28-07:00,2025-09-22T04:33:28Z,2025-09-22T04:56:24Z,1376,Non-wear,Alone,,Stationary,,,,,,Lights on,TRUE,FALSE,FALSE,FALSE,Yes
ADID-16DCBED051D0,2025-09-21T21:56:24-07:00,2025-09-22T04:56:24Z,2025-09-22T05:20:18Z,1434,Bedtime,Alone,,,Upward,,,,,Dim light,TRUE,FALSE,FALSE,FALSE,Yes
ADID-16DCBED051D0,2025-09-21T22:20:18-07:00,2025-09-22T05:20:18Z,2025-09-22T13:57:18Z,31020,Bedtime,Alone,,,Upward,,,,,Lights off,TRUE,FALSE,FALSE,FALSE,Yes
ADID-16DCBED051D0,2025-09-22T06:57:18-07:00,2025-09-22T13:57:18Z,2025-09-22T14:31:09Z,2031,Non-wear,With others,,Stationary,,,,,,Lights on,TRUE,FALSE,FALSE,FALSE,Yes
ADID-16DCBED051D0,2025-09-22T07:31:09-07:00,2025-09-22T14:31:09Z,2025-09-22T15:02:06Z,1857,Wear,With others,Light activity,,,Indoors,Home,Kitchen,Near a window,Lights on,TRUE,FALSE,FALSE,FALSE,Yes
ADID-16DCBED051D0,2025-09-22T08:02:06-07:00,2025-09-22T15:02:06Z,2025-09-22T15:42:29Z,2423,Wear,With others,Light activity,,,Outdoors,Other,,Direct sunlight,,FALSE,FALSE,FALSE,FALSE,
ADID-16DCBED051D0,2025-09-22T08:42:29-07:00,2025-09-22T15:42:29Z,2025-09-22T16:49:19Z,4010,Wear,Alone,Sedentary,,,Indoors,Home,Home office,Near a window,,FALSE,FALSE,TRUE,FALSE,Yes
ADID-16DCBED051D0,2025-09-22T09:49:19-07:00,2025-09-22T16:49:19Z,2025-09-22T16:57:24Z,485,Wear,Alone,Sedentary,,,Mixed,Transportation (car/taxi),,Direct sunlight,,FALSE,FALSE,FALSE,FALSE,No
ADID-16DCBED051D0,2025-09-22T09:57:24-07:00,2025-09-22T16:57:24Z,2025-09-22T17:46:31Z,2947,Wear,With others,Sedentary,,,Indoors,Healthcare,Dentist,Near a window,Lights on,FALSE,FALSE,FALSE,FALSE,No
ADID-16DCBED051D0,2025-09-22T10:46:31-07:00,2025-09-22T17:46:31Z,2025-09-22T17:53:39Z,428,Wear,Alone,Sedentary,,,Mixed,Transportation (car/taxi),,Direct sunlight,,FALSE,FALSE,FALSE,FALSE,
ADID-16DCBED051D0,2025-09-22T10:53:39-07:00,2025-09-22T17:53:39Z,2025-09-23T01:55:00Z,28881,Wear,Alone,Sedentary,,,Indoors,Home,Home office,Near a window,,FALSE,FALSE,TRUE,FALSE,Yes
ADID-16DCBED051D0,2025-09-22T18:55:00-07:00,2025-09-23T01:55:00Z,2025-09-23T02:16:25Z,1285,Wear,Alone,Sedentary,,,Outdoors,Home,,Shade / cloudy,,FALSE,FALSE,TRUE,FALSE,
ADID-16DCBED051D0,2025-09-22T19:16:25-07:00,2025-09-23T02:16:25Z,2025-09-23T03:43:12Z,5207,Wear,Alone,Sedentary,,,Indoors,Home,Kitchen,Near a window,Lights on,TRUE,FALSE,FALSE,FALSE,Yes
ADID-16DCBED051D0,2025-09-22T20:43:12-07:00,2025-09-23T03:43:12Z,2025-09-23T04:09:17Z,1565,Non-wear,Alone,,Stationary,,,,,,Lights on,TRUE,FALSE,FALSE,FALSE,Yes
ADID-16DCBED051D0,2025-09-22T21:09:17-07:00,2025-09-23T04:09:17Z,2025-09-23T05:30:16Z,4859,Non-wear,Alone,,Stationary,,,,,,Lights on,TRUE,FALSE,FALSE,FALSE,Yes
ADID-16DCBED051D0,2025-09-22T22:30:16-07:00,2025-09-23T05:30:16Z,2025-09-23T13:05:01Z,27285,Bedtime,Alone,,,Upward,,,,,Lights off,FALSE,FALSE,FALSE,FALSE,Yes
ADID-16DCBED051D0,2025-09-23T06:05:01-07:00,2025-09-23T13:05:01Z,,,Bedtime,Alone,,,Upward,,,,,Lights on,TRUE,FALSE,FALSE,FALSE,Yes
ADID-16FC0455E7DB,2025-09-22T08:48:29+02:00,2025-09-22T06:48:29Z,2025-09-22T10:01:15Z,11566,Wear,With others,Sedentary,,,Indoors,Workplace,Personal workspace/desk,,Lights off,FALSE,FALSE,TRUE,FALSE,No
ADID-16FC0455E7DB,2025-09-22T12:01:15+02:00,2025-09-22T10:01:15Z,2025-09-22T10:34:53Z,2018,Wear,With others,Moderate activity,,,Indoors,Commercial,Restaurant/cafeteria/bakery,Near a window,Lights on,FALSE,FALSE,FALSE,FALSE,No
ADID-16FC0455E7DB,2025-09-22T12:34:53+02:00,2025-09-22T10:34:53Z,2025-09-22T15:05:20Z,16227,Wear,With others,Sedentary,,,Indoors,Workplace,Personal workspace/desk,,,FALSE,FALSE,TRUE,FALSE,No
ADID-16FC0455E7DB,2025-09-22T17:05:20+02:00,2025-09-22T15:05:20Z,2025-09-22T17:36:30Z,9070,,,,,,,,,,,FALSE,FALSE,FALSE,FALSE,Yes
ADID-16FC0455E7DB,2025-09-22T19:36:30+02:00,2025-09-22T17:36:30Z,2025-09-23T06:21:16Z,45886,Bedtime,With others,,,Upward,,,,,,FALSE,FALSE,FALSE,FALSE,Yes
ADID-16FC0455E7DB,2025-09-23T08:21:16+02:00,2025-09-23T06:21:16Z,2025-09-23T06:43:32Z,1336,Wear,With others,Light activity,,,Outdoors,Other,,Direct sunlight,,FALSE,FALSE,FALSE,FALSE,Yes
ADID-16FC0455E7DB,2025-09-23T08:43:32+02:00,2025-09-23T06:43:32Z,2025-09-23T09:50:02Z,11190,Wear,With others,Sedentary,,,Indoors,Workplace,Personal workspace/desk,Near a window,,FALSE,FALSE,TRUE,FALSE,No
ADID-16FC0455E7DB,2025-09-23T11:50:02+02:00,2025-09-23T09:50:02Z,2025-09-23T10:13:01Z,1379,Wear,With others,Light activity,,,Outdoors,Other,,Direct sunlight,,FALSE,FALSE,FALSE,FALSE,Yes
ADID-16FC0455E7DB,2025-09-23T12:13:01+02:00,2025-09-23T10:13:01Z,,,Wear,Alone,Sedentary,,,Indoors,Workplace,Personal workspace/desk,Near a window,,FALSE,FALSE,TRUE,FALSE,No
ADID-1763770A1133,2025-09-21T17:20:20+08:00,2025-09-21T09:20:20Z,2025-09-21T11:09:10Z,6530,Wear,With others,Light activity,,,Indoors,Commercial,Shopping mall,Away from window,Lights on,TRUE,FALSE,FALSE,FALSE,No
ADID-1763770A1133,2025-09-21T19:09:10+08:00,2025-09-21T11:09:10Z,2025-09-21T12:12:01Z,3771,Wear,With others,Sedentary,,,Indoors,Commercial,Restaurant/cafeteria/bakery,Away from window,Dim light,TRUE,FALSE,FALSE,FALSE,No
ADID-1763770A1133,2025-09-21T20:12:01+08:00,2025-09-21T12:12:01Z,2025-09-21T12:34:00Z,1319,Wear,With others,Light activity,,,Indoors,Commercial,Shopping mall,Away from window,Lights on,TRUE,FALSE,FALSE,FALSE,No
ADID-1763770A1133,2025-09-21T20:34:00+08:00,2025-09-21T12:34:00Z,2025-09-21T12:39:31Z,331,Wear,With others,Light activity,,,Outdoors,Other,,Shade / cloudy,Dim light,TRUE,FALSE,FALSE,FALSE,No
ADID-1763770A1133,2025-09-21T20:39:31+08:00,2025-09-21T12:39:31Z,2025-09-21T12:53:08Z,817,Wear,Alone,Sedentary,,,Mixed,Transportation (bus or commuter/regional rail),,Near a window,Lights on,TRUE,FALSE,FALSE,FALSE,No
ADID-1763770A1133,2025-09-21T20:53:08+08:00,2025-09-21T12:53:08Z,2025-09-21T13:00:06Z,418,Wear,Alone,Light activity,,,Outdoors,Other,,Shade / cloudy,Dim light,TRUE,FALSE,FALSE,FALSE,No
ADID-1763770A1133,2025-09-21T21:00:06+08:00,2025-09-21T13:00:06Z,2025-09-21T13:21:33Z,1287,Wear,Alone,Sedentary,,,Indoors,Home,Bedroom,Near a window,Lights on,TRUE,FALSE,FALSE,FALSE,Yes
ADID-1763770A1133,2025-09-21T21:21:33+08:00,2025-09-21T13:21:33Z,2025-09-21T14:45:08Z,5015,Wear,Alone,Light activity,,,Indoors,Home,Bathroom,Away from window,Lights on,TRUE,FALSE,FALSE,FALSE,Yes
ADID-1763770A1133,2025-09-21T22:45:08+08:00,2025-09-21T14:45:08Z,2025-09-21T17:13:44Z,8916,Wear,Alone,Sedentary,,,Indoors,Home,Bedroom,Away from window,Dim light,TRUE,FALSE,FALSE,FALSE,Yes
ADID-1763770A1133,2025-09-22T01:13:44+08:00,2025-09-21T17:13:44Z,2025-09-22T03:08:47Z,35703,Bedtime,Alone,,,Upward,Indoors,Home,Bedroom,Away from window,Lights off,TRUE,FALSE,FALSE,FALSE,Yes
ADID-1763770A1133,2025-09-22T11:08:47+08:00,2025-09-22T03:08:47Z,2025-09-22T03:12:16Z,209,Wear,Alone,Light activity,,,Indoors,Home,Bedroom,Away from window,Lights on,TRUE,FALSE,FALSE,FALSE,Yes
ADID-1763770A1133,2025-09-22T11:12:16+08:00,2025-09-22T03:12:16Z,2025-09-22T03:34:34Z,1338,Wear,Alone,Sedentary,,,Indoors,Home,Bathroom,Away from window,Lights on,TRUE,FALSE,FALSE,FALSE,Yes
ADID-1763770A1133,2025-09-22T11:34:34+08:00,2025-09-22T03:34:34Z,2025-09-22T06:22:56Z,10102,Wear,Alone,Sedentary,,,Indoors,Home,Home office,Near a window,Lights on,TRUE,FALSE,FALSE,FALSE,Partly
ADID-1763770A1133,2025-09-22T14:22:56+08:00,2025-09-22T06:22:56Z,2025-09-22T06:42:01Z,1145,Wear,Alone,Sedentary,,,Indoors,Home,Bathroom,Away from window,Lights on,TRUE,FALSE,FALSE,FALSE,Yes
ADID-1763770A1133,2025-09-22T14:42:01+08:00,2025-09-22T06:42:01Z,2025-09-22T08:39:40Z,7059,Wear,Alone,Sedentary,,,Indoors,Home,Home office,Near a window,Lights on,TRUE,FALSE,FALSE,FALSE,Partly
ADID-1763770A1133,2025-09-22T16:39:40+08:00,2025-09-22T08:39:40Z,2025-09-22T08:47:49Z,489,Wear,Alone,Light activity,,,Outdoors,Other,,Direct sunlight,Lights off,TRUE,FALSE,FALSE,FALSE,No
ADID-1763770A1133,2025-09-22T16:47:49+08:00,2025-09-22T08:47:49Z,2025-09-22T11:31:00Z,9791,Wear,Alone,Sedentary,,,Indoors,Home,Home office,Near a window,Lights on,TRUE,FALSE,TRUE,FALSE,Partly
ADID-1763770A1133,2025-09-22T19:31:00+08:00,2025-09-22T11:31:00Z,2025-09-22T13:19:38Z,6518,Wear,Alone,Sedentary,,,Indoors,Home,Home office,Near a window,Lights on,TRUE,FALSE,TRUE,FALSE,Partly
ADID-1763770A1133,2025-09-22T21:19:38+08:00,2025-09-22T13:19:38Z,2025-09-22T15:57:21Z,9463,Wear,Alone,Sedentary,,,Indoors,Home,Bedroom,Away from window,Lights on,TRUE,FALSE,FALSE,FALSE,Partly
ADID-1763770A1133,2025-09-22T23:57:21+08:00,2025-09-22T15:57:21Z,2025-09-22T17:18:14Z,4853,Wear,Alone,Sedentary,,,Indoors,Home,Bedroom,Away from window,Dim light,TRUE,FALSE,FALSE,FALSE,Partly
ADID-1763770A1133,2025-09-23T01:18:14+08:00,2025-09-22T17:18:14Z,2025-09-23T03:29:12Z,36658,Bedtime,Alone,,,Upward,,,,,Lights off,TRUE,FALSE,FALSE,FALSE,Partly
ADID-1763770A1133,2025-09-23T11:29:12+08:00,2025-09-23T03:29:12Z,2025-09-23T03:48:40Z,1168,Wear,Alone,Sedentary,,,Indoors,Home,Bathroom,Away from window,Lights on,TRUE,FALSE,FALSE,FALSE,Yes
ADID-1763770A1133,2025-09-23T11:48:40+08:00,2025-09-23T03:48:40Z,2025-09-23T06:00:25Z,7905,Wear,Alone,Sedentary,,,Indoors,Home,Home office,Near a window,Lights on,TRUE,FALSE,TRUE,FALSE,Partly
ADID-1763770A1133,2025-09-23T14:00:25+08:00,2025-09-23T06:00:25Z,2025-09-23T06:05:26Z,301,Wear,Alone,Sedentary,,,Indoors,Home,Bathroom,Away from window,Lights on,TRUE,FALSE,FALSE,FALSE,Yes
ADID-1763770A1133,2025-09-23T14:05:26+08:00,2025-09-23T06:05:26Z,2025-09-23T11:09:51Z,18265,Wear,Alone,Light activity,,,Indoors,Home,Bedroom,Away from window,Lights on,TRUE,FALSE,FALSE,FALSE,Partly
ADID-1763770A1133,2025-09-23T19:09:51+08:00,2025-09-23T11:09:51Z,2025-09-23T11:23:22Z,811,Wear,Alone,Sedentary,,,Indoors,Home,Bathroom,Away from window,Lights on,TRUE,FALSE,FALSE,FALSE,Yes
ADID-1763770A1133,2025-09-23T19:23:22+08:00,2025-09-23T11:23:22Z,2025-09-23T12:30:11Z,4009,Wear,Alone,Sedentary,,,Indoors,Home,Bedroom,Away from window,Lights on,TRUE,FALSE,FALSE,FALSE,Partly
ADID-1763770A1133,2025-09-23T20:30:11+08:00,2025-09-23T12:30:11Z,,,Non-wear,Alone,,Stationary,,,,,,Lights on,TRUE,FALSE,FALSE,FALSE,Partly
ADID-20CBF27B9932,2025-09-20T20:07:35-07:00,2025-09-21T03:07:35Z,2025-09-21T11:57:54Z,31819,Bedtime,With others,,,Upward,,,,,Lights on,TRUE,FALSE,FALSE,FALSE,Yes
ADID-20CBF27B9932,2025-09-21T04:57:54-07:00,2025-09-21T11:57:54Z,2025-09-21T16:04:01Z,14767,Non-wear,With others,,Stationary,,,,,,Lights off,TRUE,FALSE,FALSE,FALSE,Yes
ADID-20CBF27B9932,2025-09-21T09:04:01-07:00,2025-09-21T16:04:01Z,2025-09-21T19:19:49Z,11748,Non-wear,Alone,,Stationary,,,,,,Dim light,FALSE,FALSE,FALSE,FALSE,Yes
ADID-20CBF27B9932,2025-09-21T12:19:49-07:00,2025-09-21T19:19:49Z,2025-09-21T19:51:37Z,1908,Wear,With others,Light activity,,,Indoors,Home,Bedroom,Near a window,Lights on,TRUE,FALSE,FALSE,FALSE,Yes
ADID-20CBF27B9932,2025-09-21T12:51:37-07:00,2025-09-21T19:51:37Z,2025-09-21T23:04:51Z,11594,Wear,With others,Sedentary,,,Indoors,Home,Living room,Near a window,Dim light,TRUE,FALSE,TRUE,TRUE,Yes
ADID-20CBF27B9932,2025-09-21T16:04:51-07:00,2025-09-21T23:04:51Z,2025-09-21T23:59:14Z,3263,Wear,With others,Light activity,,,Mixed,Transportation (car/taxi),,Direct sunlight,Dim light,TRUE,FALSE,FALSE,FALSE,Yes
ADID-20CBF27B9932,2025-09-21T16:59:14-07:00,2025-09-21T23:59:14Z,2025-09-22T02:02:27Z,7393,Wear,With others,Sedentary,,,Indoors,Home,Living room,Near a window,Dim light,TRUE,FALSE,FALSE,TRUE,Yes
ADID-20CBF27B9932,2025-09-21T19:02:27-07:00,2025-09-22T02:02:27Z,2025-09-22T12:14:01Z,36694,Non-wear,With others,,Stationary,,,,,,Dim light,TRUE,FALSE,FALSE,FALSE,Yes
ADID-20CBF27B9932,2025-09-22T05:14:01-07:00,2025-09-22T12:14:01Z,2025-09-22T13:16:33Z,3752,Non-wear,With others,,Stationary,,,,,,Lights off,FALSE,FALSE,FALSE,FALSE,Yes
ADID-20CBF27B9932,2025-09-22T06:16:33-07:00,2025-09-22T13:16:33Z,2025-09-22T13:52:57Z,2184,Wear,Alone,Sedentary,,,Mixed,Transportation (car/taxi),,,Lights off,TRUE,FALSE,FALSE,FALSE,No
ADID-20CBF27B9932,2025-09-22T06:52:57-07:00,2025-09-22T13:52:57Z,2025-09-22T14:43:41Z,3044,Wear,Alone,Moderate activity,,,Outdoors,Workplace,,Direct sunlight,,TRUE,FALSE,FALSE,FALSE,
ADID-20CBF27B9932,2025-09-22T07:43:41-07:00,2025-09-22T14:43:41Z,2025-09-22T15:55:18Z,4297,Wear,Alone,Sedentary,,,Indoors,Workplace,Personal workspace/desk,Near a window,Lights on,TRUE,FALSE,TRUE,FALSE,Yes
ADID-20CBF27B9932,2025-09-22T08:55:18-07:00,2025-09-22T15:55:18Z,2025-09-22T16:22:32Z,1634,Wear,Alone,Moderate activity,,,Outdoors,Workplace,,Direct sunlight,,TRUE,FALSE,FALSE,FALSE,
ADID-20CBF27B9932,2025-09-22T09:22:32-07:00,2025-09-22T16:22:32Z,2025-09-22T18:36:12Z,8020,Wear,Alone,Sedentary,,,Indoors,Workplace,Personal workspace/desk,Near a window,Lights on,TRUE,FALSE,TRUE,FALSE,Yes
ADID-20CBF27B9932,2025-09-22T11:36:12-07:00,2025-09-22T18:36:12Z,2025-09-22T23:22:49Z,17197,Wear,Alone,Sedentary,,,Mixed,Transportation (car/taxi),,Direct sunlight,Dim light,TRUE,FALSE,FALSE,FALSE,
ADID-20CBF27B9932,2025-09-22T16:22:49-07:00,2025-09-22T23:22:49Z,2025-09-23T02:00:40Z,9471,Wear,Alone,Sedentary,,,Indoors,Home,Living room,Near a window,Dim light,TRUE,FALSE,FALSE,TRUE,Yes
ADID-20CBF27B9932,2025-09-22T19:00:40-07:00,2025-09-23T02:00:40Z,,,Bedtime,With others,,,Upward,,,,,Lights off,TRUE,FALSE,FALSE,FALSE,Yes
ADID-3827BC74BBA3,2025-09-21T10:52:41+02:00,2025-09-21T08:52:41Z,2025-09-21T11:26:00Z,9199,Wear,Alone,Light activity,,,Indoors,Home,Kitchen,Near a window,Lights off,TRUE,FALSE,FALSE,FALSE,Partly
ADID-3827BC74BBA3,2025-09-21T13:26:00+02:00,2025-09-21T11:26:00Z,2025-09-21T12:19:08Z,3188,Wear,Alone,Light activity,,,Indoors,Home,Living room,Away from window,Lights off,FALSE,FALSE,FALSE,FALSE,Partly
ADID-3827BC74BBA3,2025-09-21T14:19:08+02:00,2025-09-21T12:19:08Z,2025-09-21T12:35:08Z,960,Wear,Alone,Moderate activity,,,Outdoors,Leisure,,Shade / cloudy,Lights off,FALSE,FALSE,FALSE,FALSE,
ADID-3827BC74BBA3,2025-09-21T14:35:08+02:00,2025-09-21T12:35:08Z,2025-09-21T13:59:39Z,5071,Wear,With others,High-intensity activity,,,Indoors,Leisure,,Near a window,Lights on,TRUE,FALSE,FALSE,FALSE,No
ADID-3827BC74BBA3,2025-09-21T15:59:39+02:00,2025-09-21T13:59:39Z,2025-09-21T14:15:16Z,937,Non-wear,With others,,Dark mobile,,Indoors,Leisure,,Away from window,Lights on,FALSE,FALSE,FALSE,FALSE,No
ADID-3827BC74BBA3,2025-09-21T16:15:16+02:00,2025-09-21T14:15:16Z,2025-09-21T14:20:35Z,319,Wear,Alone,Light activity,,,Indoors,Leisure,,Away from window,Lights on,TRUE,FALSE,FALSE,FALSE,No
ADID-3827BC74BBA3,2025-09-21T16:20:35+02:00,2025-09-21T14:20:35Z,2025-09-21T14:25:19Z,284,Wear,Alone,Moderate activity,,,Outdoors,Other,,Shade / cloudy,Lights off,TRUE,FALSE,FALSE,FALSE,
ADID-3827BC74BBA3,2025-09-21T16:25:19+02:00,2025-09-21T14:25:19Z,2025-09-21T14:29:28Z,249,Wear,With others,Light activity,,,Indoors,Other,,Away from window,Lights off,TRUE,FALSE,FALSE,FALSE,Partly
ADID-3827BC74BBA3,2025-09-21T16:29:28+02:00,2025-09-21T14:29:28Z,2025-09-21T16:27:02Z,7054,Wear,With others,Light activity,,,Indoors,Other,,Near a window,Lights on,FALSE,FALSE,FALSE,FALSE,No
ADID-3827BC74BBA3,2025-09-21T18:27:02+02:00,2025-09-21T16:27:02Z,2025-09-21T16:48:57Z,1315,Wear,With others,Sedentary,,,Indoors,Other,,Away from window,Dim light,FALSE,FALSE,FALSE,FALSE,No
ADID-3827BC74BBA3,2025-09-21T18:48:57+02:00,2025-09-21T16:48:57Z,2025-09-21T17:57:50Z,4133,Wear,With others,Light activity,,,Indoors,Other,,Away from window,Lights on,FALSE,FALSE,FALSE,FALSE,No
ADID-3827BC74BBA3,2025-09-21T19:57:50+02:00,2025-09-21T17:57:50Z,2025-09-21T18:43:02Z,2712,Wear,With others,Light activity,,,Indoors,Other,,Away from window,Lights off,FALSE,FALSE,FALSE,FALSE,No
ADID-3827BC74BBA3,2025-09-21T20:43:02+02:00,2025-09-21T18:43:02Z,2025-09-21T20:40:35Z,7053,Wear,Alone,Light activity,,,Outdoors,Other,,Shade / cloudy,Lights off,TRUE,FALSE,FALSE,FALSE,No
ADID-3827BC74BBA3,2025-09-21T22:40:35+02:00,2025-09-21T20:40:35Z,2025-09-22T01:57:30Z,19015,Wear,Alone,Sedentary,,,Indoors,Home,Bedroom,Away from window,Dim light,TRUE,FALSE,FALSE,FALSE,Yes
ADID-3827BC74BBA3,2025-09-22T03:57:30+02:00,2025-09-22T01:57:30Z,2025-09-22T02:01:09Z,219,Wear,Alone,Light activity,,,Indoors,Home,Bathroom,Away from window,Lights on,TRUE,FALSE,FALSE,FALSE,Yes
ADID-3827BC74BBA3,2025-09-22T04:01:09+02:00,2025-09-22T02:01:09Z,2025-09-22T06:33:46Z,16357,Bedtime,Alone,,,Upward,,,,,Lights off,FALSE,FALSE,FALSE,FALSE,Yes
ADID-3827BC74BBA3,2025-09-22T08:33:46+02:00,2025-09-22T06:33:46Z,2025-09-22T06:42:23Z,517,Wear,Alone,Light activity,,,Indoors,Home,Bedroom,Near a window,Lights off,TRUE,FALSE,FALSE,FALSE,Yes
ADID-3827BC74BBA3,2025-09-22T08:42:23+02:00,2025-09-22T06:42:23Z,2025-09-22T07:07:51Z,1528,Wear,Alone,Light activity,,,Indoors,Home,Bathroom,Near a window,Lights on,TRUE,FALSE,FALSE,FALSE,Yes
ADID-3827BC74BBA3,2025-09-22T09:07:51+02:00,2025-09-22T07:07:51Z,2025-09-22T08:00:14Z,3143,Wear,Alone,Sedentary,,,Indoors,Home,Home office,Near a window,Lights on,FALSE,FALSE,TRUE,FALSE,Yes
ADID-3827BC74BBA3,2025-09-22T10:00:14+02:00,2025-09-22T08:00:14Z,2025-09-22T08:02:21Z,127,Wear,Alone,Light activity,,,Indoors,Home,Kitchen,Near a window,Lights on,FALSE,FALSE,FALSE,FALSE,Yes
ADID-3827BC74BBA3,2025-09-22T10:02:21+02:00,2025-09-22T08:02:21Z,2025-09-22T08:31:09Z,1728,Wear,Alone,Sedentary,,,Indoors,Home,Bathroom,Near a window,Lights on,TRUE,FALSE,FALSE,FALSE,Yes
ADID-3827BC74BBA3,2025-09-22T10:31:09+02:00,2025-09-22T08:31:09Z,2025-09-22T10:58:37Z,8848,Wear,Alone,Sedentary,,,Indoors,Home,Home office,Near a window,Lights on,FALSE,FALSE,TRUE,FALSE,Yes
ADID-3827BC74BBA3,2025-09-22T12:58:37+02:00,2025-09-22T10:58:37Z,2025-09-22T11:15:31Z,1014,Wear,Alone,Light activity,,,Indoors,Home,Other,Near a window,Lights off,TRUE,FALSE,FALSE,FALSE,Yes
ADID-3827BC74BBA3,2025-09-22T13:15:31+02:00,2025-09-22T11:15:31Z,2025-09-22T11:16:32Z,61,Wear,Alone,Moderate activity,,,Outdoors,Other,,Shade / cloudy,Lights off,FALSE,FALSE,FALSE,FALSE,
ADID-3827BC74BBA3,2025-09-22T13:16:32+02:00,2025-09-22T11:16:32Z,2025-09-22T11:20:59Z,267,Wear,Alone,Light activity,,,Indoors,Commercial,Other,Near a window,Lights on,TRUE,FALSE,FALSE,FALSE,No
ADID-3827BC74BBA3,2025-09-22T13:20:59+02:00,2025-09-22T11:20:59Z,2025-09-22T11:51:05Z,1806,Wear,With others,Sedentary,,,Indoors,Commercial,Other,Near a window,Lights on,TRUE,FALSE,FALSE,FALSE,No
ADID-3827BC74BBA3,2025-09-22T13:51:05+02:00,2025-09-22T11:51:05Z,2025-09-22T12:03:33Z,748,Wear,With others,Light activity,,,Indoors,Commercial,Shopping mall,Away from window,Lights on,FALSE,FALSE,FALSE,FALSE,No
ADID-3827BC74BBA3,2025-09-22T14:03:33+02:00,2025-09-22T12:03:33Z,2025-09-22T12:12:15Z,522,Wear,Alone,Moderate activity,,,Outdoors,Other,,Shade / cloudy,Lights off,TRUE,FALSE,FALSE,FALSE,No
ADID-3827BC74BBA3,2025-09-22T14:12:15+02:00,2025-09-22T12:12:15Z,2025-09-22T12:47:42Z,2127,Wear,Alone,Light activity,,,Indoors,Other,,Near a window,Lights off,FALSE,FALSE,FALSE,FALSE,Yes
ADID-3827BC74BBA3,2025-09-22T14:47:42+02:00,2025-09-22T12:47:42Z,2025-09-22T13:09:09Z,1287,Wear,Alone,Sedentary,,,Indoors,Home,Home office,Near a window,Lights on,FALSE,FALSE,TRUE,FALSE,Yes
ADID-3827BC74BBA3,2025-09-22T15:09:09+02:00,2025-09-22T13:09:09Z,2025-09-22T13:17:29Z,500,Wear,Alone,Light activity,,,Indoors,Home,Kitchen,Near a window,Lights off,FALSE,FALSE,FALSE,FALSE,Yes
ADID-3827BC74BBA3,2025-09-22T15:17:29+02:00,2025-09-22T13:17:29Z,2025-09-22T14:22:52Z,3923,Wear,Alone,Sedentary,,,Indoors,Home,Home office,Near a window,Lights on,FALSE,FALSE,TRUE,FALSE,Yes
ADID-3827BC74BBA3,2025-09-22T16:22:52+02:00,2025-09-22T14:22:52Z,2025-09-22T14:27:50Z,298,Wear,Alone,Sedentary,,,Indoors,Home,Bathroom,Near a window,Lights off,TRUE,FALSE,FALSE,FALSE,Yes
ADID-3827BC74BBA3,2025-09-22T16:27:50+02:00,2025-09-22T14:27:50Z,2025-09-22T17:10:24Z,9754,Wear,Alone,Sedentary,,,Indoors,Home,Home office,Near a window,Lights on,FALSE,FALSE,TRUE,FALSE,Yes
ADID-3827BC74BBA3,2025-09-22T19:10:24+02:00,2025-09-22T17:10:24Z,2025-09-22T18:55:19Z,6295,Wear,With others,Light activity,,,Indoors,Home,Kitchen,Away from window,Lights on,TRUE,FALSE,FALSE,FALSE,Yes
ADID-3827BC74BBA3,2025-09-22T20:55:19+02:00,2025-09-22T18:55:19Z,2025-09-22T18:56:38Z,79,Wear,Alone,Sedentary,,,Indoors,Home,Bathroom,Away from window,Lights on,TRUE,FALSE,FALSE,FALSE,Yes
ADID-3827BC74BBA3,2025-09-22T20:56:38+02:00,2025-09-22T18:56:38Z,2025-09-22T19:06:30Z,592,Wear,Alone,Light activity,,,Indoors,Home,Bedroom,Away from window,Lights on,TRUE,FALSE,FALSE,FALSE,Yes
ADID-3827BC74BBA3,2025-09-22T21:06:30+02:00,2025-09-22T19:06:30Z,2025-09-22T19:43:48Z,2238,Wear,Alone,Light activity,,,Indoors,Home,Kitchen,Away from window,Lights on,TRUE,FALSE,FALSE,FALSE,Yes
ADID-3827BC74BBA3,2025-09-22T21:43:48+02:00,2025-09-22T19:43:48Z,2025-09-22T20:01:56Z,1088,Wear,Alone,Light activity,,,Indoors,Home,Bathroom,Away from window,Lights on,TRUE,FALSE,FALSE,FALSE,Yes
ADID-3827BC74BBA3,2025-09-22T22:01:56+02:00,2025-09-22T20:01:56Z,2025-09-23T06:12:56Z,36660,Wear,Alone,Sedentary,,,Indoors,Home,Bedroom,Away from window,Dim light,TRUE,FALSE,FALSE,FALSE,Yes
ADID-3827BC74BBA3,2025-09-23T08:12:56+02:00,2025-09-23T06:12:56Z,2025-09-23T06:34:15Z,1279,Wear,Alone,Sedentary,,,Indoors,Home,Bedroom,Away from window,Lights off,TRUE,FALSE,FALSE,FALSE,Yes
ADID-3827BC74BBA3,2025-09-23T08:34:15+02:00,2025-09-23T06:34:15Z,2025-09-23T06:58:11Z,1436,Wear,Alone,Light activity,,,Indoors,Home,Bathroom,Near a window,Lights off,TRUE,FALSE,FALSE,FALSE,Yes
ADID-3827BC74BBA3,2025-09-23T08:58:11+02:00,2025-09-23T06:58:11Z,2025-09-23T07:09:29Z,678,Wear,Alone,Light activity,,,Indoors,Home,Kitchen,Near a window,Lights on,FALSE,FALSE,FALSE,FALSE,Yes
ADID-3827BC74BBA3,2025-09-23T09:09:29+02:00,2025-09-23T07:09:29Z,2025-09-23T07:57:11Z,2862,Wear,Alone,Light activity,,,Indoors,Home,Bedroom,Near a window,Lights on,FALSE,FALSE,FALSE,FALSE,Yes
ADID-3827BC74BBA3,2025-09-23T09:57:11+02:00,2025-09-23T07:57:11Z,2025-09-23T08:08:05Z,654,Wear,Alone,Light activity,,,Outdoors,Other,,Shade / cloudy,Lights off,TRUE,FALSE,FALSE,FALSE,No
ADID-3827BC74BBA3,2025-09-23T10:08:05+02:00,2025-09-23T08:08:05Z,2025-09-23T08:17:27Z,562,Wear,With others,Sedentary,,,Mixed,Transportation (bus or commuter/regional rail),,Near a window,Lights on,TRUE,FALSE,FALSE,FALSE,No
ADID-3827BC74BBA3,2025-09-23T10:17:27+02:00,2025-09-23T08:17:27Z,2025-09-23T08:23:35Z,368,Wear,Alone,Light activity,,,Outdoors,Other,,Shade / cloudy,Lights off,TRUE,FALSE,FALSE,FALSE,
ADID-3827BC74BBA3,2025-09-23T10:23:35+02:00,2025-09-23T08:23:35Z,2025-09-23T08:27:17Z,222,Wear,With others,Light activity,,,Indoors,Workplace,Open-plan office area,Away from window,Lights off,FALSE,FALSE,FALSE,FALSE,No
ADID-3827BC74BBA3,2025-09-23T10:27:17+02:00,2025-09-23T08:27:17Z,2025-09-23T09:29:36Z,3739,Wear,Alone,Sedentary,,,Indoors,Workplace,Other,Near a window,Lights off,TRUE,FALSE,FALSE,FALSE,Yes
ADID-3827BC74BBA3,2025-09-23T11:29:36+02:00,2025-09-23T09:29:36Z,2025-09-23T10:27:26Z,3470,Wear,Alone,Sedentary,,,Indoors,Workplace,Personal workspace/desk,Near a window,Lights off,FALSE,FALSE,TRUE,FALSE,Yes
ADID-3827BC74BBA3,2025-09-23T12:27:26+02:00,2025-09-23T10:27:26Z,2025-09-23T10:34:40Z,434,Wear,Alone,Light activity,,,Indoors,Workplace,Corridor,Near a window,Lights off,FALSE,FALSE,FALSE,FALSE,Partly
ADID-3827BC74BBA3,2025-09-23T12:34:40+02:00,2025-09-23T10:34:40Z,2025-09-23T12:05:55Z,5475,Wear,With others,Sedentary,,,Indoors,Workplace,Conference/meeting room,Near a window,Lights on,FALSE,FALSE,TRUE,TRUE,No
ADID-3827BC74BBA3,2025-09-23T14:05:55+02:00,2025-09-23T12:05:55Z,2025-09-23T12:43:02Z,2227,Wear,Alone,Sedentary,,,Indoors,Workplace,Personal workspace/desk,Near a window,Lights on,FALSE,FALSE,TRUE,FALSE,Yes
ADID-3827BC74BBA3,2025-09-23T14:43:02+02:00,2025-09-23T12:43:02Z,2025-09-23T13:02:14Z,1152,Wear,Alone,Light activity,,,Indoors,Workplace,Break/lounge area,Near a window,Lights off,TRUE,FALSE,FALSE,FALSE,Partly
ADID-3827BC74BBA3,2025-09-23T15:02:14+02:00,2025-09-23T13:02:14Z,,,Bedtime,Alone,,,Other,,,,,Lights off,TRUE,TRUE,TRUE,TRUE,
ADID-49CDC2BBA873,2025-09-21T11:18:59+02:00,2025-09-21T09:18:59Z,2025-09-21T10:10:10Z,3071,Wear,Alone,Sedentary,,,Indoors,Home,Living room,Near a window,Lights off,FALSE,TRUE,FALSE,FALSE,Yes
ADID-49CDC2BBA873,2025-09-21T12:10:10+02:00,2025-09-21T10:10:10Z,2025-09-21T11:10:47Z,3637,Wear,Alone,Light activity,,,Outdoors,Leisure,,Direct sunlight,Lights off,FALSE,FALSE,FALSE,FALSE,
ADID-49CDC2BBA873,2025-09-21T13:10:47+02:00,2025-09-21T11:10:47Z,2025-09-21T13:44:13Z,9206,Wear,With others,Sedentary,,,Indoors,Home,Living room,Away from window,Lights off,FALSE,FALSE,FALSE,FALSE,Yes
ADID-49CDC2BBA873,2025-09-21T15:44:13+02:00,2025-09-21T13:44:13Z,2025-09-21T14:50:52Z,3999,Wear,Alone,Light activity,,,Outdoors,Leisure,,Direct sunlight,,FALSE,FALSE,FALSE,FALSE,
ADID-49CDC2BBA873,2025-09-21T16:50:52+02:00,2025-09-21T14:50:52Z,2025-09-21T16:32:47Z,6115,Wear,Alone,Sedentary,,,Indoors,Home,Living room,Near a window,Lights off,TRUE,TRUE,FALSE,FALSE,Yes
ADID-49CDC2BBA873,2025-09-21T18:32:47+02:00,2025-09-21T16:32:47Z,2025-09-21T17:16:41Z,2634,Wear,Alone,Sedentary,,,Indoors,Home,Living room,Away from window,Lights off,FALSE,TRUE,FALSE,FALSE,Yes
ADID-49CDC2BBA873,2025-09-21T19:16:41+02:00,2025-09-21T17:16:41Z,2025-09-21T18:54:37Z,5876,Non-wear,Alone,,Stationary,,,,,,Dim light,TRUE,TRUE,FALSE,FALSE,Yes
ADID-49CDC2BBA873,2025-09-21T20:54:37+02:00,2025-09-21T18:54:37Z,2025-09-22T04:45:44Z,35467,Bedtime,Alone,,,Upward,,,,,Lights off,FALSE,TRUE,FALSE,FALSE,Yes
ADID-49CDC2BBA873,2025-09-22T06:45:44+02:00,2025-09-22T04:45:44Z,2025-09-22T05:04:22Z,1118,Wear,Alone,Light activity,,,Indoors,Home,Kitchen,Away from window,Lights on,FALSE,FALSE,FALSE,FALSE,Yes
ADID-49CDC2BBA873,2025-09-22T07:04:22+02:00,2025-09-22T05:04:22Z,2025-09-22T05:26:45Z,1343,Wear,Alone,Sedentary,,,Indoors,Home,Living room,Near a window,Lights on,FALSE,FALSE,TRUE,FALSE,Yes
ADID-49CDC2BBA873,2025-09-22T07:26:45+02:00,2025-09-22T05:26:45Z,2025-09-22T06:31:35Z,3890,Wear,Alone,Light activity,,,Indoors,Home,Kitchen,Away from window,Lights on,FALSE,FALSE,FALSE,FALSE,Yes
ADID-49CDC2BBA873,2025-09-22T08:31:35+02:00,2025-09-22T06:31:35Z,2025-09-22T07:23:13Z,3098,Non-wear,Alone,,Stationary,,,,,,Lights off,FALSE,FALSE,FALSE,FALSE,Yes
ADID-49CDC2BBA873,2025-09-22T09:23:13+02:00,2025-09-22T07:23:13Z,2025-09-22T10:41:37Z,11904,Wear,Alone,Sedentary,,,Indoors,Home,Home office,Near a window,Lights on,FALSE,FALSE,TRUE,FALSE,Yes
ADID-49CDC2BBA873,2025-09-22T12:41:37+02:00,2025-09-22T10:41:37Z,2025-09-22T11:24:35Z,2578,Wear,Alone,Sedentary,,,Indoors,Home,Kitchen,Away from window,Lights off,FALSE,TRUE,FALSE,FALSE,Yes
ADID-49CDC2BBA873,2025-09-22T13:24:35+02:00,2025-09-22T11:24:35Z,2025-09-22T11:25:16Z,41,Wear,Alone,Light activity,,,Outdoors,Other,,Direct sunlight,Lights off,FALSE,FALSE,FALSE,FALSE,
ADID-49CDC2BBA873,2025-09-22T13:25:16+02:00,2025-09-22T11:25:16Z,2025-09-22T13:09:39Z,6263,Wear,Alone,Sedentary,,,Indoors,Home,Home office,Near a window,Dim light,TRUE,TRUE,TRUE,FALSE,Yes
ADID-49CDC2BBA873,2025-09-22T15:09:39+02:00,2025-09-22T13:09:39Z,2025-09-22T13:14:29Z,290,Wear,Alone,Light activity,,,Outdoors,Home,,Direct sunlight,,FALSE,FALSE,FALSE,FALSE,
ADID-49CDC2BBA873,2025-09-22T15:14:29+02:00,2025-09-22T13:14:29Z,2025-09-22T14:29:59Z,4530,Wear,Alone,Sedentary,,,Indoors,Home,Home office,Near a window,Lights off,FALSE,TRUE,TRUE,FALSE,Yes
ADID-49CDC2BBA873,2025-09-22T16:29:59+02:00,2025-09-22T14:29:59Z,2025-09-22T14:59:56Z,1797,Wear,Alone,Light activity,,,Outdoors,Leisure,,Direct sunlight,,FALSE,FALSE,FALSE,FALSE,
ADID-49CDC2BBA873,2025-09-22T16:59:56+02:00,2025-09-22T14:59:56Z,2025-09-22T17:33:38Z,9222,Wear,With others,Sedentary,,,Indoors,Home,Living room,Near a window,Lights off,FALSE,TRUE,FALSE,FALSE,Yes
ADID-49CDC2BBA873,2025-09-22T19:33:38+02:00,2025-09-22T17:33:38Z,2025-09-22T17:46:08Z,750,Non-wear,Alone,,Stationary,,,,,,Lights off,FALSE,TRUE,FALSE,FALSE,Yes
ADID-49CDC2BBA873,2025-09-22T19:46:08+02:00,2025-09-22T17:46:08Z,2025-09-23T04:53:52Z,40064,Bedtime,Alone,,,Upward,,,,,Dim light,FALSE,TRUE,FALSE,FALSE,Yes
ADID-49CDC2BBA873,2025-09-23T06:53:52+02:00,2025-09-23T04:53:52Z,2025-09-23T05:15:49Z,1317,Wear,Alone,Light activity,,,Indoors,Home,Kitchen,Away from window,Lights on,FALSE,FALSE,FALSE,FALSE,Yes
ADID-49CDC2BBA873,2025-09-23T07:15:49+02:00,2025-09-23T05:15:49Z,2025-09-23T05:59:01Z,2592,Wear,Alone,Sedentary,,,Indoors,Home,Living room,Away from window,Lights on,FALSE,FALSE,FALSE,FALSE,Yes
ADID-49CDC2BBA873,2025-09-23T07:59:01+02:00,2025-09-23T05:59:01Z,,,Non-wear,Alone,,Dark stationary,,,,,,Lights on,FALSE,FALSE,FALSE,FALSE,Yes
ADID-4B0A6EE262FA,2025-09-21T12:22:00+02:00,2025-09-21T10:22:00Z,2025-09-21T11:48:12Z,5172,Wear,Alone,Light activity,,,Indoors,Home,Kitchen,Near a window,Dim light,FALSE,FALSE,FALSE,TRUE,Yes
ADID-4B0A6EE262FA,2025-09-21T13:48:12+02:00,2025-09-21T11:48:12Z,2025-09-21T13:30:15Z,6123,Wear,Alone,Sedentary,,,Indoors,Home,Living room,Near a window,Dim light,FALSE,FALSE,FALSE,TRUE,Yes
ADID-4B0A6EE262FA,2025-09-21T15:30:15+02:00,2025-09-21T13:30:15Z,2025-09-21T13:40:38Z,623,Wear,Alone,Light activity,,,Indoors,Home,Bathroom,Near a window,Lights off,FALSE,FALSE,FALSE,FALSE,Yes
ADID-4B0A6EE262FA,2025-09-21T15:40:38+02:00,2025-09-21T13:40:38Z,2025-09-21T14:12:23Z,1905,Wear,Alone,Light activity,,,Indoors,Home,Living room,Near a window,,FALSE,FALSE,FALSE,TRUE,Yes
ADID-4B0A6EE262FA,2025-09-21T16:12:23+02:00,2025-09-21T14:12:23Z,2025-09-21T15:01:26Z,2943,Wear,Alone,Sedentary,,,Indoors,Home,Living room,Near a window,,FALSE,FALSE,FALSE,TRUE,Yes
ADID-4B0A6EE262FA,2025-09-21T17:01:26+02:00,2025-09-21T15:01:26Z,2025-09-21T15:12:51Z,685,Wear,Alone,Light activity,,,Mixed,Semi-open corridor/gallery,,Shade / cloudy,,FALSE,FALSE,FALSE,FALSE,Yes
ADID-4B0A6EE262FA,2025-09-21T17:12:51+02:00,2025-09-21T15:12:51Z,2025-09-21T17:39:53Z,8822,Wear,Alone,Sedentary,,,Indoors,Home,Living room,Near a window,,FALSE,FALSE,FALSE,FALSE,Yes
ADID-4B0A6EE262FA,2025-09-21T19:39:53+02:00,2025-09-21T17:39:53Z,2025-09-21T18:50:04Z,4211,Wear,Alone,Sedentary,,,Indoors,Home,Living room,Near a window,Lights on,TRUE,TRUE,TRUE,FALSE,Yes
ADID-4B0A6EE262FA,2025-09-21T20:50:04+02:00,2025-09-21T18:50:04Z,2025-09-21T19:08:14Z,1090,Wear,Alone,Light activity,,,Mixed,Transportation (car/taxi),,Near a window,Dim light,FALSE,FALSE,FALSE,FALSE,Partly
ADID-4B0A6EE262FA,2025-09-21T21:08:14+02:00,2025-09-21T19:08:14Z,2025-09-21T19:49:11Z,2457,Wear,Alone,Light activity,,,Outdoors,Other,,Shade / cloudy,Lights on,FALSE,FALSE,FALSE,FALSE,No
ADID-4B0A6EE262FA,2025-09-21T21:49:11+02:00,2025-09-21T19:49:11Z,2025-09-21T22:21:29Z,9138,Wear,Alone,Light activity,,,Indoors,Home,Living room,Near a window,Lights on,TRUE,FALSE,TRUE,FALSE,Yes
ADID-4B0A6EE262FA,2025-09-22T00:21:29+02:00,2025-09-21T22:21:29Z,2025-09-22T05:24:35Z,25386,Bedtime,Alone,,,Upward,,,,,Lights off,FALSE,FALSE,FALSE,FALSE,Yes
ADID-4B0A6EE262FA,2025-09-22T07:24:35+02:00,2025-09-22T05:24:35Z,2025-09-22T06:24:34Z,3599,Wear,Alone,Sedentary,,,Indoors,Home,Living room,Near a window,,TRUE,TRUE,FALSE,FALSE,Yes
ADID-4B0A6EE262FA,2025-09-22T08:24:34+02:00,2025-09-22T06:24:34Z,2025-09-22T06:44:00Z,1166,Non-wear,Alone,,Stationary,,,,,,Lights on,FALSE,FALSE,FALSE,FALSE,Yes
ADID-4B0A6EE262FA,2025-09-22T08:44:00+02:00,2025-09-22T06:44:00Z,2025-09-22T07:18:17Z,2057,Wear,Alone,Light activity,,,Mixed,Transportation (car/taxi),,Near a window,Dim light,FALSE,FALSE,FALSE,FALSE,Partly
ADID-4B0A6EE262FA,2025-09-22T09:18:17+02:00,2025-09-22T07:18:17Z,2025-09-22T07:59:12Z,2455,Wear,Alone,Sedentary,,,Indoors,Workplace,Personal workspace/desk,Near a window,Lights on,TRUE,FALSE,TRUE,FALSE,Yes
ADID-4B0A6EE262FA,2025-09-22T09:59:12+02:00,2025-09-22T07:59:12Z,2025-09-22T08:08:42Z,570,Wear,With others,Sedentary,,,Indoors,Workplace,Conference/meeting room,Away from window,Lights on,FALSE,FALSE,FALSE,FALSE,No
ADID-4B0A6EE262FA,2025-09-22T10:08:42+02:00,2025-09-22T08:08:42Z,2025-09-22T09:35:32Z,5210,Wear,With others,Sedentary,,,Indoors,Workplace,Conference/meeting room,Near a window,,FALSE,FALSE,FALSE,FALSE,Partly
ADID-4B0A6EE262FA,2025-09-22T11:35:32+02:00,2025-09-22T09:35:32Z,2025-09-22T10:03:01Z,1649,Wear,Alone,Sedentary,,,Indoors,Workplace,Personal workspace/desk,Near a window,Lights on,TRUE,FALSE,TRUE,FALSE,Yes
ADID-4B0A6EE262FA,2025-09-22T12:03:01+02:00,2025-09-22T10:03:01Z,2025-09-22T10:07:58Z,297,Wear,With others,Light activity,,,Mixed,Other,,Direct sunlight,,FALSE,FALSE,FALSE,FALSE,No
ADID-4B0A6EE262FA,2025-09-22T12:07:58+02:00,2025-09-22T10:07:58Z,2025-09-22T10:38:09Z,1811,Wear,With others,Sedentary,,,Indoors,Commercial,Restaurant/cafeteria/bakery,Near a window,Lights on,FALSE,FALSE,FALSE,FALSE,No
ADID-4B0A6EE262FA,2025-09-22T12:38:09+02:00,2025-09-22T10:38:09Z,2025-09-22T16:58:32Z,22823,Wear,Alone,Sedentary,,,Indoors,Workplace,Personal workspace/desk,Near a window,Lights on,TRUE,FALSE,TRUE,FALSE,Partly
ADID-4B0A6EE262FA,2025-09-22T18:58:32+02:00,2025-09-22T16:58:32Z,2025-09-22T20:23:08Z,12276,Wear,Alone,Light activity,,,Indoors,Home,Living room,Near a window,,FALSE,FALSE,FALSE,FALSE,Yes
ADID-4B0A6EE262FA,2025-09-22T22:23:08+02:00,2025-09-22T20:23:08Z,2025-09-23T04:51:35Z,30507,Bedtime,With others,,,Upward,,,,,,FALSE,FALSE,FALSE,FALSE,Yes
ADID-4B0A6EE262FA,2025-09-23T06:51:35+02:00,2025-09-23T04:51:35Z,2025-09-23T06:30:07Z,5912,Wear,Alone,Sedentary,,,Indoors,Home,Living room,Near a window,Lights on,FALSE,FALSE,FALSE,FALSE,Yes
ADID-4B0A6EE262FA,2025-09-23T08:30:07+02:00,2025-09-23T06:30:07Z,2025-09-23T06:48:13Z,1086,Non-wear,Alone,,Stationary,,,,,,,FALSE,FALSE,FALSE,FALSE,Yes
ADID-4B0A6EE262FA,2025-09-23T08:48:13+02:00,2025-09-23T06:48:13Z,2025-09-23T07:07:43Z,1170,Wear,Alone,Light activity,,,Mixed,Transportation (car/taxi),,Near a window,,FALSE,FALSE,FALSE,FALSE,Yes
ADID-4B0A6EE262FA,2025-09-23T09:07:43+02:00,2025-09-23T07:07:43Z,2025-09-23T07:08:39Z,56,Wear,Alone,Light activity,,,Outdoors,Other,,Direct sunlight,,FALSE,FALSE,FALSE,FALSE,No
ADID-4B0A6EE262FA,2025-09-23T09:08:39+02:00,2025-09-23T07:08:39Z,2025-09-23T07:17:13Z,514,Wear,With others,Sedentary,,,Indoors,Workplace,Personal workspace/desk,Near a window,Lights on,FALSE,FALSE,FALSE,FALSE,Yes
ADID-4B0A6EE262FA,2025-09-23T09:17:13+02:00,2025-09-23T07:17:13Z,2025-09-23T09:46:41Z,8968,Wear,Alone,Sedentary,,,Indoors,Workplace,Personal workspace/desk,Near a window,Lights on,TRUE,FALSE,TRUE,FALSE,Yes
ADID-4B0A6EE262FA,2025-09-23T11:46:41+02:00,2025-09-23T09:46:41Z,2025-09-23T10:21:23Z,2082,Wear,Alone,Light activity,,,Outdoors,Other,,Direct sunlight,,FALSE,FALSE,FALSE,FALSE,
ADID-4B0A6EE262FA,2025-09-23T12:21:23+02:00,2025-09-23T10:21:23Z,,,Wear,Alone,Sedentary,,,Indoors,Workplace,Personal workspace/desk,Near a window,Lights on,TRUE,FALSE,TRUE,FALSE,Yes
ADID-53ED6EC51129,2025-09-21T02:34:54-06:00,2025-09-21T08:34:54Z,2025-09-21T13:52:11Z,19037,Bedtime,With others,,,Upward,,,,,Lights on,TRUE,FALSE,FALSE,FALSE,Yes
ADID-53ED6EC51129,2025-09-21T07:52:11-06:00,2025-09-21T13:52:11Z,2025-09-21T15:43:35Z,6684,Wear,With others,Sedentary,,,Indoors,Home,Living room,Near a window,Lights off,FALSE,FALSE,FALSE,TRUE,Yes
ADID-53ED6EC51129,2025-09-21T09:43:35-06:00,2025-09-21T15:43:35Z,2025-09-21T16:50:43Z,4028,Wear,With others,Sedentary,,,Mixed,Transportation (car/taxi),,Near a window,Lights off,FALSE,FALSE,FALSE,FALSE,No
ADID-53ED6EC51129,2025-09-21T10:50:43-06:00,2025-09-21T16:50:43Z,2025-09-21T18:34:21Z,6218,Wear,With others,Moderate activity,,,Outdoors,Leisure,,Direct sunlight,Lights off,FALSE,FALSE,FALSE,FALSE,
ADID-53ED6EC51129,2025-09-21T12:34:21-06:00,2025-09-21T18:34:21Z,2025-09-21T19:59:31Z,5110,Wear,With others,Sedentary,,,Mixed,Transportation (car/taxi),,Near a window,,FALSE,FALSE,FALSE,FALSE,No
ADID-53ED6EC51129,2025-09-21T13:59:31-06:00,2025-09-21T19:59:31Z,2025-09-21T21:51:25Z,6714,Wear,With others,Light activity,,,Indoors,Home,Kitchen,Near a window,,FALSE,FALSE,FALSE,FALSE,Yes
ADID-53ED6EC51129,2025-09-21T15:51:25-06:00,2025-09-21T21:51:25Z,2025-09-21T22:43:36Z,3131,Non-wear,Alone,,Stationary,,,,,,,TRUE,FALSE,FALSE,FALSE,Partly
ADID-53ED6EC51129,2025-09-21T16:43:36-06:00,2025-09-21T22:43:36Z,2025-09-22T03:25:43Z,16927,Wear,With others,Sedentary,,,Indoors,Home,Home office,Near a window,,TRUE,FALSE,TRUE,FALSE,Partly
ADID-53ED6EC51129,2025-09-21T21:25:43-06:00,2025-09-22T03:25:43Z,2025-09-22T13:19:04Z,35601,Bedtime,With others,,,Upward,,,,,Dim light,TRUE,FALSE,FALSE,FALSE,Yes
ADID-53ED6EC51129,2025-09-22T07:19:04-06:00,2025-09-22T13:19:04Z,2025-09-22T13:48:36Z,1772,Wear,With others,Sedentary,,,Indoors,Home,Living room,Near a window,,TRUE,FALSE,FALSE,FALSE,Yes
ADID-53ED6EC51129,2025-09-22T07:48:36-06:00,2025-09-22T13:48:36Z,2025-09-22T13:59:21Z,645,Wear,With others,Sedentary,,,Mixed,Balcony,,Shade / cloudy,,TRUE,FALSE,FALSE,FALSE,Yes
ADID-53ED6EC51129,2025-09-22T07:59:21-06:00,2025-09-22T13:59:21Z,2025-09-22T16:18:57Z,8376,Wear,Alone,Sedentary,,,Indoors,Home,Home office,Near a window,,TRUE,FALSE,TRUE,FALSE,Yes
ADID-53ED6EC51129,2025-09-22T10:18:57-06:00,2025-09-22T16:18:57Z,2025-09-22T17:48:54Z,5397,Wear,Alone,Light activity,,,Outdoors,Home,,Direct sunlight,,FALSE,FALSE,FALSE,FALSE,Yes
ADID-53ED6EC51129,2025-09-22T11:48:54-06:00,2025-09-22T17:48:54Z,2025-09-22T18:47:30Z,3516,Wear,Alone,High-intensity activity,,,Outdoors,Leisure,,Direct sunlight,,FALSE,FALSE,FALSE,FALSE,
ADID-53ED6EC51129,2025-09-22T12:47:30-06:00,2025-09-22T18:47:30Z,2025-09-23T05:15:11Z,37661,Wear,With others,Light activity,,,Indoors,Home,Home office,Near a window,,TRUE,FALSE,TRUE,FALSE,Yes
ADID-53ED6EC51129,2025-09-22T23:15:11-06:00,2025-09-23T05:15:11Z,2025-09-23T13:01:39Z,27988,Bedtime,With others,,,Upward,,,,,Lights off,TRUE,FALSE,FALSE,FALSE,Yes
ADID-53ED6EC51129,2025-09-23T07:01:39-06:00,2025-09-23T13:01:39Z,,,Non-wear,With others,,Other,,,,,,,FALSE,FALSE,FALSE,FALSE,Partly
ADID-567467DA59F0,2025-09-21T12:04:51+03:00,2025-09-21T09:04:51Z,2025-09-21T09:27:49Z,1378,Wear,With others,Sedentary,,,Indoors,Workplace,Conference/meeting room,Away from window,Lights on,TRUE,FALSE,FALSE,FALSE,Yes
ADID-567467DA59F0,2025-09-21T12:27:49+03:00,2025-09-21T09:27:49Z,2025-09-21T09:30:29Z,160,Wear,With others,Light activity,,,Outdoors,Education,,Direct sunlight,,TRUE,FALSE,FALSE,FALSE,
ADID-567467DA59F0,2025-09-21T12:30:29+03:00,2025-09-21T09:30:29Z,2025-09-21T10:23:58Z,3209,Wear,With others,Sedentary,,,Mixed,Transportation (car/taxi),,Near a window,,TRUE,FALSE,FALSE,FALSE,
ADID-567467DA59F0,2025-09-21T13:23:58+03:00,2025-09-21T10:23:58Z,2025-09-21T10:49:54Z,1556,Wear,With others,Sedentary,,,Indoors,Home,Living room,Away from window,,TRUE,FALSE,FALSE,FALSE,Partly
ADID-567467DA59F0,2025-09-21T13:49:54+03:00,2025-09-21T10:49:54Z,2025-09-21T12:35:20Z,6326,Wear,Alone,Sedentary,,,Indoors,Home,Bedroom,Away from window,Lights off,TRUE,FALSE,FALSE,FALSE,Partly
ADID-567467DA59F0,2025-09-21T15:35:20+03:00,2025-09-21T12:35:20Z,2025-09-21T12:58:13Z,1373,Wear,With others,Light activity,,,Outdoors,Other,,Direct sunlight,,FALSE,FALSE,FALSE,FALSE,
ADID-567467DA59F0,2025-09-21T15:58:13+03:00,2025-09-21T12:58:13Z,2025-09-21T14:09:13Z,4260,Wear,With others,Sedentary,,,Mixed,Covered patio or terrace,,Shade / cloudy,,TRUE,FALSE,FALSE,FALSE,
ADID-567467DA59F0,2025-09-21T17:09:13+03:00,2025-09-21T14:09:13Z,2025-09-21T14:09:37Z,24,Wear,With others,Light activity,,,Outdoors,Commercial,,Direct sunlight,,FALSE,FALSE,FALSE,FALSE,
ADID-567467DA59F0,2025-09-21T17:09:37+03:00,2025-09-21T14:09:37Z,2025-09-21T14:49:39Z,2402,Wear,Alone,Sedentary,,,Indoors,Home,Bedroom,Away from window,,TRUE,FALSE,FALSE,FALSE,
ADID-567467DA59F0,2025-09-21T17:49:39+03:00,2025-09-21T14:49:39Z,2025-09-21T15:15:38Z,1559,Wear,Alone,Light activity,,,Outdoors,Other,,Shade / cloudy,,TRUE,FALSE,FALSE,FALSE,
ADID-567467DA59F0,2025-09-21T18:15:38+03:00,2025-09-21T15:15:38Z,2025-09-21T15:49:52Z,2054,Wear,Alone,Sedentary,,,Mixed,Transportation (bus or commuter/regional rail),,Near a window,,TRUE,FALSE,FALSE,FALSE,
ADID-567467DA59F0,2025-09-21T18:49:52+03:00,2025-09-21T15:49:52Z,2025-09-21T16:16:52Z,1620,Wear,Alone,Sedentary,,,Mixed,"Transportation (underground, subway)",,Away from window,Lights on,TRUE,FALSE,FALSE,FALSE,No
ADID-567467DA59F0,2025-09-21T19:16:52+03:00,2025-09-21T16:16:52Z,2025-09-21T16:30:19Z,807,Wear,Alone,Moderate activity,,,Outdoors,Leisure,,Shade / cloudy,Dim light,FALSE,FALSE,FALSE,FALSE,No
ADID-567467DA59F0,2025-09-21T19:30:19+03:00,2025-09-21T16:30:19Z,2025-09-21T16:46:43Z,984,Wear,Alone,Sedentary,,,Indoors,Commercial,Restaurant/cafeteria/bakery,,Lights on,TRUE,FALSE,FALSE,FALSE,No
ADID-567467DA59F0,2025-09-21T19:46:43+03:00,2025-09-21T16:46:43Z,2025-09-21T17:21:48Z,2105,Wear,Alone,Light activity,,,Outdoors,Leisure,,,Lights on,FALSE,FALSE,FALSE,FALSE,No
ADID-567467DA59F0,2025-09-21T20:21:48+03:00,2025-09-21T17:21:48Z,2025-09-21T18:33:55Z,4327,Wear,With others,Sedentary,,,Indoors,Commercial,Restaurant/cafeteria/bakery,,Lights on,FALSE,FALSE,FALSE,FALSE,No
ADID-567467DA59F0,2025-09-21T21:33:55+03:00,2025-09-21T18:33:55Z,2025-09-21T19:22:52Z,2937,Wear,With others,Light activity,,,Outdoors,Other,,,Lights on,FALSE,FALSE,FALSE,FALSE,No
ADID-567467DA59F0,2025-09-21T22:22:52+03:00,2025-09-21T19:22:52Z,2025-09-21T19:38:49Z,957,Wear,Alone,Light activity,,,Mixed,"Transportation (underground, subway)",,,Lights on,TRUE,FALSE,FALSE,FALSE,No
ADID-567467DA59F0,2025-09-21T22:38:49+03:00,2025-09-21T19:38:49Z,2025-09-21T19:44:46Z,357,Wear,Alone,Moderate activity,,,Outdoors,Other,,,Lights on,TRUE,FALSE,FALSE,FALSE,No
ADID-567467DA59F0,2025-09-21T22:44:46+03:00,2025-09-21T19:44:46Z,2025-09-21T20:50:37Z,3951,Wear,Alone,Sedentary,,,Mixed,Transportation (bus or commuter/regional rail),,,Lights on,TRUE,FALSE,FALSE,FALSE,No
ADID-567467DA59F0,2025-09-21T23:50:37+03:00,2025-09-21T20:50:37Z,2025-09-21T21:18:49Z,1692,Wear,Alone,Light activity,,,Outdoors,Other,,,Dim light,FALSE,FALSE,FALSE,FALSE,No
ADID-567467DA59F0,2025-09-22T00:18:49+03:00,2025-09-21T21:18:49Z,2025-09-21T22:13:40Z,3291,Wear,Alone,Sedentary,,,Indoors,Home,Bedroom,Away from window,Lights on,TRUE,FALSE,FALSE,FALSE,Yes
ADID-567467DA59F0,2025-09-22T01:13:40+03:00,2025-09-21T22:13:40Z,2025-09-21T22:34:16Z,1236,Wear,Alone,Sedentary,,,Indoors,Home,Bedroom,,Dim light,TRUE,FALSE,FALSE,FALSE,Yes
ADID-567467DA59F0,2025-09-22T01:34:16+03:00,2025-09-21T22:34:16Z,2025-09-22T03:12:35Z,16699,Bedtime,Alone,,,Upward,,,,,Lights off,FALSE,FALSE,FALSE,FALSE,Yes
ADID-567467DA59F0,2025-09-22T06:12:35+03:00,2025-09-22T03:12:35Z,2025-09-22T03:54:52Z,2537,Wear,Alone,Sedentary,,,Indoors,Home,Living room,,Lights on,TRUE,FALSE,FALSE,FALSE,Yes
ADID-567467DA59F0,2025-09-22T06:54:52+03:00,2025-09-22T03:54:52Z,2025-09-22T04:00:45Z,353,Wear,Alone,Sedentary,,,Mixed,Covered patio or terrace,,Shade / cloudy,Lights on,TRUE,FALSE,FALSE,FALSE,
ADID-567467DA59F0,2025-09-22T07:00:45+03:00,2025-09-22T04:00:45Z,2025-09-22T04:49:47Z,2942,Wear,Alone,Sedentary,,,Mixed,Covered patio or terrace,,Shade / cloudy,,TRUE,FALSE,FALSE,FALSE,
ADID-567467DA59F0,2025-09-22T07:49:47+03:00,2025-09-22T04:49:47Z,2025-09-22T05:36:19Z,2792,Wear,Alone,Sedentary,,,Indoors,Home,Bedroom,Near a window,,TRUE,FALSE,FALSE,FALSE,Partly
ADID-567467DA59F0,2025-09-22T08:36:19+03:00,2025-09-22T05:36:19Z,2025-09-22T09:24:57Z,13718,Bedtime,Alone,,,Upward,,,,,,FALSE,FALSE,FALSE,FALSE,Partly
ADID-567467DA59F0,2025-09-22T12:24:57+03:00,2025-09-22T09:24:57Z,2025-09-22T11:07:44Z,6167,Wear,Alone,Sedentary,,,Indoors,Home,Living room,Near a window,,TRUE,FALSE,FALSE,FALSE,Partly
ADID-567467DA59F0,2025-09-22T14:07:44+03:00,2025-09-22T11:07:44Z,2025-09-22T11:34:32Z,1608,Wear,With others,Light activity,,,Outdoors,Other,,Direct sunlight,,TRUE,FALSE,FALSE,FALSE,
ADID-567467DA59F0,2025-09-22T14:34:32+03:00,2025-09-22T11:34:32Z,2025-09-22T12:56:41Z,4929,Wear,With others,Sedentary,,,Indoors,Commercial,Other,Near a window,Dim light,TRUE,FALSE,FALSE,TRUE,No
ADID-567467DA59F0,2025-09-22T15:56:41+03:00,2025-09-22T12:56:41Z,2025-09-22T13:21:04Z,1463,Wear,With others,Light activity,,,Outdoors,Leisure,,Shade / cloudy,,FALSE,FALSE,FALSE,FALSE,
ADID-567467DA59F0,2025-09-22T16:21:04+03:00,2025-09-22T13:21:04Z,2025-09-22T13:43:07Z,1323,Wear,With others,Light activity,,,Mixed,Covered patio or terrace,,Shade / cloudy,,FALSE,FALSE,FALSE,FALSE,
ADID-567467DA59F0,2025-09-22T16:43:07+03:00,2025-09-22T13:43:07Z,2025-09-22T14:10:47Z,1660,Wear,With others,Sedentary,,,Indoors,Home,Living room,Away from window,,TRUE,FALSE,FALSE,FALSE,
ADID-567467DA59F0,2025-09-22T17:10:47+03:00,2025-09-22T14:10:47Z,2025-09-22T14:50:42Z,2395,Wear,With others,Light activity,,,Outdoors,Leisure,,Shade / cloudy,,TRUE,FALSE,FALSE,FALSE,
ADID-567467DA59F0,2025-09-22T17:50:42+03:00,2025-09-22T14:50:42Z,2025-09-22T14:51:37Z,55,Wear,With others,Sedentary,,,Mixed,Transportation (car/taxi),,Near a window,,FALSE,FALSE,FALSE,FALSE,
ADID-567467DA59F0,2025-09-22T17:51:37+03:00,2025-09-22T14:51:37Z,2025-09-22T14:55:49Z,252,Wear,With others,Light activity,,,Outdoors,Other,,Direct sunlight,,FALSE,FALSE,FALSE,FALSE,
ADID-567467DA59F0,2025-09-22T17:55:49+03:00,2025-09-22T14:55:49Z,2025-09-22T15:07:12Z,683,Wear,With others,Sedentary,,,Mixed,Transportation (car/taxi),,Near a window,,FALSE,FALSE,FALSE,FALSE,
ADID-567467DA59F0,2025-09-22T18:07:12+03:00,2025-09-22T15:07:12Z,2025-09-22T15:13:26Z,374,Wear,With others,Sedentary,,,Outdoors,Leisure,,,,FALSE,FALSE,FALSE,FALSE,
ADID-567467DA59F0,2025-09-22T18:13:26+03:00,2025-09-22T15:13:26Z,2025-09-22T15:24:34Z,668,Wear,With others,Sedentary,,,Mixed,Transportation (car/taxi),,Near a window,,TRUE,FALSE,FALSE,FALSE,
ADID-567467DA59F0,2025-09-22T18:24:34+03:00,2025-09-22T15:24:34Z,2025-09-22T16:22:58Z,3504,Wear,With others,Sedentary,,,Indoors,Commercial,Other,Near a window,Lights on,TRUE,FALSE,FALSE,FALSE,No
ADID-567467DA59F0,2025-09-22T19:22:58+03:00,2025-09-22T16:22:58Z,2025-09-22T16:35:33Z,755,Wear,With others,Sedentary,,,Indoors,Commercial,Other,Away from window,Lights on,TRUE,FALSE,FALSE,TRUE,Partly
ADID-567467DA59F0,2025-09-22T19:35:33+03:00,2025-09-22T16:35:33Z,2025-09-22T17:29:06Z,3213,Wear,With others,Sedentary,,,Indoors,Commercial,Restaurant/cafeteria/bakery,Near a window,Lights on,TRUE,FALSE,FALSE,FALSE,No
ADID-567467DA59F0,2025-09-22T20:29:06+03:00,2025-09-22T17:29:06Z,2025-09-22T17:36:06Z,420,Wear,With others,Light activity,,,Outdoors,Leisure,,,Lights on,FALSE,FALSE,FALSE,FALSE,No
ADID-567467DA59F0,2025-09-22T20:36:06+03:00,2025-09-22T17:36:06Z,2025-09-22T18:54:40Z,4714,Wear,With others,Sedentary,,,Indoors,Home,Living room,Away from window,Lights on,TRUE,FALSE,TRUE,FALSE,Yes
ADID-567467DA59F0,2025-09-22T21:54:40+03:00,2025-09-22T18:54:40Z,2025-09-22T19:00:11Z,331,Wear,Alone,Light activity,,,Outdoors,Other,,,Lights on,FALSE,FALSE,FALSE,FALSE,No
ADID-567467DA59F0,2025-09-22T22:00:11+03:00,2025-09-22T19:00:11Z,2025-09-22T22:45:27Z,13516,Wear,With others,Sedentary,,,Indoors,Home,Living room,,Lights on,TRUE,FALSE,TRUE,FALSE,Yes
ADID-567467DA59F0,2025-09-23T01:45:27+03:00,2025-09-22T22:45:27Z,2025-09-22T23:07:30Z,1323,Non-wear,Alone,,Dark stationary,,,,,,Lights on,FALSE,FALSE,FALSE,FALSE,Yes
ADID-567467DA59F0,2025-09-23T02:07:30+03:00,2025-09-22T23:07:30Z,2025-09-22T23:25:14Z,1064,Wear,Alone,Sedentary,,,Indoors,Home,Bedroom,,Lights on,TRUE,FALSE,FALSE,FALSE,Yes
ADID-567467DA59F0,2025-09-23T02:25:14+03:00,2025-09-22T23:25:14Z,2025-09-23T04:47:44Z,19350,Bedtime,Alone,,,Upward,,,,,Lights off,FALSE,FALSE,FALSE,FALSE,Yes
ADID-567467DA59F0,2025-09-23T07:47:44+03:00,2025-09-23T04:47:44Z,2025-09-23T04:59:53Z,729,Wear,Alone,Sedentary,,,Indoors,Home,Bedroom,Near a window,Lights on,FALSE,FALSE,FALSE,FALSE,Partly
ADID-567467DA59F0,2025-09-23T07:59:53+03:00,2025-09-23T04:59:53Z,2025-09-23T05:09:34Z,581,Wear,With others,Light activity,,,Outdoors,Leisure,,Direct sunlight,,FALSE,FALSE,FALSE,FALSE,
ADID-567467DA59F0,2025-09-23T08:09:34+03:00,2025-09-23T05:09:34Z,2025-09-23T05:50:26Z,2452,Wear,With others,Sedentary,,,Indoors,Workplace,Open-plan office area,Near a window,Lights on,TRUE,FALSE,FALSE,FALSE,No
ADID-567467DA59F0,2025-09-23T08:50:26+03:00,2025-09-23T05:50:26Z,2025-09-23T06:02:46Z,740,Wear,Alone,Light activity,,,Outdoors,Leisure,,Direct sunlight,,TRUE,FALSE,FALSE,FALSE,
ADID-567467DA59F0,2025-09-23T09:02:46+03:00,2025-09-23T06:02:46Z,2025-09-23T06:08:01Z,315,Wear,Alone,Sedentary,,,Indoors,Home,Bedroom,Away from window,Lights on,TRUE,FALSE,FALSE,FALSE,Yes
ADID-567467DA59F0,2025-09-23T09:08:01+03:00,2025-09-23T06:08:01Z,2025-09-23T08:02:02Z,6841,Wear,Alone,Sedentary,,,Indoors,Home,Bedroom,Away from window,Lights off,TRUE,FALSE,FALSE,FALSE,
ADID-567467DA59F0,2025-09-23T11:02:02+03:00,2025-09-23T08:02:02Z,2025-09-23T09:42:33Z,6031,Wear,With others,Light activity,,,Mixed,Transportation (car/taxi),,Near a window,,FALSE,FALSE,FALSE,FALSE,
ADID-567467DA59F0,2025-09-23T12:42:33+03:00,2025-09-23T09:42:33Z,2025-09-23T10:04:07Z,1294,Wear,With others,Sedentary,,,Mixed,Covered patio or terrace,,Shade / cloudy,,TRUE,FALSE,FALSE,FALSE,
ADID-567467DA59F0,2025-09-23T13:04:07+03:00,2025-09-23T10:04:07Z,2025-09-23T10:24:48Z,1241,Wear,With others,Sedentary,,,Mixed,Transportation (car/taxi),,Near a window,,FALSE,FALSE,FALSE,FALSE,
ADID-567467DA59F0,2025-09-23T13:24:48+03:00,2025-09-23T10:24:48Z,2025-09-23T11:43:10Z,4702,Wear,With others,Light activity,,,Indoors,Workplace,Conference/meeting room,,Lights on,FALSE,FALSE,FALSE,FALSE,Partly
ADID-567467DA59F0,2025-09-23T14:43:10+03:00,2025-09-23T11:43:10Z,2025-09-23T11:59:50Z,1000,Wear,With others,Sedentary,,,Mixed,Covered patio or terrace,,Shade / cloudy,,TRUE,FALSE,FALSE,FALSE,No
ADID-567467DA59F0,2025-09-23T14:59:50+03:00,2025-09-23T11:59:50Z,,,Non-wear,With others,,Other,,,,,,,FALSE,FALSE,FALSE,FALSE,
ADID-5C9557528334,2025-09-21T14:59:53+02:00,2025-09-21T12:59:53Z,2025-09-21T14:43:39Z,6226,Wear,With others,Light activity,,,Indoors,Home,Living room,Near a window,Lights on,FALSE,FALSE,FALSE,FALSE,Yes
ADID-5C9557528334,2025-09-21T16:43:39+02:00,2025-09-21T14:43:39Z,2025-09-21T15:17:52Z,2053,Non-wear,With others,,Stationary,,,,,,Lights on,FALSE,FALSE,FALSE,FALSE,Yes
ADID-5C9557528334,2025-09-21T17:17:52+02:00,2025-09-21T15:17:52Z,2025-09-21T17:59:09Z,9677,Wear,With others,Light activity,,,Indoors,Home,Living room,Near a window,Lights on,FALSE,FALSE,FALSE,FALSE,Yes
ADID-5C9557528334,2025-09-21T19:59:09+02:00,2025-09-21T17:59:09Z,2025-09-21T20:18:44Z,8375,Wear,With others,Sedentary,,,Indoors,Home,Living room,Away from window,Dim light,TRUE,FALSE,FALSE,TRUE,Yes
ADID-5C9557528334,2025-09-21T22:18:44+02:00,2025-09-21T20:18:44Z,2025-09-22T04:18:16Z,28772,Bedtime,With others,,,Upward,,,,,Lights off,FALSE,FALSE,FALSE,FALSE,Yes
ADID-5C9557528334,2025-09-22T06:18:16+02:00,2025-09-22T04:18:16Z,2025-09-22T05:25:37Z,4041,Wear,With others,Sedentary,,,Indoors,Home,Living room,Away from window,Lights on,FALSE,FALSE,FALSE,FALSE,Yes
ADID-5C9557528334,2025-09-22T07:25:37+02:00,2025-09-22T05:25:37Z,2025-09-22T05:43:38Z,1081,Wear,With others,Light activity,,,Outdoors,Leisure,,Shade / cloudy,,FALSE,FALSE,FALSE,FALSE,Yes
ADID-5C9557528334,2025-09-22T07:43:38+02:00,2025-09-22T05:43:38Z,2025-09-22T06:02:04Z,1106,Wear,Alone,Sedentary,,,Indoors,Home,Living room,Near a window,Lights on,FALSE,FALSE,TRUE,FALSE,Yes
ADID-5C9557528334,2025-09-22T08:02:04+02:00,2025-09-22T06:02:04Z,2025-09-22T06:23:35Z,1291,Wear,Alone,Light activity,,,Outdoors,Leisure,,Shade / cloudy,,FALSE,FALSE,FALSE,FALSE,Yes
ADID-5C9557528334,2025-09-22T08:23:35+02:00,2025-09-22T06:23:35Z,2025-09-22T15:27:02Z,32607,Wear,With others,Sedentary,,,Indoors,Home,Living room,Near a window,Lights on,FALSE,FALSE,TRUE,FALSE,Yes
ADID-5C9557528334,2025-09-22T17:27:02+02:00,2025-09-22T15:27:02Z,2025-09-22T20:16:12Z,17350,Wear,With others,Sedentary,,,Indoors,Home,Living room,Near a window,Lights on,TRUE,FALSE,FALSE,TRUE,Yes
ADID-5C9557528334,2025-09-22T22:16:12+02:00,2025-09-22T20:16:12Z,2025-09-23T04:35:27Z,29955,Bedtime,With others,,,Upward,,,,,Lights off,FALSE,FALSE,FALSE,FALSE,Yes
ADID-5C9557528334,2025-09-23T06:35:27+02:00,2025-09-23T04:35:27Z,2025-09-23T05:02:06Z,1599,Wear,With others,Light activity,,,Indoors,Home,Living room,Away from window,Lights on,FALSE,FALSE,FALSE,FALSE,Yes
ADID-5C9557528334,2025-09-23T07:02:06+02:00,2025-09-23T05:02:06Z,2025-09-23T05:26:05Z,1439,Wear,With others,Light activity,,,Mixed,"Transportation (underground, subway)",,Shade / cloudy,Lights on,TRUE,FALSE,FALSE,FALSE,Partly
ADID-5C9557528334,2025-09-23T07:26:05+02:00,2025-09-23T05:26:05Z,2025-09-23T14:02:52Z,31007,Wear,With others,Sedentary,,,Indoors,Workplace,Personal workspace/desk,Near a window,Lights on,FALSE,FALSE,TRUE,FALSE,Partly
ADID-5C9557528334,2025-09-23T16:02:52+02:00,2025-09-23T14:02:52Z,,,Non-wear,Alone,,Stationary,,,,,,Lights on,FALSE,FALSE,FALSE,FALSE,Partly
ADID-63FEF8A3BDF6,2025-09-21T13:21:33+02:00,2025-09-21T11:21:33Z,2025-09-21T13:07:05Z,6332,Wear,Alone,High-intensity activity,,,Outdoors,Other,,Direct sunlight,,TRUE,FALSE,FALSE,FALSE,
ADID-63FEF8A3BDF6,2025-09-21T15:07:05+02:00,2025-09-21T13:07:05Z,2025-09-21T14:37:59Z,5454,Wear,Alone,Sedentary,,,Indoors,Home,Other,Near a window,Dim light,FALSE,TRUE,FALSE,FALSE,Yes
ADID-63FEF8A3BDF6,2025-09-21T16:37:59+02:00,2025-09-21T14:37:59Z,2025-09-21T14:45:03Z,424,Wear,Alone,Light activity,,,Indoors,Other,,Away from window,Lights on,FALSE,TRUE,FALSE,FALSE,Yes
ADID-63FEF8A3BDF6,2025-09-21T16:45:03+02:00,2025-09-21T14:45:03Z,2025-09-21T15:32:45Z,2862,Wear,Alone,Light activity,,,Mixed,Other,,Shade / cloudy,,FALSE,FALSE,FALSE,FALSE,
ADID-63FEF8A3BDF6,2025-09-21T17:32:45+02:00,2025-09-21T15:32:45Z,2025-09-21T16:22:54Z,3009,Wear,Alone,Light activity,,,Indoors,Home,Other,Near a window,,FALSE,FALSE,FALSE,FALSE,Yes
ADID-63FEF8A3BDF6,2025-09-21T18:22:54+02:00,2025-09-21T16:22:54Z,2025-09-21T17:41:50Z,4736,Non-wear,Alone,,Stationary,,,,,,Lights on,FALSE,FALSE,FALSE,FALSE,Yes
ADID-63FEF8A3BDF6,2025-09-21T19:41:50+02:00,2025-09-21T17:41:50Z,2025-09-21T18:23:02Z,2472,Wear,Alone,Sedentary,,,Indoors,Home,Home office,Near a window,,TRUE,TRUE,TRUE,FALSE,Yes
ADID-63FEF8A3BDF6,2025-09-21T20:23:02+02:00,2025-09-21T18:23:02Z,2025-09-21T19:13:34Z,3032,Wear,Alone,Light activity,,,Indoors,Home,Kitchen,Away from window,Dim light,FALSE,FALSE,FALSE,FALSE,Yes
ADID-63FEF8A3BDF6,2025-09-21T21:13:34+02:00,2025-09-21T19:13:34Z,2025-09-22T05:33:45Z,37211,Wear,Alone,Sedentary,,,Indoors,Home,Bedroom,Near a window,Lights off,FALSE,TRUE,FALSE,FALSE,Yes
ADID-63FEF8A3BDF6,2025-09-22T07:33:45+02:00,2025-09-22T05:33:45Z,2025-09-22T05:52:51Z,1146,Bedtime,Alone,,,Upward,,,,,Lights off,FALSE,FALSE,FALSE,FALSE,Yes
ADID-63FEF8A3BDF6,2025-09-22T07:52:51+02:00,2025-09-22T05:52:51Z,2025-09-22T06:31:58Z,2347,Wear,Alone,Sedentary,,,Outdoors,Home,,Shade / cloudy,,FALSE,FALSE,FALSE,FALSE,
ADID-63FEF8A3BDF6,2025-09-22T08:31:58+02:00,2025-09-22T06:31:58Z,2025-09-22T06:58:16Z,1578,Non-wear,Alone,,Stationary,,,,,,Dim light,FALSE,FALSE,FALSE,FALSE,Yes
ADID-63FEF8A3BDF6,2025-09-22T08:58:16+02:00,2025-09-22T06:58:16Z,2025-09-22T14:46:29Z,28093,Wear,Alone,Moderate activity,,,Mixed,Transportation (bike),,Shade / cloudy,,FALSE,FALSE,FALSE,FALSE,
ADID-63FEF8A3BDF6,2025-09-22T16:46:29+02:00,2025-09-22T14:46:29Z,2025-09-22T15:52:52Z,3983,Wear,Alone,Moderate activity,,,Outdoors,Other,,Shade / cloudy,,FALSE,FALSE,FALSE,FALSE,
ADID-63FEF8A3BDF6,2025-09-22T17:52:52+02:00,2025-09-22T15:52:52Z,2025-09-23T05:14:04Z,48072,Wear,Alone,Sedentary,,,Indoors,Home,Living room,Near a window,,FALSE,TRUE,FALSE,FALSE,Yes
ADID-63FEF8A3BDF6,2025-09-23T07:14:04+02:00,2025-09-23T05:14:04Z,2025-09-23T05:40:59Z,1615,Bedtime,Alone,,,Other,,,,,,FALSE,FALSE,FALSE,FALSE,Yes
ADID-63FEF8A3BDF6,2025-09-23T07:40:59+02:00,2025-09-23T05:40:59Z,2025-09-23T06:06:42Z,1543,Wear,Alone,Sedentary,,,Indoors,Home,Bedroom,Near a window,,FALSE,TRUE,FALSE,FALSE,Yes
ADID-63FEF8A3BDF6,2025-09-23T08:06:42+02:00,2025-09-23T06:06:42Z,2025-09-23T06:19:26Z,764,Non-wear,Alone,,Stationary,,,,,,,FALSE,FALSE,FALSE,FALSE,Yes
ADID-63FEF8A3BDF6,2025-09-23T08:19:26+02:00,2025-09-23T06:19:26Z,2025-09-23T06:43:28Z,1442,Wear,Alone,Light activity,,,Indoors,Home,Other,Near a window,Dim light,FALSE,FALSE,FALSE,FALSE,Yes
ADID-63FEF8A3BDF6,2025-09-23T08:43:28+02:00,2025-09-23T06:43:28Z,2025-09-23T09:29:12Z,9944,Wear,Alone,Moderate activity,,,Outdoors,Other,,Shade / cloudy,,FALSE,FALSE,FALSE,FALSE,
ADID-63FEF8A3BDF6,2025-09-23T11:29:12+02:00,2025-09-23T09:29:12Z,2025-09-23T09:36:35Z,443,Wear,With others,Sedentary,,,Indoors,Education,Library,Near a window,,FALSE,FALSE,TRUE,FALSE,No
ADID-63FEF8A3BDF6,2025-09-23T11:36:35+02:00,2025-09-23T09:36:35Z,2025-09-23T12:56:11Z,11976,Wear,Alone,Light activity,,,Indoors,Education,Other,Away from window,Lights on,FALSE,FALSE,FALSE,FALSE,No
ADID-63FEF8A3BDF6,2025-09-23T14:56:11+02:00,2025-09-23T12:56:11Z,,,Wear,With others,Sedentary,,,Indoors,Education,Library,Near a window,,FALSE,TRUE,TRUE,FALSE,Partly
ADID-65FE11BC73D8,2025-09-19T11:26:30+02:00,2025-09-19T09:26:30Z,2025-09-21T09:48:40Z,174130,Non-wear,Alone,,Other,,,,,,Lights on,TRUE,FALSE,FALSE,FALSE,Partly
ADID-65FE11BC73D8,2025-09-21T11:48:40+02:00,2025-09-21T09:48:40Z,2025-09-21T10:12:35Z,1435,Wear,Alone,Light activity,,,Indoors,Home,Living room,Near a window,Dim light,FALSE,FALSE,FALSE,FALSE,Yes
ADID-65FE11BC73D8,2025-09-21T12:12:35+02:00,2025-09-21T10:12:35Z,2025-09-21T10:17:04Z,269,Wear,Alone,Light activity,,,Indoors,Home,Other,Away from window,Lights on,FALSE,FALSE,TRUE,FALSE,Yes
ADID-65FE11BC73D8,2025-09-21T12:17:04+02:00,2025-09-21T10:17:04Z,2025-09-21T10:33:54Z,1010,Wear,Alone,Sedentary,,,Indoors,Home,Home office,Away from window,Lights on,FALSE,FALSE,TRUE,FALSE,Yes
ADID-65FE11BC73D8,2025-09-21T12:33:54+02:00,2025-09-21T10:33:54Z,2025-09-21T10:47:03Z,789,Wear,Alone,Sedentary,,,Indoors,Home,Home office,Away from window,Lights on,FALSE,FALSE,TRUE,FALSE,Yes
ADID-65FE11BC73D8,2025-09-21T12:47:03+02:00,2025-09-21T10:47:03Z,2025-09-21T10:50:28Z,205,Wear,Alone,Light activity,,,Indoors,Home,Other,Away from window,Lights on,FALSE,FALSE,FALSE,FALSE,Yes
ADID-65FE11BC73D8,2025-09-21T12:50:28+02:00,2025-09-21T10:50:28Z,2025-09-21T11:37:52Z,2844,Wear,Alone,Light activity,,,Indoors,Home,Living room,Near a window,,FALSE,FALSE,FALSE,FALSE,Yes
ADID-65FE11BC73D8,2025-09-21T13:37:52+02:00,2025-09-21T11:37:52Z,2025-09-21T11:43:09Z,317,Wear,Alone,Light activity,,,Outdoors,Home,,Shade / cloudy,,FALSE,FALSE,FALSE,FALSE,
ADID-65FE11BC73D8,2025-09-21T13:43:09+02:00,2025-09-21T11:43:09Z,2025-09-21T11:53:03Z,594,Wear,Alone,Light activity,,,Indoors,Home,Living room,Near a window,Lights on,FALSE,FALSE,FALSE,FALSE,Yes
ADID-65FE11BC73D8,2025-09-21T13:53:03+02:00,2025-09-21T11:53:03Z,2025-09-21T11:56:41Z,218,Wear,Alone,Sedentary,,,Indoors,Home,Home office,Near a window,,FALSE,FALSE,TRUE,FALSE,Yes
ADID-65FE11BC73D8,2025-09-21T13:56:41+02:00,2025-09-21T11:56:41Z,2025-09-21T11:58:18Z,97,Wear,Alone,Light activity,,,Indoors,Home,Other,Away from window,Lights on,FALSE,FALSE,FALSE,FALSE,Yes
ADID-65FE11BC73D8,2025-09-21T13:58:18+02:00,2025-09-21T11:58:18Z,2025-09-21T13:42:09Z,6231,Wear,Alone,Sedentary,,,Indoors,Home,Home office,Near a window,,FALSE,FALSE,TRUE,FALSE,Yes
ADID-65FE11BC73D8,2025-09-21T15:42:09+02:00,2025-09-21T13:42:09Z,2025-09-21T14:05:21Z,1392,Wear,Alone,Light activity,,,Indoors,Home,Kitchen,Near a window,Lights on,FALSE,FALSE,FALSE,FALSE,Yes
ADID-65FE11BC73D8,2025-09-21T16:05:21+02:00,2025-09-21T14:05:21Z,2025-09-21T14:20:03Z,882,Wear,Alone,Light activity,,,Indoors,Home,Other,Away from window,Lights on,FALSE,FALSE,FALSE,FALSE,Yes
ADID-65FE11BC73D8,2025-09-21T16:20:03+02:00,2025-09-21T14:20:03Z,2025-09-21T14:42:22Z,1339,Wear,Alone,Light activity,,,Indoors,Home,Living room,Near a window,Lights on,FALSE,FALSE,FALSE,FALSE,Yes
ADID-65FE11BC73D8,2025-09-21T16:42:22+02:00,2025-09-21T14:42:22Z,2025-09-21T15:34:27Z,3125,Wear,With others,Moderate activity,,,Outdoors,Leisure,,Shade / cloudy,,FALSE,FALSE,FALSE,FALSE,
ADID-65FE11BC73D8,2025-09-21T17:34:27+02:00,2025-09-21T15:34:27Z,2025-09-21T15:46:25Z,718,Wear,Alone,Light activity,,,Indoors,Home,Living room,Near a window,Lights on,FALSE,FALSE,FALSE,FALSE,Yes
ADID-65FE11BC73D8,2025-09-21T17:46:25+02:00,2025-09-21T15:46:25Z,2025-09-21T15:49:29Z,184,Wear,Alone,Light activity,,,Outdoors,Leisure,,Shade / cloudy,,FALSE,FALSE,FALSE,FALSE,
ADID-65FE11BC73D8,2025-09-21T17:49:29+02:00,2025-09-21T15:49:29Z,2025-09-21T16:36:32Z,2823,Wear,Alone,Sedentary,,,Mixed,Transportation (car/taxi),,,,FALSE,FALSE,FALSE,FALSE,
ADID-65FE11BC73D8,2025-09-21T18:36:32+02:00,2025-09-21T16:36:32Z,2025-09-21T16:43:15Z,403,Wear,Alone,Light activity,,,Outdoors,Leisure,,Shade / cloudy,,FALSE,FALSE,FALSE,FALSE,
ADID-65FE11BC73D8,2025-09-21T18:43:15+02:00,2025-09-21T16:43:15Z,2025-09-21T18:16:29Z,5594,Wear,Alone,Light activity,,,Indoors,Home,Living room,Near a window,Lights on,FALSE,FALSE,FALSE,FALSE,Yes
ADID-65FE11BC73D8,2025-09-21T20:16:29+02:00,2025-09-21T18:16:29Z,2025-09-21T21:12:18Z,10549,Wear,Alone,Sedentary,,,Indoors,Home,Home office,Away from window,Lights on,FALSE,FALSE,TRUE,FALSE,Yes
ADID-65FE11BC73D8,2025-09-21T23:12:18+02:00,2025-09-21T21:12:18Z,2025-09-21T21:42:25Z,1807,Non-wear,Alone,,Stationary,,,,,,Dim light,FALSE,FALSE,FALSE,FALSE,Yes
ADID-65FE11BC73D8,2025-09-21T23:42:25+02:00,2025-09-21T21:42:25Z,2025-09-22T06:02:08Z,29983,Non-wear,Alone,,Stationary,,,,,,Lights off,FALSE,FALSE,FALSE,FALSE,
ADID-65FE11BC73D8,2025-09-22T08:02:08+02:00,2025-09-22T06:02:08Z,2025-09-22T06:04:34Z,146,Wear,Alone,Light activity,,,Indoors,Home,Bedroom,Near a window,Lights on,FALSE,FALSE,FALSE,FALSE,Yes
ADID-65FE11BC73D8,2025-09-22T08:04:34+02:00,2025-09-22T06:04:34Z,2025-09-22T06:26:06Z,1292,Wear,Alone,Light activity,,,Indoors,Home,Kitchen,Near a window,Lights on,FALSE,FALSE,FALSE,FALSE,Yes
ADID-65FE11BC73D8,2025-09-22T08:26:06+02:00,2025-09-22T06:26:06Z,2025-09-22T06:32:16Z,370,Wear,Alone,Light activity,,,Indoors,Home,Bathroom,Away from window,Lights on,FALSE,FALSE,FALSE,FALSE,Yes
ADID-65FE11BC73D8,2025-09-22T08:32:16+02:00,2025-09-22T06:32:16Z,2025-09-22T06:49:45Z,1049,Non-wear,Alone,,Stationary,,,,,,Lights on,FALSE,FALSE,FALSE,FALSE,Yes
ADID-65FE11BC73D8,2025-09-22T08:49:45+02:00,2025-09-22T06:49:45Z,2025-09-22T06:55:16Z,331,Wear,Alone,Light activity,,,Indoors,Home,Bathroom,Away from window,Lights on,FALSE,FALSE,FALSE,FALSE,Yes
ADID-65FE11BC73D8,2025-09-22T08:55:16+02:00,2025-09-22T06:55:16Z,2025-09-22T06:59:42Z,266,Wear,Alone,Light activity,,,Indoors,Home,Bedroom,Near a window,Lights on,FALSE,FALSE,FALSE,FALSE,Yes
ADID-65FE11BC73D8,2025-09-22T08:59:42+02:00,2025-09-22T06:59:42Z,2025-09-22T07:02:25Z,163,Wear,Alone,Light activity,,,Indoors,Home,Living room,Near a window,Lights on,FALSE,FALSE,FALSE,FALSE,Yes
ADID-65FE11BC73D8,2025-09-22T09:02:25+02:00,2025-09-22T07:02:25Z,2025-09-22T07:04:11Z,106,Wear,Alone,Light activity,,,Outdoors,Other,,Shade / cloudy,,FALSE,FALSE,FALSE,FALSE,
ADID-65FE11BC73D8,2025-09-22T09:04:11+02:00,2025-09-22T07:04:11Z,2025-09-22T07:20:47Z,996,Wear,Alone,Sedentary,,,Mixed,Transportation (car/taxi),,Shade / cloudy,,FALSE,FALSE,FALSE,FALSE,
ADID-65FE11BC73D8,2025-09-22T09:20:47+02:00,2025-09-22T07:20:47Z,2025-09-22T07:24:25Z,218,Wear,Alone,Light activity,,,Outdoors,Other,,Shade / cloudy,,FALSE,FALSE,FALSE,FALSE,
ADID-65FE11BC73D8,2025-09-22T09:24:25+02:00,2025-09-22T07:24:25Z,2025-09-22T07:34:04Z,579,Wear,Alone,Light activity,,,Indoors,Leisure,,Away from window,Lights on,FALSE,FALSE,FALSE,FALSE,No
ADID-65FE11BC73D8,2025-09-22T09:34:04+02:00,2025-09-22T07:34:04Z,2025-09-22T09:28:40Z,6876,Non-wear,With others,,Stationary,,,,,,Lights on,FALSE,FALSE,FALSE,FALSE,No
ADID-65FE11BC73D8,2025-09-22T11:28:40+02:00,2025-09-22T09:28:40Z,2025-09-22T09:39:43Z,663,Wear,Alone,Light activity,,,Indoors,Leisure,,Away from window,Lights on,FALSE,FALSE,FALSE,FALSE,No
ADID-65FE11BC73D8,2025-09-22T11:39:43+02:00,2025-09-22T09:39:43Z,2025-09-22T09:43:08Z,205,Wear,Alone,Light activity,,,Outdoors,Other,,Shade / cloudy,,FALSE,FALSE,FALSE,FALSE,
ADID-65FE11BC73D8,2025-09-22T11:43:08+02:00,2025-09-22T09:43:08Z,2025-09-22T09:57:14Z,846,Wear,Alone,Sedentary,,,Mixed,Transportation (car/taxi),,,,FALSE,FALSE,FALSE,FALSE,
ADID-65FE11BC73D8,2025-09-22T11:57:14+02:00,2025-09-22T09:57:14Z,2025-09-22T09:59:36Z,142,Wear,Alone,Light activity,,,Outdoors,Other,,Shade / cloudy,,FALSE,FALSE,FALSE,FALSE,
ADID-65FE11BC73D8,2025-09-22T11:59:36+02:00,2025-09-22T09:59:36Z,2025-09-22T10:16:59Z,1043,Wear,Alone,Light activity,,,Indoors,Commercial,Convenience store/supermarkt,,Lights on,FALSE,FALSE,FALSE,FALSE,No
ADID-65FE11BC73D8,2025-09-22T12:16:59+02:00,2025-09-22T10:16:59Z,2025-09-22T10:21:18Z,259,Wear,Alone,Light activity,,,Outdoors,Other,,Shade / cloudy,,FALSE,FALSE,FALSE,FALSE,
ADID-65FE11BC73D8,2025-09-22T12:21:18+02:00,2025-09-22T10:21:18Z,2025-09-22T10:28:35Z,437,Wear,Alone,Sedentary,,,Mixed,Transportation (car/taxi),,Shade / cloudy,,FALSE,FALSE,FALSE,FALSE,
ADID-65FE11BC73D8,2025-09-22T12:28:35+02:00,2025-09-22T10:28:35Z,2025-09-22T10:31:16Z,161,Wear,Alone,Light activity,,,Outdoors,Other,,Shade / cloudy,,FALSE,FALSE,FALSE,FALSE,
ADID-65FE11BC73D8,2025-09-22T12:31:16+02:00,2025-09-22T10:31:16Z,2025-09-22T10:52:47Z,1291,Wear,Alone,Light activity,,,Indoors,Home,Living room,Near a window,Lights on,FALSE,FALSE,FALSE,FALSE,Yes
ADID-65FE11BC73D8,2025-09-22T12:52:47+02:00,2025-09-22T10:52:47Z,2025-09-22T12:30:36Z,5869,Wear,Alone,Sedentary,,,Indoors,Home,Home office,Near a window,,FALSE,FALSE,TRUE,FALSE,Yes
ADID-65FE11BC73D8,2025-09-22T14:30:36+02:00,2025-09-22T12:30:36Z,2025-09-22T13:01:37Z,1861,Wear,Alone,Light activity,,,Indoors,Home,Living room,Near a window,,FALSE,FALSE,FALSE,FALSE,Yes
ADID-65FE11BC73D8,2025-09-22T15:01:37+02:00,2025-09-22T13:01:37Z,2025-09-22T13:05:15Z,218,Wear,Alone,Light activity,,,Indoors,Home,Bathroom,Away from window,Lights on,FALSE,FALSE,FALSE,FALSE,Yes
ADID-65FE11BC73D8,2025-09-22T15:05:15+02:00,2025-09-22T13:05:15Z,2025-09-22T13:28:11Z,1376,Non-wear,Alone,,Stationary,,,,,,Lights on,FALSE,FALSE,FALSE,FALSE,Yes
ADID-65FE11BC73D8,2025-09-22T15:28:11+02:00,2025-09-22T13:28:11Z,2025-09-22T13:43:59Z,948,Wear,Alone,Light activity,,,Indoors,Home,Living room,Near a window,Lights on,FALSE,FALSE,FALSE,FALSE,Yes
ADID-65FE11BC73D8,2025-09-22T15:43:59+02:00,2025-09-22T13:43:59Z,2025-09-22T14:05:22Z,1283,Wear,Alone,Sedentary,,,Outdoors,Home,,Direct sunlight,,FALSE,FALSE,FALSE,FALSE,
ADID-65FE11BC73D8,2025-09-22T16:05:22+02:00,2025-09-22T14:05:22Z,2025-09-22T14:24:59Z,1177,Wear,Alone,Light activity,,,Indoors,Home,Living room,Near a window,Lights on,FALSE,FALSE,FALSE,FALSE,Yes
ADID-65FE11BC73D8,2025-09-22T16:24:59+02:00,2025-09-22T14:24:59Z,2025-09-22T14:35:32Z,633,Wear,Alone,Sedentary,,,Outdoors,Home,,Direct sunlight,,FALSE,FALSE,FALSE,FALSE,
ADID-65FE11BC73D8,2025-09-22T16:35:32+02:00,2025-09-22T14:35:32Z,2025-09-22T15:59:55Z,5063,Wear,Alone,Light activity,,,Indoors,Home,Living room,Near a window,Lights on,FALSE,FALSE,FALSE,FALSE,Yes
ADID-65FE11BC73D8,2025-09-22T17:59:55+02:00,2025-09-22T15:59:55Z,2025-09-22T16:42:52Z,2577,Wear,Alone,Sedentary,,,Indoors,Home,Home office,Near a window,Lights on,FALSE,FALSE,TRUE,FALSE,Yes
ADID-65FE11BC73D8,2025-09-22T18:42:52+02:00,2025-09-22T16:42:52Z,2025-09-22T16:48:49Z,357,Wear,Alone,Light activity,,,Indoors,Home,Other,Away from window,Lights on,FALSE,FALSE,FALSE,FALSE,Yes
ADID-65FE11BC73D8,2025-09-22T18:48:49+02:00,2025-09-22T16:48:49Z,2025-09-22T18:27:43Z,5934,Wear,Alone,Sedentary,,,Indoors,Home,Home office,Near a window,Lights on,FALSE,FALSE,TRUE,FALSE,Yes
ADID-65FE11BC73D8,2025-09-22T20:27:43+02:00,2025-09-22T18:27:43Z,2025-09-22T18:40:54Z,791,Wear,Alone,Light activity,,,Indoors,Home,Living room,Away from window,Lights on,FALSE,FALSE,FALSE,FALSE,Yes
ADID-65FE11BC73D8,2025-09-22T20:40:54+02:00,2025-09-22T18:40:54Z,2025-09-22T19:29:13Z,2899,Wear,Alone,Sedentary,,,Indoors,Home,Home office,Away from window,Lights on,FALSE,FALSE,TRUE,FALSE,Yes
ADID-65FE11BC73D8,2025-09-22T21:29:13+02:00,2025-09-22T19:29:13Z,2025-09-22T21:05:32Z,5779,Wear,Alone,Sedentary,,,Indoors,Home,Bedroom,Away from window,Dim light,FALSE,FALSE,TRUE,FALSE,Yes
ADID-65FE11BC73D8,2025-09-22T23:05:32+02:00,2025-09-22T21:05:32Z,2025-09-22T21:40:55Z,2123,Non-wear,Alone,,Stationary,,,,,,Dim light,FALSE,FALSE,FALSE,FALSE,Yes
ADID-65FE11BC73D8,2025-09-22T23:40:55+02:00,2025-09-22T21:40:55Z,2025-09-23T05:52:59Z,29524,Bedtime,Alone,,,Upward,,,,,Lights off,FALSE,FALSE,FALSE,FALSE,Yes
ADID-65FE11BC73D8,2025-09-23T07:52:59+02:00,2025-09-23T05:52:59Z,2025-09-23T05:57:12Z,253,Wear,Alone,Light activity,,,Indoors,Home,Bedroom,Near a window,Lights on,TRUE,FALSE,FALSE,FALSE,Yes
ADID-65FE11BC73D8,2025-09-23T07:57:12+02:00,2025-09-23T05:57:12Z,2025-09-23T05:58:55Z,103,Wear,Alone,Light activity,,,Indoors,Home,Kitchen,Near a window,,FALSE,FALSE,FALSE,FALSE,Yes
ADID-65FE11BC73D8,2025-09-23T07:58:55+02:00,2025-09-23T05:58:55Z,2025-09-23T06:09:54Z,659,Wear,Alone,Light activity,,,Indoors,Home,Living room,Near a window,Lights on,FALSE,FALSE,FALSE,FALSE,Yes
ADID-65FE11BC73D8,2025-09-23T08:09:54+02:00,2025-09-23T06:09:54Z,2025-09-23T06:22:41Z,767,Wear,Alone,Light activity,,,Indoors,Home,Bathroom,Away from window,Lights on,TRUE,FALSE,FALSE,FALSE,Yes
ADID-65FE11BC73D8,2025-09-23T08:22:41+02:00,2025-09-23T06:22:41Z,2025-09-23T06:45:49Z,1388,Non-wear,Alone,,Stationary,,,,,,Lights on,FALSE,FALSE,FALSE,FALSE,Yes
ADID-65FE11BC73D8,2025-09-23T08:45:49+02:00,2025-09-23T06:45:49Z,2025-09-23T06:49:29Z,220,Wear,Alone,Light activity,,,Indoors,Home,Bedroom,Near a window,,TRUE,FALSE,FALSE,FALSE,Yes
ADID-65FE11BC73D8,2025-09-23T08:49:29+02:00,2025-09-23T06:49:29Z,2025-09-23T07:54:45Z,3916,Wear,Alone,Light activity,,,Indoors,Home,Kitchen,Near a window,Lights on,TRUE,FALSE,FALSE,FALSE,Yes
ADID-65FE11BC73D8,2025-09-23T09:54:45+02:00,2025-09-23T07:54:45Z,2025-09-23T08:25:33Z,1848,Wear,Alone,Light activity,,,Indoors,Home,Home office,Near a window,,TRUE,FALSE,TRUE,FALSE,Yes
ADID-65FE11BC73D8,2025-09-23T10:25:33+02:00,2025-09-23T08:25:33Z,2025-09-23T08:27:58Z,145,Wear,Alone,Light activity,,,Indoors,Home,Living room,Near a window,Lights on,FALSE,FALSE,FALSE,FALSE,Yes
ADID-65FE11BC73D8,2025-09-23T10:27:58+02:00,2025-09-23T08:27:58Z,2025-09-23T10:09:35Z,6097,Wear,Alone,Sedentary,,,Indoors,Home,Home office,Near a window,,FALSE,FALSE,TRUE,FALSE,Yes
ADID-65FE11BC73D8,2025-09-23T12:09:35+02:00,2025-09-23T10:09:35Z,2025-09-23T10:12:09Z,154,Wear,Alone,Light activity,,,Indoors,Home,Living room,Near a window,Lights on,FALSE,FALSE,FALSE,FALSE,Yes
ADID-65FE11BC73D8,2025-09-23T12:12:09+02:00,2025-09-23T10:12:09Z,2025-09-23T10:15:42Z,213,Wear,Alone,Light activity,,,Outdoors,Home,,Direct sunlight,,FALSE,FALSE,FALSE,FALSE,
ADID-65FE11BC73D8,2025-09-23T12:15:42+02:00,2025-09-23T10:15:42Z,2025-09-23T10:22:13Z,391,Wear,Alone,Light activity,,,Indoors,Home,Kitchen,Near a window,Lights on,FALSE,FALSE,FALSE,FALSE,Yes
ADID-65FE11BC73D8,2025-09-23T12:22:13+02:00,2025-09-23T10:22:13Z,2025-09-23T10:27:49Z,336,Wear,Alone,Light activity,,,Indoors,Home,Other,Away from window,Lights on,FALSE,FALSE,FALSE,FALSE,Yes
ADID-65FE11BC73D8,2025-09-23T12:27:49+02:00,2025-09-23T10:27:49Z,2025-09-23T11:58:55Z,5466,Wear,Alone,Light activity,,,Indoors,Home,Bedroom,Near a window,Lights on,FALSE,FALSE,FALSE,FALSE,Yes
ADID-65FE11BC73D8,2025-09-23T13:58:55+02:00,2025-09-23T11:58:55Z,2025-09-23T12:03:05Z,250,Wear,Alone,Light activity,,,Indoors,Home,Other,Near a window,Lights on,FALSE,FALSE,FALSE,FALSE,Yes
ADID-65FE11BC73D8,2025-09-23T14:03:05+02:00,2025-09-23T12:03:05Z,2025-09-23T12:35:17Z,1932,Wear,Alone,Sedentary,,,Indoors,Home,Home office,Near a window,,FALSE,FALSE,TRUE,FALSE,Yes
ADID-65FE11BC73D8,2025-09-23T14:35:17+02:00,2025-09-23T12:35:17Z,,,Non-wear,Alone,,Dark mobile,,,,,,,FALSE,FALSE,FALSE,FALSE,
ADID-7310E020E246,2025-09-21T12:03:47+03:00,2025-09-21T09:03:47Z,2025-09-21T09:27:42Z,1435,Wear,With others,Sedentary,,,Indoors,Workplace,Conference/meeting room,Near a window,Lights on,TRUE,FALSE,FALSE,FALSE,Yes
ADID-7310E020E246,2025-09-21T12:27:42+03:00,2025-09-21T09:27:42Z,2025-09-21T09:30:05Z,143,Wear,With others,Light activity,,,Outdoors,Education,,Direct sunlight,,TRUE,FALSE,FALSE,FALSE,
ADID-7310E020E246,2025-09-21T12:30:05+03:00,2025-09-21T09:30:05Z,2025-09-21T09:38:04Z,479,Wear,With others,Sedentary,,,Mixed,Transportation (car/taxi),,Near a window,,TRUE,FALSE,FALSE,FALSE,
ADID-7310E020E246,2025-09-21T12:38:04+03:00,2025-09-21T09:38:04Z,2025-09-21T09:46:48Z,524,Wear,With others,Light activity,,,Outdoors,Other,,Direct sunlight,,TRUE,FALSE,FALSE,FALSE,
ADID-7310E020E246,2025-09-21T12:46:48+03:00,2025-09-21T09:46:48Z,2025-09-21T10:37:26Z,3038,Wear,With others,Sedentary,,,Outdoors,Commercial,,Shade / cloudy,,TRUE,FALSE,FALSE,FALSE,
ADID-7310E020E246,2025-09-21T13:37:26+03:00,2025-09-21T10:37:26Z,2025-09-21T10:50:25Z,779,Wear,With others,Light activity,,,Outdoors,Other,,Direct sunlight,,TRUE,FALSE,FALSE,FALSE,
ADID-7310E020E246,2025-09-21T13:50:25+03:00,2025-09-21T10:50:25Z,2025-09-21T13:28:55Z,9510,Wear,With others,Sedentary,,,Indoors,Home,Living room,Near a window,Dim light,TRUE,FALSE,FALSE,FALSE,Partly
ADID-7310E020E246,2025-09-21T16:28:55+03:00,2025-09-21T13:28:55Z,2025-09-21T13:42:57Z,842,Wear,Alone,Sedentary,,,Outdoors,Home,,Direct sunlight,,TRUE,FALSE,FALSE,FALSE,
ADID-7310E020E246,2025-09-21T16:42:57+03:00,2025-09-21T13:42:57Z,2025-09-21T15:05:37Z,4960,Wear,Alone,Sedentary,,,Indoors,Home,Bedroom,Near a window,Dim light,TRUE,FALSE,FALSE,FALSE,Partly
ADID-7310E020E246,2025-09-21T18:05:37+03:00,2025-09-21T15:05:37Z,2025-09-21T15:37:18Z,1901,Wear,With others,Light activity,,,Outdoors,Other,,Direct sunlight,,TRUE,FALSE,FALSE,FALSE,
ADID-7310E020E246,2025-09-21T18:37:18+03:00,2025-09-21T15:37:18Z,2025-09-21T17:16:54Z,5976,Wear,With others,Sedentary,,,Outdoors,Other,,Direct sunlight,,TRUE,FALSE,FALSE,FALSE,
ADID-7310E020E246,2025-09-21T20:16:54+03:00,2025-09-21T17:16:54Z,2025-09-21T19:26:32Z,7778,Wear,With others,Sedentary,,,Indoors,Home,Bedroom,Away from window,Lights on,TRUE,FALSE,TRUE,FALSE,Yes
ADID-7310E020E246,2025-09-21T22:26:32+03:00,2025-09-21T19:26:32Z,2025-09-22T05:20:45Z,35653,Bedtime,With others,,,Other,,,,,Dim light,TRUE,FALSE,TRUE,FALSE,No
ADID-7310E020E246,2025-09-22T08:20:45+03:00,2025-09-22T05:20:45Z,2025-09-22T05:41:47Z,1262,Non-wear,With others,,Stationary,,,,,,Dim light,TRUE,FALSE,FALSE,FALSE,Yes
ADID-7310E020E246,2025-09-22T08:41:47+03:00,2025-09-22T05:41:47Z,2025-09-22T05:54:34Z,767,Wear,With others,Light activity,,,Outdoors,Other,,Direct sunlight,,TRUE,FALSE,FALSE,FALSE,
ADID-7310E020E246,2025-09-22T08:54:34+03:00,2025-09-22T05:54:34Z,2025-09-22T08:50:23Z,10549,Wear,Alone,Light activity,,,Indoors,Home,Living room,Near a window,Dim light,TRUE,FALSE,FALSE,FALSE,Partly
ADID-7310E020E246,2025-09-22T11:50:23+03:00,2025-09-22T08:50:23Z,2025-09-22T10:44:37Z,6854,Wear,With others,Light activity,,,Outdoors,Commercial,,Direct sunlight,,TRUE,FALSE,FALSE,FALSE,
ADID-7310E020E246,2025-09-22T13:44:37+03:00,2025-09-22T10:44:37Z,2025-09-22T18:34:17Z,28180,Wear,With others,Sedentary,,,Mixed,Veranda,,Shade / cloudy,Dim light,TRUE,FALSE,FALSE,FALSE,No
ADID-7310E020E246,2025-09-22T21:34:17+03:00,2025-09-22T18:34:17Z,2025-09-22T19:05:05Z,1848,Wear,With others,Light activity,,,Outdoors,Other,,Direct sunlight,Dim light,TRUE,FALSE,FALSE,FALSE,No
ADID-7310E020E246,2025-09-22T22:05:05+03:00,2025-09-22T19:05:05Z,2025-09-22T21:25:40Z,8435,Wear,With others,Sedentary,,,Mixed,Covered patio or terrace,,Shade / cloudy,Lights on,TRUE,FALSE,FALSE,FALSE,No
ADID-7310E020E246,2025-09-23T00:25:40+03:00,2025-09-22T21:25:40Z,2025-09-22T21:39:07Z,807,Wear,With others,Sedentary,,,Mixed,Transportation (car/taxi),,Near a window,Dim light,TRUE,FALSE,FALSE,FALSE,No
ADID-7310E020E246,2025-09-23T00:39:07+03:00,2025-09-22T21:39:07Z,2025-09-23T00:50:50Z,11503,Wear,With others,Light activity,,,Indoors,Home,Living room,Near a window,Lights on,TRUE,FALSE,FALSE,FALSE,Yes
ADID-7310E020E246,2025-09-23T03:50:50+03:00,2025-09-23T00:50:50Z,2025-09-23T10:18:02Z,34032,Bedtime,With others,,,Upward,,,,,Dim light,TRUE,FALSE,FALSE,FALSE,Partly
ADID-7310E020E246,2025-09-23T13:18:02+03:00,2025-09-23T10:18:02Z,2025-09-23T10:47:05Z,1743,Non-wear,Alone,,Stationary,,,,,,Lights on,TRUE,FALSE,FALSE,FALSE,Yes
ADID-7310E020E246,2025-09-23T13:47:05+03:00,2025-09-23T10:47:05Z,2025-09-23T11:38:15Z,3070,Wear,Alone,Light activity,,,Indoors,Home,Living room,Away from window,Lights on,TRUE,FALSE,FALSE,FALSE,Yes
ADID-7310E020E246,2025-09-23T14:38:15+03:00,2025-09-23T11:38:15Z,2025-09-23T11:44:04Z,349,Wear,Alone,Light activity,,,Outdoors,Other,,Direct sunlight,,TRUE,FALSE,FALSE,FALSE,
ADID-7310E020E246,2025-09-23T14:44:04+03:00,2025-09-23T11:44:04Z,2025-09-23T11:59:03Z,899,Wear,With others,Sedentary,,,Mixed,Veranda,,Shade / cloudy,Dim light,TRUE,FALSE,FALSE,FALSE,No
ADID-7310E020E246,2025-09-23T14:59:03+03:00,2025-09-23T11:59:03Z,,,Non-wear,With others,,Stationary,,,,,,Dim light,TRUE,FALSE,FALSE,FALSE,No
ADID-78ACB0DBC3FD,2025-09-21T06:42:18-06:00,2025-09-21T12:42:18Z,2025-09-21T12:45:44Z,206,Wear,Alone,Light activity,,,Indoors,Home,Other,Near a window,Dim light,TRUE,FALSE,FALSE,FALSE,Partly
ADID-78ACB0DBC3FD,2025-09-21T06:45:44-06:00,2025-09-21T12:45:44Z,2025-09-21T14:41:41Z,6957,Wear,Alone,Light activity,,,Indoors,Home,Kitchen,Near a window,Lights off,TRUE,FALSE,FALSE,FALSE,Yes
ADID-78ACB0DBC3FD,2025-09-21T08:41:41-06:00,2025-09-21T14:41:41Z,2025-09-21T18:01:40Z,11999,Wear,Alone,Sedentary,,,Indoors,Home,Bedroom,Near a window,Lights off,TRUE,FALSE,TRUE,FALSE,Yes
ADID-78ACB0DBC3FD,2025-09-21T12:01:40-06:00,2025-09-21T18:01:40Z,2025-09-21T18:42:34Z,2454,Wear,With others,Light activity,,,Indoors,Home,Kitchen,Near a window,Lights off,TRUE,FALSE,FALSE,FALSE,Yes
ADID-78ACB0DBC3FD,2025-09-21T12:42:34-06:00,2025-09-21T18:42:34Z,2025-09-21T19:22:03Z,2369,Wear,Alone,Sedentary,,,Indoors,Home,Bathroom,Near a window,Lights off,TRUE,FALSE,FALSE,FALSE,Yes
ADID-78ACB0DBC3FD,2025-09-21T13:22:03-06:00,2025-09-21T19:22:03Z,2025-09-21T19:35:44Z,821,Wear,Alone,Sedentary,,,Indoors,Home,Bedroom,Near a window,Lights off,TRUE,FALSE,FALSE,FALSE,Yes
ADID-78ACB0DBC3FD,2025-09-21T13:35:44-06:00,2025-09-21T19:35:44Z,2025-09-21T21:12:27Z,5803,Wear,With others,Sedentary,,,Indoors,Home,Kitchen,Near a window,Lights on,TRUE,FALSE,FALSE,FALSE,Yes
ADID-78ACB0DBC3FD,2025-09-21T15:12:27-06:00,2025-09-21T21:12:27Z,2025-09-21T21:36:00Z,1413,Wear,Alone,Sedentary,,,Indoors,Home,Home office,Near a window,Lights off,TRUE,FALSE,TRUE,FALSE,Yes
ADID-78ACB0DBC3FD,2025-09-21T15:36:00-06:00,2025-09-21T21:36:00Z,2025-09-21T21:56:51Z,1251,Non-wear,Alone,,Stationary,,,,,,Lights on,TRUE,FALSE,FALSE,FALSE,
ADID-78ACB0DBC3FD,2025-09-21T15:56:51-06:00,2025-09-21T21:56:51Z,2025-09-21T22:01:11Z,260,Wear,Alone,Light activity,,,Indoors,Home,Bathroom,Near a window,Lights on,TRUE,FALSE,FALSE,FALSE,Yes
ADID-78ACB0DBC3FD,2025-09-21T16:01:11-06:00,2025-09-21T22:01:11Z,2025-09-21T22:34:44Z,2013,Wear,Alone,Light activity,,,Indoors,Home,Bedroom,Near a window,Lights on,TRUE,FALSE,FALSE,FALSE,Yes
ADID-78ACB0DBC3FD,2025-09-21T16:34:44-06:00,2025-09-21T22:34:44Z,2025-09-22T01:31:09Z,10585,Wear,Alone,Moderate activity,,,Mixed,Other,,Near a window,Lights on,TRUE,FALSE,FALSE,FALSE,
ADID-78ACB0DBC3FD,2025-09-21T19:31:09-06:00,2025-09-22T01:31:09Z,2025-09-22T01:33:01Z,112,Wear,With others,Sedentary,,,Mixed,Transportation (car/taxi),,Shade / cloudy,Lights on,TRUE,FALSE,FALSE,FALSE,No
ADID-78ACB0DBC3FD,2025-09-21T19:33:01-06:00,2025-09-22T01:33:01Z,2025-09-22T02:02:24Z,1763,Wear,With others,Light activity,,,Outdoors,Commercial,,Shade / cloudy,Lights on,TRUE,FALSE,FALSE,FALSE,No
ADID-78ACB0DBC3FD,2025-09-21T20:02:24-06:00,2025-09-22T02:02:24Z,2025-09-22T04:05:33Z,7389,Wear,With others,Sedentary,,,Indoors,Commercial,Restaurant/cafeteria/bakery,Near a window,Lights on,TRUE,FALSE,FALSE,FALSE,No
ADID-78ACB0DBC3FD,2025-09-21T22:05:33-06:00,2025-09-22T04:05:33Z,2025-09-22T04:31:27Z,1554,Wear,With others,Light activity,,,Indoors,Home,Living room,Near a window,Lights on,TRUE,FALSE,FALSE,FALSE,Yes
ADID-78ACB0DBC3FD,2025-09-21T22:31:27-06:00,2025-09-22T04:31:27Z,2025-09-22T09:50:01Z,19114,Bedtime,With others,,,Upward,,,,,Lights off,TRUE,FALSE,FALSE,FALSE,Yes
ADID-78ACB0DBC3FD,2025-09-22T03:50:01-06:00,2025-09-22T09:50:01Z,2025-09-22T09:58:07Z,486,Wear,With others,Light activity,,,Indoors,Home,Living room,Near a window,Lights on,TRUE,FALSE,FALSE,FALSE,Yes
ADID-78ACB0DBC3FD,2025-09-22T03:58:07-06:00,2025-09-22T09:58:07Z,2025-09-22T10:08:17Z,610,Wear,Alone,Sedentary,,,Indoors,Home,Bathroom,Near a window,Lights on,TRUE,FALSE,FALSE,FALSE,Yes
ADID-78ACB0DBC3FD,2025-09-22T04:08:17-06:00,2025-09-22T10:08:17Z,2025-09-22T10:40:24Z,1927,Wear,With others,Light activity,,,Indoors,Home,Living room,Near a window,Lights on,TRUE,FALSE,FALSE,FALSE,Yes
ADID-78ACB0DBC3FD,2025-09-22T04:40:24-06:00,2025-09-22T10:40:24Z,2025-09-22T11:59:28Z,4744,Wear,With others,Sedentary,,,Mixed,Transportation (car/taxi),Other,Near a window,Lights off,TRUE,FALSE,FALSE,FALSE,Yes
ADID-78ACB0DBC3FD,2025-09-22T05:59:28-06:00,2025-09-22T11:59:28Z,2025-09-22T12:04:01Z,273,Wear,Alone,Light activity,,,Outdoors,Other,,Direct sunlight,Lights off,TRUE,FALSE,FALSE,FALSE,
ADID-78ACB0DBC3FD,2025-09-22T06:04:01-06:00,2025-09-22T12:04:01Z,2025-09-22T12:09:26Z,325,Wear,With others,Sedentary,,,Mixed,Transportation (car/taxi),,Near a window,Lights off,TRUE,FALSE,FALSE,FALSE,
ADID-78ACB0DBC3FD,2025-09-22T06:09:26-06:00,2025-09-22T12:09:26Z,2025-09-22T12:55:06Z,2740,Wear,With others,Sedentary,,,Indoors,Commercial,Restaurant/cafeteria/bakery,Near a window,Lights on,TRUE,FALSE,FALSE,FALSE,No
ADID-78ACB0DBC3FD,2025-09-22T06:55:06-06:00,2025-09-22T12:55:06Z,2025-09-22T12:57:38Z,152,Wear,Alone,Sedentary,,,Mixed,Transportation (car/taxi),Other,Near a window,Lights off,TRUE,FALSE,FALSE,FALSE,
ADID-78ACB0DBC3FD,2025-09-22T06:57:38-06:00,2025-09-22T12:57:38Z,2025-09-22T13:12:30Z,892,Wear,Alone,Sedentary,,,Indoors,Commercial,Other,Away from window,Lights on,TRUE,FALSE,FALSE,FALSE,Partly
ADID-78ACB0DBC3FD,2025-09-22T07:12:30-06:00,2025-09-22T13:12:30Z,2025-09-22T13:41:56Z,1766,Wear,With others,Sedentary,,,Mixed,Transportation (car/taxi),,Near a window,Lights off,TRUE,FALSE,FALSE,FALSE,
ADID-78ACB0DBC3FD,2025-09-22T07:41:56-06:00,2025-09-22T13:41:56Z,2025-09-22T14:09:47Z,1671,Wear,With others,Light activity,,,Outdoors,Other,,Direct sunlight,Lights off,TRUE,FALSE,FALSE,FALSE,
ADID-78ACB0DBC3FD,2025-09-22T08:09:47-06:00,2025-09-22T14:09:47Z,2025-09-22T14:13:19Z,212,Wear,With others,Light activity,,,Indoors,Other,,Away from window,Dim light,TRUE,FALSE,FALSE,FALSE,No
ADID-78ACB0DBC3FD,2025-09-22T08:13:19-06:00,2025-09-22T14:13:19Z,2025-09-22T14:38:28Z,1509,Wear,With others,Sedentary,,,Mixed,Transportation (car/taxi),,Near a window,,TRUE,FALSE,FALSE,FALSE,
ADID-78ACB0DBC3FD,2025-09-22T08:38:28-06:00,2025-09-22T14:38:28Z,2025-09-22T14:39:55Z,87,Wear,With others,Light activity,,,Outdoors,Other,,Direct sunlight,,TRUE,FALSE,FALSE,FALSE,
ADID-78ACB0DBC3FD,2025-09-22T08:39:55-06:00,2025-09-22T14:39:55Z,2025-09-22T16:07:06Z,5231,Wear,With others,Sedentary,,,Mixed,Transportation (car/taxi),,Near a window,,TRUE,FALSE,FALSE,FALSE,
ADID-78ACB0DBC3FD,2025-09-22T10:07:06-06:00,2025-09-22T16:07:06Z,2025-09-22T16:09:59Z,173,Wear,With others,Moderate activity,,,Indoors,Other,,Near a window,Lights off,TRUE,FALSE,FALSE,FALSE,No
ADID-78ACB0DBC3FD,2025-09-22T10:09:59-06:00,2025-09-22T16:09:59Z,2025-09-22T16:27:48Z,1069,Wear,With others,Light activity,,,Mixed,Transportation (car/taxi),,Near a window,,TRUE,FALSE,FALSE,FALSE,
ADID-78ACB0DBC3FD,2025-09-22T10:27:48-06:00,2025-09-22T16:27:48Z,2025-09-22T16:39:05Z,677,Wear,With others,Light activity,,,Outdoors,Education,,Direct sunlight,Lights off,TRUE,FALSE,FALSE,FALSE,
ADID-78ACB0DBC3FD,2025-09-22T10:39:05-06:00,2025-09-22T16:39:05Z,2025-09-22T16:59:50Z,1245,Wear,With others,Sedentary,,,Indoors,Education,Lecture hall,Near a window,Lights off,TRUE,FALSE,FALSE,FALSE,No
ADID-78ACB0DBC3FD,2025-09-22T10:59:50-06:00,2025-09-22T16:59:50Z,2025-09-22T17:48:58Z,2948,Wear,With others,Sedentary,,,Indoors,Education,Classroom,Near a window,Lights off,TRUE,FALSE,FALSE,FALSE,No
ADID-78ACB0DBC3FD,2025-09-22T11:48:58-06:00,2025-09-22T17:48:58Z,2025-09-22T17:50:43Z,105,Wear,With others,Light activity,,,Outdoors,Education,,Direct sunlight,Lights off,TRUE,FALSE,FALSE,FALSE,
ADID-78ACB0DBC3FD,2025-09-22T11:50:43-06:00,2025-09-22T17:50:43Z,2025-09-22T18:18:08Z,1645,Wear,With others,Sedentary,,,Mixed,Transportation (car/taxi),,Near a window,Lights off,TRUE,FALSE,FALSE,FALSE,
ADID-78ACB0DBC3FD,2025-09-22T12:18:08-06:00,2025-09-22T18:18:08Z,2025-09-22T18:38:38Z,1230,Wear,With others,Light activity,,,Mixed,Semi-open corridor/gallery,,Near a window,Lights off,TRUE,FALSE,FALSE,FALSE,
ADID-78ACB0DBC3FD,2025-09-22T12:38:38-06:00,2025-09-22T18:38:38Z,2025-09-22T18:39:20Z,42,Wear,With others,Sedentary,,,Mixed,Transportation (car/taxi),,Near a window,Lights off,TRUE,FALSE,FALSE,FALSE,
ADID-78ACB0DBC3FD,2025-09-22T12:39:20-06:00,2025-09-22T18:39:20Z,2025-09-22T18:43:22Z,242,Wear,With others,Light activity,,,Outdoors,Commercial,,Direct sunlight,Lights off,TRUE,FALSE,FALSE,FALSE,
ADID-78ACB0DBC3FD,2025-09-22T12:43:22-06:00,2025-09-22T18:43:22Z,2025-09-22T19:17:33Z,2051,Wear,With others,Sedentary,,,Indoors,Commercial,Other,Near a window,Lights off,TRUE,FALSE,FALSE,FALSE,Yes
ADID-78ACB0DBC3FD,2025-09-22T13:17:33-06:00,2025-09-22T19:17:33Z,2025-09-22T19:40:17Z,1364,Wear,Alone,Sedentary,,,Indoors,Home,Bathroom,Near a window,Lights off,TRUE,FALSE,FALSE,FALSE,Yes
ADID-78ACB0DBC3FD,2025-09-22T13:40:17-06:00,2025-09-22T19:40:17Z,2025-09-22T20:55:12Z,4495,Wear,With others,Sedentary,,,Indoors,Home,Bedroom,Near a window,Lights off,TRUE,FALSE,FALSE,TRUE,Yes
ADID-78ACB0DBC3FD,2025-09-22T14:55:12-06:00,2025-09-22T20:55:12Z,2025-09-22T22:02:12Z,4020,Bedtime,With others,,,Upward,,,,,Lights off,TRUE,FALSE,TRUE,FALSE,Yes
ADID-78ACB0DBC3FD,2025-09-22T16:02:12-06:00,2025-09-22T22:02:12Z,2025-09-22T22:14:33Z,741,Wear,With others,Sedentary,,,Indoors,Home,Bedroom,Near a window,Lights off,TRUE,FALSE,FALSE,FALSE,Yes
ADID-78ACB0DBC3FD,2025-09-22T16:14:33-06:00,2025-09-22T22:14:33Z,2025-09-22T22:19:57Z,324,Wear,Alone,Sedentary,,,Indoors,Home,Bathroom,Away from window,Lights on,TRUE,FALSE,FALSE,FALSE,Yes
ADID-78ACB0DBC3FD,2025-09-22T16:19:57-06:00,2025-09-22T22:19:57Z,2025-09-22T22:55:54Z,2157,Wear,With others,Sedentary,,,Mixed,Transportation (car/taxi),,Direct sunlight,Lights off,TRUE,FALSE,FALSE,FALSE,Yes
ADID-78ACB0DBC3FD,2025-09-22T16:55:54-06:00,2025-09-22T22:55:54Z,2025-09-22T23:24:38Z,1724,Wear,With others,Sedentary,,,Indoors,Commercial,Restaurant/cafeteria/bakery,Near a window,Dim light,TRUE,FALSE,FALSE,FALSE,No
ADID-78ACB0DBC3FD,2025-09-22T17:24:38-06:00,2025-09-22T23:24:38Z,2025-09-23T01:32:50Z,7692,Wear,With others,Light activity,,,Indoors,Commercial,Convenience store/supermarkt,Away from window,Lights on,TRUE,FALSE,FALSE,FALSE,No
ADID-78ACB0DBC3FD,2025-09-22T19:32:50-06:00,2025-09-23T01:32:50Z,2025-09-23T01:49:32Z,1002,Wear,With others,Sedentary,,,Mixed,Transportation (car/taxi),,Near a window,Lights off,TRUE,FALSE,FALSE,FALSE,
ADID-78ACB0DBC3FD,2025-09-22T19:49:32-06:00,2025-09-23T01:49:32Z,2025-09-23T02:02:10Z,758,Wear,With others,Sedentary,,,Mixed,Covered patio or terrace,,Direct sunlight,Dim light,TRUE,FALSE,FALSE,FALSE,No
ADID-78ACB0DBC3FD,2025-09-22T20:02:10-06:00,2025-09-23T02:02:10Z,2025-09-23T05:05:48Z,11018,Wear,With others,Light activity,,,Indoors,Home,Bedroom,Near a window,Dim light,TRUE,FALSE,FALSE,FALSE,Yes
ADID-78ACB0DBC3FD,2025-09-22T23:05:48-06:00,2025-09-23T05:05:48Z,2025-09-23T05:07:40Z,112,Wear,Alone,Light activity,,,Indoors,Home,Bathroom,Away from window,Lights on,TRUE,FALSE,FALSE,FALSE,Yes
ADID-78ACB0DBC3FD,2025-09-22T23:07:40-06:00,2025-09-23T05:07:40Z,2025-09-23T12:25:21Z,26261,Bedtime,With others,,,Upward,,,,,Lights off,TRUE,FALSE,FALSE,FALSE,Yes
ADID-78ACB0DBC3FD,2025-09-23T06:25:21-06:00,2025-09-23T12:25:21Z,2025-09-23T12:42:42Z,1041,Wear,With others,Light activity,,,Indoors,Home,Bedroom,Near a window,Lights on,TRUE,FALSE,FALSE,FALSE,Yes
ADID-78ACB0DBC3FD,2025-09-23T06:42:42-06:00,2025-09-23T12:42:42Z,2025-09-23T13:46:33Z,3831,Wear,With others,Light activity,,,Outdoors,Commercial,,Direct sunlight,Lights off,TRUE,FALSE,FALSE,FALSE,
ADID-78ACB0DBC3FD,2025-09-23T07:46:33-06:00,2025-09-23T13:46:33Z,2025-09-23T13:54:05Z,452,Wear,With others,Sedentary,,,Mixed,Transportation (car/taxi),,Near a window,Lights off,TRUE,FALSE,FALSE,FALSE,
ADID-78ACB0DBC3FD,2025-09-23T07:54:05-06:00,2025-09-23T13:54:05Z,2025-09-23T14:01:29Z,444,Wear,With others,Light activity,,,Outdoors,Commercial,,Shade / cloudy,Lights off,TRUE,FALSE,FALSE,FALSE,No
ADID-78ACB0DBC3FD,2025-09-23T08:01:29-06:00,2025-09-23T14:01:29Z,2025-09-23T16:20:17Z,8328,Wear,With others,Sedentary,,,Indoors,Commercial,Other,Away from window,Lights on,TRUE,FALSE,FALSE,FALSE,No
ADID-78ACB0DBC3FD,2025-09-23T10:20:17-06:00,2025-09-23T16:20:17Z,2025-09-23T16:23:45Z,208,Wear,With others,Light activity,,,Outdoors,Other,,Direct sunlight,Lights off,TRUE,FALSE,FALSE,FALSE,
ADID-78ACB0DBC3FD,2025-09-23T10:23:45-06:00,2025-09-23T16:23:45Z,2025-09-23T16:24:24Z,39,Wear,With others,Sedentary,,,Mixed,Transportation (car/taxi),,Near a window,Lights off,TRUE,FALSE,FALSE,FALSE,
ADID-78ACB0DBC3FD,2025-09-23T10:24:24-06:00,2025-09-23T16:24:24Z,2025-09-23T16:56:37Z,1933,Wear,With others,Light activity,,,Indoors,Commercial,Convenience store/supermarkt,Near a window,Dim light,TRUE,FALSE,FALSE,FALSE,No
ADID-78ACB0DBC3FD,2025-09-23T10:56:37-06:00,2025-09-23T16:56:37Z,2025-09-23T19:45:19Z,10122,Wear,With others,Sedentary,,,Mixed,Transportation (car/taxi),,Direct sunlight,Lights off,TRUE,FALSE,FALSE,FALSE,
ADID-78ACB0DBC3FD,2025-09-23T13:45:19-06:00,2025-09-23T19:45:19Z,,,Non-wear,With others,,Dark mobile,,,,,,Lights off,FALSE,FALSE,FALSE,FALSE,
ADID-7DE08D073801,2025-09-21T09:36:46-07:00,2025-09-21T16:36:46Z,2025-09-21T17:50:37Z,4431,Non-wear,With others,,Stationary,,,,,,Lights on,FALSE,FALSE,FALSE,FALSE,Partly
ADID-7DE08D073801,2025-09-21T10:50:37-07:00,2025-09-21T17:50:37Z,2025-09-21T20:10:59Z,8422,Non-wear,With others,,Stationary,,,,,,Dim light,FALSE,FALSE,FALSE,FALSE,Partly
ADID-7DE08D073801,2025-09-21T13:10:59-07:00,2025-09-21T20:10:59Z,2025-09-21T21:02:03Z,3064,Wear,With others,Light activity,,,Indoors,Home,Bedroom,Near a window,Dim light,FALSE,FALSE,FALSE,FALSE,Partly
ADID-7DE08D073801,2025-09-21T14:02:03-07:00,2025-09-21T21:02:03Z,2025-09-22T01:24:29Z,15746,Wear,With others,Moderate activity,,,Mixed,Transportation (bike),,Direct sunlight,Lights on,FALSE,FALSE,FALSE,FALSE,No
ADID-7DE08D073801,2025-09-21T18:24:29-07:00,2025-09-22T01:24:29Z,2025-09-22T15:32:24Z,50875,Non-wear,With others,,Dark stationary,,,,,,Dim light,FALSE,FALSE,FALSE,FALSE,Partly
ADID-7DE08D073801,2025-09-22T08:32:24-07:00,2025-09-22T15:32:24Z,2025-09-22T15:44:11Z,707,Wear,With others,Light activity,,,Mixed,Transportation (car/taxi),,Direct sunlight,,FALSE,FALSE,FALSE,FALSE,No
ADID-7DE08D073801,2025-09-22T08:44:11-07:00,2025-09-22T15:44:11Z,2025-09-22T16:06:32Z,1341,Wear,Alone,Moderate activity,,,Outdoors,Other,,Direct sunlight,,FALSE,FALSE,FALSE,FALSE,No
ADID-7DE08D073801,2025-09-22T09:06:32-07:00,2025-09-22T16:06:32Z,2025-09-22T17:58:19Z,6707,Non-wear,Alone,,Stationary,,,,,,,FALSE,FALSE,FALSE,FALSE,Partly
ADID-7DE08D073801,2025-09-22T10:58:19-07:00,2025-09-22T17:58:19Z,2025-09-22T18:24:26Z,1567,Wear,With others,Light activity,,,Outdoors,Other,,Direct sunlight,,FALSE,FALSE,FALSE,FALSE,No
ADID-7DE08D073801,2025-09-22T11:24:26-07:00,2025-09-22T18:24:26Z,2025-09-22T18:46:57Z,1351,Wear,With others,Moderate activity,,,Indoors,Education,Laboratory,Near a window,Lights on,FALSE,FALSE,FALSE,FALSE,No
ADID-7DE08D073801,2025-09-22T11:46:57-07:00,2025-09-22T18:46:57Z,2025-09-22T19:04:34Z,1057,Wear,With others,Moderate activity,,,Outdoors,Other,,Direct sunlight,,FALSE,FALSE,FALSE,FALSE,No
ADID-7DE08D073801,2025-09-22T12:04:34-07:00,2025-09-22T19:04:34Z,2025-09-22T19:39:36Z,2102,Wear,Alone,Moderate activity,,,Outdoors,Other,,Direct sunlight,,FALSE,FALSE,FALSE,FALSE,No
ADID-7DE08D073801,2025-09-22T12:39:36-07:00,2025-09-22T19:39:36Z,2025-09-22T20:49:25Z,4189,Wear,Alone,Light activity,,,Mixed,Other,,Direct sunlight,Dim light,FALSE,FALSE,FALSE,FALSE,No
ADID-7DE08D073801,2025-09-22T13:49:25-07:00,2025-09-22T20:49:25Z,2025-09-22T20:49:58Z,33,Wear,Alone,Moderate activity,,,Outdoors,Other,,Direct sunlight,,FALSE,FALSE,FALSE,FALSE,No
ADID-7DE08D073801,2025-09-22T13:49:58-07:00,2025-09-22T20:49:58Z,2025-09-23T01:54:48Z,18290,Wear,Alone,Sedentary,,,Indoors,Workplace,Personal workspace/desk,Near a window,Lights on,FALSE,FALSE,FALSE,FALSE,Partly
ADID-7DE08D073801,2025-09-22T18:54:48-07:00,2025-09-23T01:54:48Z,2025-09-23T02:03:37Z,529,Wear,With others,Moderate activity,,,Mixed,Transportation (bike),,Direct sunlight,Lights on,FALSE,FALSE,FALSE,FALSE,No
ADID-7DE08D073801,2025-09-22T19:03:37-07:00,2025-09-23T02:03:37Z,2025-09-23T02:49:20Z,2743,Wear,Alone,Light activity,,,Outdoors,Leisure,,Shade / cloudy,,FALSE,FALSE,FALSE,FALSE,No
ADID-7DE08D073801,2025-09-22T19:49:20-07:00,2025-09-23T02:49:20Z,2025-09-23T02:50:40Z,80,Non-wear,Alone,,Stationary,,,,,,Dim light,FALSE,FALSE,FALSE,FALSE,No
ADID-7DE08D073801,2025-09-22T19:50:40-07:00,2025-09-23T02:50:40Z,,,Non-wear,With others,,Stationary,,,,,,Lights on,FALSE,FALSE,FALSE,FALSE,Partly
ADID-7F89604AA824,2025-09-21T11:54:30+03:00,2025-09-21T08:54:30Z,2025-09-21T09:11:22Z,1012,Wear,With others,Sedentary,,,Mixed,Transportation (car/taxi),,Near a window,,TRUE,FALSE,FALSE,FALSE,Yes
ADID-7F89604AA824,2025-09-21T12:11:22+03:00,2025-09-21T09:11:22Z,2025-09-21T13:17:14Z,14752,Wear,With others,Sedentary,,,Indoors,Commercial,Restaurant/cafeteria/bakery,Away from window,Lights on,TRUE,FALSE,TRUE,FALSE,No
ADID-7F89604AA824,2025-09-21T16:17:14+03:00,2025-09-21T13:17:14Z,2025-09-21T13:20:39Z,205,Wear,With others,Light activity,,,Indoors,Leisure,,Away from window,Lights on,FALSE,FALSE,FALSE,FALSE,No
ADID-7F89604AA824,2025-09-21T16:20:39+03:00,2025-09-21T13:20:39Z,2025-09-21T14:46:38Z,5159,Wear,With others,Sedentary,,,Indoors,Commercial,Restaurant/cafeteria/bakery,Away from window,Lights on,TRUE,FALSE,TRUE,FALSE,No
ADID-7F89604AA824,2025-09-21T17:46:38+03:00,2025-09-21T14:46:38Z,2025-09-21T14:58:36Z,718,Wear,With others,Light activity,,,Indoors,Commercial,Shopping mall,Away from window,Lights on,FALSE,FALSE,FALSE,FALSE,Partly
ADID-7F89604AA824,2025-09-21T17:58:36+03:00,2025-09-21T14:58:36Z,2025-09-21T15:18:40Z,1204,Wear,With others,Sedentary,,,Mixed,Transportation (car/taxi),,Shade / cloudy,,FALSE,FALSE,FALSE,FALSE,Partly
ADID-7F89604AA824,2025-09-21T18:18:40+03:00,2025-09-21T15:18:40Z,2025-09-21T15:23:52Z,312,Wear,Alone,Light activity,,,Outdoors,Home,,Direct sunlight,,FALSE,FALSE,FALSE,FALSE,Yes
ADID-7F89604AA824,2025-09-21T18:23:52+03:00,2025-09-21T15:23:52Z,2025-09-21T15:25:59Z,127,Wear,With others,Light activity,,,Indoors,Home,Living room,Near a window,,TRUE,FALSE,FALSE,FALSE,Yes
ADID-7F89604AA824,2025-09-21T18:25:59+03:00,2025-09-21T15:25:59Z,2025-09-21T15:33:51Z,472,Wear,Alone,Sedentary,,,Indoors,Home,Bathroom,Away from window,Lights on,TRUE,FALSE,FALSE,FALSE,Yes
ADID-7F89604AA824,2025-09-21T18:33:51+03:00,2025-09-21T15:33:51Z,2025-09-21T16:25:00Z,3069,Wear,With others,Sedentary,,,Indoors,Home,Living room,Near a window,,FALSE,FALSE,FALSE,FALSE,Yes
ADID-7F89604AA824,2025-09-21T19:25:00+03:00,2025-09-21T16:25:00Z,2025-09-21T16:53:50Z,1730,Wear,With others,Sedentary,,,Indoors,Home,Living room,Away from window,Lights on,TRUE,FALSE,FALSE,FALSE,Yes
ADID-7F89604AA824,2025-09-21T19:53:50+03:00,2025-09-21T16:53:50Z,2025-09-21T17:05:01Z,671,Wear,Alone,Sedentary,,,Mixed,Balcony,Other,,Dim light,TRUE,FALSE,FALSE,FALSE,Yes
ADID-7F89604AA824,2025-09-21T20:05:01+03:00,2025-09-21T17:05:01Z,2025-09-21T17:07:40Z,159,Wear,With others,Light activity,,,Indoors,Home,Parking garage,Away from window,Lights on,FALSE,FALSE,FALSE,FALSE,Yes
ADID-7F89604AA824,2025-09-21T20:07:40+03:00,2025-09-21T17:07:40Z,2025-09-21T17:29:30Z,1310,Wear,With others,Sedentary,,,Mixed,Transportation (car/taxi),,,,FALSE,FALSE,FALSE,FALSE,Partly
ADID-7F89604AA824,2025-09-21T20:29:30+03:00,2025-09-21T17:29:30Z,2025-09-21T18:48:54Z,4764,Wear,With others,Moderate activity,,,Outdoors,Leisure,,,Dim light,FALSE,FALSE,FALSE,FALSE,No
ADID-7F89604AA824,2025-09-21T21:48:54+03:00,2025-09-21T18:48:54Z,2025-09-21T19:16:18Z,1644,Wear,With others,Sedentary,,,Mixed,Transportation (car/taxi),,,Dim light,TRUE,FALSE,FALSE,FALSE,Partly
ADID-7F89604AA824,2025-09-21T22:16:18+03:00,2025-09-21T19:16:18Z,2025-09-21T19:23:44Z,446,Wear,With others,Light activity,,,Indoors,Home,Bedroom,Away from window,Lights on,FALSE,FALSE,FALSE,FALSE,Yes
ADID-7F89604AA824,2025-09-21T22:23:44+03:00,2025-09-21T19:23:44Z,2025-09-21T19:47:17Z,1413,Wear,Alone,Sedentary,,,Mixed,Balcony,,,Dim light,FALSE,FALSE,FALSE,FALSE,Yes
ADID-7F89604AA824,2025-09-21T22:47:17+03:00,2025-09-21T19:47:17Z,2025-09-21T19:55:15Z,478,Wear,Alone,Sedentary,,,Indoors,Home,Bedroom,,Lights on,TRUE,FALSE,FALSE,FALSE,Yes
ADID-7F89604AA824,2025-09-21T22:55:15+03:00,2025-09-21T19:55:15Z,2025-09-21T19:58:11Z,176,Wear,Alone,Sedentary,,,Indoors,Home,Bathroom,,Lights on,TRUE,FALSE,FALSE,FALSE,Yes
ADID-7F89604AA824,2025-09-21T22:58:11+03:00,2025-09-21T19:58:11Z,2025-09-21T20:52:35Z,3264,Wear,Alone,Sedentary,,,Indoors,Home,Bedroom,,Lights off,TRUE,FALSE,FALSE,FALSE,Yes
ADID-7F89604AA824,2025-09-21T23:52:35+03:00,2025-09-21T20:52:35Z,2025-09-22T04:23:17Z,27042,Bedtime,Alone,,,Upward,,,,,Lights off,FALSE,FALSE,FALSE,FALSE,Yes
ADID-7F89604AA824,2025-09-22T07:23:17+03:00,2025-09-22T04:23:17Z,2025-09-22T04:46:26Z,1389,Wear,Alone,Sedentary,,,Indoors,Home,Bathroom,Away from window,Lights on,TRUE,FALSE,FALSE,FALSE,Yes
ADID-7F89604AA824,2025-09-22T07:46:26+03:00,2025-09-22T04:46:26Z,2025-09-22T04:51:34Z,308,Non-wear,Alone,,Stationary,,,,,,,FALSE,FALSE,FALSE,FALSE,Yes
ADID-7F89604AA824,2025-09-22T07:51:34+03:00,2025-09-22T04:51:34Z,2025-09-22T05:27:00Z,2126,Wear,With others,Sedentary,,,Indoors,Home,Bedroom,Near a window,,FALSE,FALSE,FALSE,FALSE,Yes
ADID-7F89604AA824,2025-09-22T08:27:00+03:00,2025-09-22T05:27:00Z,2025-09-22T06:27:59Z,3659,Wear,With others,Light activity,,,Indoors,Home,Living room,Near a window,,FALSE,FALSE,FALSE,FALSE,Yes
ADID-7F89604AA824,2025-09-22T09:27:59+03:00,2025-09-22T06:27:59Z,2025-09-22T06:31:25Z,206,Wear,Alone,Sedentary,,,Indoors,Home,Bathroom,Away from window,Lights on,TRUE,FALSE,FALSE,FALSE,Yes
ADID-7F89604AA824,2025-09-22T09:31:25+03:00,2025-09-22T06:31:25Z,2025-09-22T06:44:12Z,767,Wear,With others,Light activity,,,Indoors,Home,Living room,Near a window,,FALSE,FALSE,FALSE,FALSE,Yes
ADID-7F89604AA824,2025-09-22T09:44:12+03:00,2025-09-22T06:44:12Z,2025-09-22T06:48:17Z,245,Wear,With others,Light activity,,,Mixed,Veranda,,Away from window,Lights on,FALSE,FALSE,FALSE,FALSE,No
ADID-7F89604AA824,2025-09-22T09:48:17+03:00,2025-09-22T06:48:17Z,2025-09-22T07:28:43Z,2426,Wear,With others,Sedentary,,,Mixed,Transportation (car/taxi),,Near a window,,FALSE,FALSE,FALSE,FALSE,No
ADID-7F89604AA824,2025-09-22T10:28:43+03:00,2025-09-22T07:28:43Z,2025-09-22T08:47:17Z,4714,Wear,Alone,Light activity,,,Indoors,Workplace,Break/lounge area,Near a window,,FALSE,FALSE,FALSE,FALSE,No
ADID-7F89604AA824,2025-09-22T11:47:17+03:00,2025-09-22T08:47:17Z,2025-09-22T10:22:04Z,5687,Wear,Alone,Sedentary,,,Indoors,Workplace,Open-plan office area,Near a window,,TRUE,FALSE,TRUE,FALSE,Partly
ADID-7F89604AA824,2025-09-22T13:22:04+03:00,2025-09-22T10:22:04Z,2025-09-22T10:48:28Z,1584,Wear,With others,Sedentary,,,Mixed,Transportation (car/taxi),,Shade / cloudy,,TRUE,FALSE,FALSE,FALSE,Partly
ADID-7F89604AA824,2025-09-22T13:48:28+03:00,2025-09-22T10:48:28Z,2025-09-22T10:54:15Z,347,Wear,With others,Light activity,,,Outdoors,Leisure,,Direct sunlight,,FALSE,FALSE,FALSE,FALSE,Yes
ADID-7F89604AA824,2025-09-22T13:54:15+03:00,2025-09-22T10:54:15Z,2025-09-22T12:42:01Z,6466,Wear,With others,Sedentary,,,Indoors,Commercial,Restaurant/cafeteria/bakery,Near a window,Dim light,TRUE,FALSE,TRUE,FALSE,Partly
ADID-7F89604AA824,2025-09-22T15:42:01+03:00,2025-09-22T12:42:01Z,2025-09-22T12:45:15Z,194,Wear,Alone,Light activity,,,Outdoors,Leisure,,Direct sunlight,,FALSE,FALSE,FALSE,FALSE,Yes
ADID-7F89604AA824,2025-09-22T15:45:15+03:00,2025-09-22T12:45:15Z,2025-09-22T13:23:42Z,2307,Wear,With others,Sedentary,,,Mixed,Transportation (car/taxi),,Near a window,,FALSE,FALSE,FALSE,FALSE,Yes
ADID-7F89604AA824,2025-09-22T16:23:42+03:00,2025-09-22T13:23:42Z,2025-09-22T13:27:15Z,213,Wear,With others,Light activity,,,Mixed,Covered patio or terrace,,Direct sunlight,,FALSE,FALSE,FALSE,FALSE,Yes
ADID-7F89604AA824,2025-09-22T16:27:15+03:00,2025-09-22T13:27:15Z,2025-09-22T13:34:35Z,440,Wear,With others,Light activity,,,Indoors,Home,Parking garage,Away from window,Lights on,FALSE,FALSE,FALSE,FALSE,No
ADID-7F89604AA824,2025-09-22T16:34:35+03:00,2025-09-22T13:34:35Z,2025-09-22T13:41:30Z,415,Wear,With others,Sedentary,,,Mixed,Transportation (car/taxi),,Shade / cloudy,,FALSE,FALSE,FALSE,FALSE,Partly
ADID-7F89604AA824,2025-09-22T16:41:30+03:00,2025-09-22T13:41:30Z,2025-09-22T14:45:13Z,3823,Wear,With others,Sedentary,,,Indoors,Commercial,Restaurant/cafeteria/bakery,Near a window,Lights on,TRUE,FALSE,TRUE,FALSE,Partly
ADID-7F89604AA824,2025-09-22T17:45:13+03:00,2025-09-22T14:45:13Z,2025-09-22T14:49:12Z,239,Wear,With others,Sedentary,,,Mixed,Transportation (car/taxi),,Shade / cloudy,,FALSE,FALSE,FALSE,FALSE,Partly
ADID-7F89604AA824,2025-09-22T17:49:12+03:00,2025-09-22T14:49:12Z,2025-09-22T14:50:34Z,82,Wear,With others,Light activity,,,Outdoors,Home,,Direct sunlight,,FALSE,FALSE,FALSE,FALSE,Yes
ADID-7F89604AA824,2025-09-22T17:50:34+03:00,2025-09-22T14:50:34Z,2025-09-22T14:58:49Z,495,Wear,With others,Light activity,,,Indoors,Home,Parking garage,Away from window,Lights on,FALSE,FALSE,FALSE,FALSE,No
ADID-7F89604AA824,2025-09-22T17:58:49+03:00,2025-09-22T14:58:49Z,2025-09-22T15:30:41Z,1912,Wear,With others,Sedentary,,,Mixed,Transportation (car/taxi),,Shade / cloudy,,FALSE,FALSE,FALSE,FALSE,No
ADID-7F89604AA824,2025-09-22T18:30:41+03:00,2025-09-22T15:30:41Z,2025-09-22T15:44:31Z,830,Wear,With others,Moderate activity,,,Indoors,Home,Parking garage,Away from window,Lights on,FALSE,FALSE,FALSE,FALSE,No
ADID-7F89604AA824,2025-09-22T18:44:31+03:00,2025-09-22T15:44:31Z,2025-09-22T15:48:16Z,225,Wear,With others,Moderate activity,,,Outdoors,Leisure,,Direct sunlight,Lights on,FALSE,FALSE,FALSE,FALSE,No
ADID-7F89604AA824,2025-09-22T18:48:16+03:00,2025-09-22T15:48:16Z,2025-09-22T16:49:42Z,3686,Wear,With others,Sedentary,,,Indoors,Commercial,Restaurant/cafeteria/bakery,Near a window,Lights on,FALSE,FALSE,FALSE,FALSE,No
ADID-7F89604AA824,2025-09-22T19:49:42+03:00,2025-09-22T16:49:42Z,2025-09-22T17:02:38Z,776,Wear,With others,Moderate activity,,,Outdoors,Leisure,,,Lights on,FALSE,FALSE,FALSE,FALSE,No
ADID-7F89604AA824,2025-09-22T20:02:38+03:00,2025-09-22T17:02:38Z,2025-09-22T17:49:04Z,2786,Wear,With others,Moderate activity,,,Indoors,Commercial,Shopping mall,,Lights on,FALSE,FALSE,FALSE,FALSE,No
ADID-7F89604AA824,2025-09-22T20:49:04+03:00,2025-09-22T17:49:04Z,2025-09-22T18:14:33Z,1529,Wear,With others,Sedentary,,,Mixed,Transportation (car/taxi),,,Lights on,FALSE,FALSE,FALSE,FALSE,No
ADID-7F89604AA824,2025-09-22T21:14:33+03:00,2025-09-22T18:14:33Z,2025-09-22T18:18:36Z,243,Wear,With others,Light activity,,,Indoors,Home,Parking garage,,Lights on,FALSE,FALSE,FALSE,FALSE,No
ADID-7F89604AA824,2025-09-22T21:18:36+03:00,2025-09-22T18:18:36Z,2025-09-22T18:32:01Z,805,Wear,Alone,Sedentary,,,Indoors,Home,Bathroom,,Lights on,TRUE,FALSE,FALSE,FALSE,Yes
ADID-7F89604AA824,2025-09-22T21:32:01+03:00,2025-09-22T18:32:01Z,2025-09-22T19:17:17Z,2716,Non-wear,Alone,,Stationary,,,,,,Dim light,FALSE,FALSE,FALSE,FALSE,Yes
ADID-7F89604AA824,2025-09-22T22:17:17+03:00,2025-09-22T19:17:17Z,2025-09-22T20:31:07Z,4430,Wear,With others,Sedentary,,,Indoors,Home,Living room,,Lights on,TRUE,FALSE,FALSE,FALSE,Yes
ADID-7F89604AA824,2025-09-22T23:31:07+03:00,2025-09-22T20:31:07Z,2025-09-23T05:11:06Z,31199,Bedtime,Alone,,,Upward,,,,,Dim light,FALSE,FALSE,FALSE,FALSE,Yes
ADID-7F89604AA824,2025-09-23T08:11:06+03:00,2025-09-23T05:11:06Z,2025-09-23T05:32:47Z,1301,Wear,With others,Light activity,,,Indoors,Home,Living room,Near a window,,TRUE,FALSE,FALSE,FALSE,Yes
ADID-7F89604AA824,2025-09-23T08:32:47+03:00,2025-09-23T05:32:47Z,2025-09-23T05:42:00Z,553,Wear,Alone,Sedentary,,,Indoors,Home,Bathroom,Away from window,Lights on,TRUE,FALSE,FALSE,FALSE,Yes
ADID-7F89604AA824,2025-09-23T08:42:00+03:00,2025-09-23T05:42:00Z,2025-09-23T06:43:45Z,3705,Wear,With others,Light activity,,,Indoors,Home,Living room,Near a window,,FALSE,FALSE,FALSE,FALSE,Yes
ADID-7F89604AA824,2025-09-23T09:43:45+03:00,2025-09-23T06:43:45Z,2025-09-23T06:45:56Z,131,Wear,With others,Light activity,,,Indoors,Home,Parking garage,Away from window,Lights on,FALSE,FALSE,FALSE,FALSE,No
ADID-7F89604AA824,2025-09-23T09:45:56+03:00,2025-09-23T06:45:56Z,2025-09-23T06:48:34Z,158,Wear,With others,Light activity,,,Outdoors,Home,Parking garage,Direct sunlight,,FALSE,FALSE,FALSE,FALSE,Yes
ADID-7F89604AA824,2025-09-23T09:48:34+03:00,2025-09-23T06:48:34Z,2025-09-23T07:20:54Z,1940,Wear,With others,Sedentary,,,Mixed,Transportation (car/taxi),,Shade / cloudy,,FALSE,FALSE,FALSE,FALSE,Partly
ADID-7F89604AA824,2025-09-23T10:20:54+03:00,2025-09-23T07:20:54Z,2025-09-23T07:22:09Z,75,Wear,Alone,Moderate activity,,,Outdoors,Other,,Direct sunlight,,FALSE,FALSE,FALSE,FALSE,Yes
ADID-7F89604AA824,2025-09-23T10:22:09+03:00,2025-09-23T07:22:09Z,2025-09-23T08:01:10Z,2341,Wear,Alone,Light activity,,,Indoors,Commercial,Office supply store,Near a window,Lights on,FALSE,FALSE,FALSE,FALSE,No
ADID-7F89604AA824,2025-09-23T11:01:10+03:00,2025-09-23T08:01:10Z,2025-09-23T08:04:31Z,201,Wear,With others,Light activity,,,Outdoors,Leisure,,Direct sunlight,,FALSE,FALSE,FALSE,FALSE,Yes
ADID-7F89604AA824,2025-09-23T11:04:31+03:00,2025-09-23T08:04:31Z,2025-09-23T09:37:43Z,5592,Wear,With others,Sedentary,,,Indoors,Commercial,Restaurant/cafeteria/bakery,Near a window,Dim light,TRUE,FALSE,TRUE,FALSE,Partly
ADID-7F89604AA824,2025-09-23T12:37:43+03:00,2025-09-23T09:37:43Z,2025-09-23T09:47:03Z,560,Wear,With others,Moderate activity,,,Outdoors,Leisure,,Direct sunlight,,FALSE,FALSE,FALSE,FALSE,Yes
ADID-7F89604AA824,2025-09-23T12:47:03+03:00,2025-09-23T09:47:03Z,2025-09-23T09:50:53Z,230,Wear,With others,Light activity,,,Outdoors,Commercial,,Direct sunlight,,FALSE,FALSE,FALSE,FALSE,Yes
ADID-7F89604AA824,2025-09-23T12:50:53+03:00,2025-09-23T09:50:53Z,2025-09-23T09:53:36Z,163,Wear,With others,Light activity,,,Indoors,Commercial,Shopping mall,Away from window,Lights on,FALSE,FALSE,FALSE,FALSE,No
ADID-7F89604AA824,2025-09-23T12:53:36+03:00,2025-09-23T09:53:36Z,,,Wear,With others,Sedentary,,,Indoors,Commercial,Restaurant/cafeteria/bakery,Away from window,Lights on,TRUE,FALSE,TRUE,FALSE,No
ADID-8773DC0F46EF,2025-09-21T07:18:53-06:00,2025-09-21T13:18:53Z,2025-09-21T13:37:57Z,1144,Wear,Alone,Sedentary,,,Indoors,Home,Bedroom,Away from window,Lights off,TRUE,FALSE,FALSE,FALSE,Partly
ADID-8773DC0F46EF,2025-09-21T07:37:57-06:00,2025-09-21T13:37:57Z,2025-09-21T13:42:00Z,243,Wear,Alone,Light activity,,,Indoors,Home,Bedroom,Near a window,Lights off,FALSE,FALSE,FALSE,FALSE,Yes
ADID-8773DC0F46EF,2025-09-21T07:42:00-06:00,2025-09-21T13:42:00Z,2025-09-21T13:45:15Z,195,Wear,Alone,Light activity,,,Indoors,Home,Bathroom,Near a window,Lights off,TRUE,FALSE,FALSE,FALSE,Yes
ADID-8773DC0F46EF,2025-09-21T07:45:15-06:00,2025-09-21T13:45:15Z,2025-09-21T14:15:29Z,1814,Wear,With others,Light activity,,,Indoors,Home,Kitchen,Away from window,Lights on,FALSE,FALSE,FALSE,FALSE,Partly
ADID-8773DC0F46EF,2025-09-21T08:15:29-06:00,2025-09-21T14:15:29Z,2025-09-21T14:19:56Z,267,Wear,Alone,Light activity,,,Mixed,Covered patio or terrace,,Shade / cloudy,Lights off,FALSE,FALSE,FALSE,FALSE,Yes
ADID-8773DC0F46EF,2025-09-21T08:19:56-06:00,2025-09-21T14:19:56Z,2025-09-21T14:24:02Z,246,Wear,Alone,Light activity,,,Indoors,Home,Kitchen,Away from window,Dim light,FALSE,FALSE,FALSE,FALSE,Yes
ADID-8773DC0F46EF,2025-09-21T08:24:02-06:00,2025-09-21T14:24:02Z,2025-09-21T14:29:32Z,330,Wear,Alone,Sedentary,,,Indoors,Home,Bathroom,Away from window,,TRUE,FALSE,FALSE,FALSE,Yes
ADID-8773DC0F46EF,2025-09-21T08:29:32-06:00,2025-09-21T14:29:32Z,2025-09-21T14:50:01Z,1229,Wear,Alone,Light activity,,,Indoors,Home,Living room,Away from window,Lights on,FALSE,FALSE,FALSE,FALSE,Yes
ADID-8773DC0F46EF,2025-09-21T08:50:01-06:00,2025-09-21T14:50:01Z,2025-09-21T16:36:14Z,6373,Wear,Alone,Sedentary,,,Indoors,Home,Home office,Near a window,Lights off,FALSE,FALSE,TRUE,FALSE,Yes
ADID-8773DC0F46EF,2025-09-21T10:36:14-06:00,2025-09-21T16:36:14Z,2025-09-21T16:46:12Z,598,Wear,Alone,Sedentary,,,Indoors,Home,Bathroom,Near a window,Lights off,TRUE,FALSE,FALSE,FALSE,Yes
ADID-8773DC0F46EF,2025-09-21T10:46:12-06:00,2025-09-21T16:46:12Z,2025-09-21T16:50:39Z,267,Wear,Alone,Light activity,,,Outdoors,Home,,Shade / cloudy,Lights off,FALSE,FALSE,FALSE,FALSE,
ADID-8773DC0F46EF,2025-09-21T10:50:39-06:00,2025-09-21T16:50:39Z,2025-09-21T17:38:23Z,2864,Wear,Alone,Light activity,,,Indoors,Home,Home office,Near a window,Lights off,FALSE,FALSE,TRUE,FALSE,Yes
ADID-8773DC0F46EF,2025-09-21T11:38:23-06:00,2025-09-21T17:38:23Z,2025-09-21T17:41:30Z,187,Wear,Alone,Light activity,,,Mixed,Covered patio or terrace,,Shade / cloudy,Lights off,FALSE,FALSE,FALSE,FALSE,Yes
ADID-8773DC0F46EF,2025-09-21T11:41:30-06:00,2025-09-21T17:41:30Z,2025-09-21T18:41:34Z,3604,Wear,Alone,Sedentary,,,Indoors,Home,Bedroom,Near a window,Lights off,TRUE,FALSE,TRUE,FALSE,Yes
ADID-8773DC0F46EF,2025-09-21T12:41:34-06:00,2025-09-21T18:41:34Z,2025-09-21T18:50:40Z,546,Non-wear,Alone,,Stationary,,,,,,Lights off,FALSE,FALSE,FALSE,FALSE,Yes
ADID-8773DC0F46EF,2025-09-21T12:50:40-06:00,2025-09-21T18:50:40Z,2025-09-21T18:57:07Z,387,Wear,Alone,Light activity,,,Indoors,Home,Bedroom,Near a window,Lights off,FALSE,FALSE,FALSE,FALSE,Yes
ADID-8773DC0F46EF,2025-09-21T12:57:07-06:00,2025-09-21T18:57:07Z,2025-09-21T19:17:26Z,1219,Wear,Alone,Light activity,,,Mixed,Transportation (car/taxi),,Shade / cloudy,Lights off,FALSE,FALSE,FALSE,FALSE,Yes
ADID-8773DC0F46EF,2025-09-21T13:17:26-06:00,2025-09-21T19:17:26Z,2025-09-21T19:38:46Z,1280,Wear,Alone,Sedentary,,,Indoors,Home,Home office,Near a window,Lights off,FALSE,FALSE,TRUE,FALSE,Yes
ADID-8773DC0F46EF,2025-09-21T13:38:46-06:00,2025-09-21T19:38:46Z,2025-09-21T20:47:25Z,4119,Wear,Alone,Sedentary,,,Indoors,Home,Bedroom,Away from window,Dim light,TRUE,FALSE,FALSE,FALSE,Yes
ADID-8773DC0F46EF,2025-09-21T14:47:25-06:00,2025-09-21T20:47:25Z,2025-09-21T21:25:16Z,2271,Wear,Alone,Sedentary,,,Indoors,Home,Bathroom,Away from window,Lights on,TRUE,FALSE,FALSE,FALSE,Yes
ADID-8773DC0F46EF,2025-09-21T15:25:16-06:00,2025-09-21T21:25:16Z,2025-09-21T21:32:33Z,437,Wear,Alone,Light activity,,,Outdoors,Home,,,Lights on,TRUE,FALSE,FALSE,FALSE,Yes
ADID-8773DC0F46EF,2025-09-21T15:32:33-06:00,2025-09-21T21:32:33Z,2025-09-21T23:31:53Z,7160,Wear,Alone,Sedentary,,,Indoors,Home,Home office,Near a window,Lights on,TRUE,FALSE,TRUE,FALSE,Yes
ADID-8773DC0F46EF,2025-09-21T17:31:53-06:00,2025-09-21T23:31:53Z,2025-09-22T00:36:19Z,3866,Wear,Alone,Sedentary,,,Indoors,Home,Bedroom,Away from window,Lights on,TRUE,FALSE,FALSE,FALSE,Yes
ADID-8773DC0F46EF,2025-09-21T18:36:19-06:00,2025-09-22T00:36:19Z,2025-09-22T01:18:17Z,2518,Wear,Alone,Sedentary,,,Indoors,Home,Bathroom,Away from window,,TRUE,FALSE,FALSE,FALSE,Yes
ADID-8773DC0F46EF,2025-09-21T19:18:17-06:00,2025-09-22T01:18:17Z,2025-09-22T01:21:11Z,174,Wear,Alone,Light activity,,,Indoors,Home,Kitchen,Away from window,Lights on,FALSE,FALSE,FALSE,FALSE,Yes
ADID-8773DC0F46EF,2025-09-21T19:21:11-06:00,2025-09-22T01:21:11Z,2025-09-22T02:36:36Z,4525,Wear,Alone,Sedentary,,,Indoors,Home,Bedroom,Away from window,Dim light,FALSE,FALSE,FALSE,TRUE,Yes
ADID-8773DC0F46EF,2025-09-21T20:36:36-06:00,2025-09-22T02:36:36Z,2025-09-22T02:39:08Z,152,Wear,Alone,Sedentary,,,Indoors,Home,Bathroom,Away from window,Lights on,TRUE,FALSE,FALSE,FALSE,Yes
ADID-8773DC0F46EF,2025-09-21T20:39:08-06:00,2025-09-22T02:39:08Z,2025-09-22T03:00:43Z,1295,Wear,Alone,Sedentary,,,Indoors,Home,Bedroom,Away from window,Dim light,FALSE,FALSE,FALSE,TRUE,Yes
ADID-8773DC0F46EF,2025-09-21T21:00:43-06:00,2025-09-22T03:00:43Z,2025-09-22T11:24:48Z,30245,Bedtime,Alone,,,Upward,,,,,Lights off,FALSE,FALSE,FALSE,FALSE,Yes
ADID-8773DC0F46EF,2025-09-22T05:24:48-06:00,2025-09-22T11:24:48Z,2025-09-22T11:50:17Z,1529,Wear,Alone,Sedentary,,,Indoors,Home,Bedroom,Away from window,Lights off,TRUE,FALSE,FALSE,FALSE,Yes
ADID-8773DC0F46EF,2025-09-22T05:50:17-06:00,2025-09-22T11:50:17Z,2025-09-22T11:55:00Z,283,Non-wear,Alone,,Stationary,,,,,,Lights off,FALSE,FALSE,FALSE,FALSE,Yes
ADID-8773DC0F46EF,2025-09-22T05:55:00-06:00,2025-09-22T11:55:00Z,2025-09-22T12:00:49Z,349,Wear,Alone,Light activity,,,Outdoors,Home,,Direct sunlight,Lights off,FALSE,FALSE,FALSE,FALSE,Yes
ADID-8773DC0F46EF,2025-09-22T06:00:49-06:00,2025-09-22T12:00:49Z,2025-09-22T12:10:40Z,591,Wear,Alone,Sedentary,,,Indoors,Home,Bathroom,Away from window,Lights on,TRUE,FALSE,FALSE,FALSE,Yes
ADID-8773DC0F46EF,2025-09-22T06:10:40-06:00,2025-09-22T12:10:40Z,2025-09-22T12:19:47Z,547,Wear,Alone,Light activity,,,Indoors,Home,Bedroom,Near a window,Dim light,FALSE,FALSE,FALSE,FALSE,Yes
ADID-8773DC0F46EF,2025-09-22T06:19:47-06:00,2025-09-22T12:19:47Z,2025-09-22T12:25:23Z,336,Wear,Alone,Light activity,,,Indoors,Home,Kitchen,Away from window,Dim light,FALSE,FALSE,FALSE,FALSE,Yes
ADID-8773DC0F46EF,2025-09-22T06:25:23-06:00,2025-09-22T12:25:23Z,2025-09-22T14:12:32Z,6429,Wear,Alone,Light activity,,,Mixed,Transportation (car/taxi),,Near a window,Lights off,FALSE,FALSE,FALSE,FALSE,Yes
ADID-8773DC0F46EF,2025-09-22T08:12:32-06:00,2025-09-22T14:12:32Z,2025-09-22T14:14:17Z,105,Wear,Alone,Light activity,,,Mixed,Other,,Away from window,Lights on,FALSE,FALSE,FALSE,FALSE,No
ADID-8773DC0F46EF,2025-09-22T08:14:17-06:00,2025-09-22T14:14:17Z,2025-09-22T14:15:52Z,95,Wear,Alone,Light activity,,,Indoors,Commercial,Shopping mall,Near a window,Lights off,FALSE,FALSE,FALSE,FALSE,No
ADID-8773DC0F46EF,2025-09-22T08:15:52-06:00,2025-09-22T14:15:52Z,2025-09-22T14:23:56Z,484,Wear,Alone,Light activity,,,Outdoors,Commercial,,,Lights on,FALSE,FALSE,FALSE,FALSE,No
ADID-8773DC0F46EF,2025-09-22T08:23:56-06:00,2025-09-22T14:23:56Z,2025-09-22T14:25:29Z,93,Wear,Alone,Light activity,,,Indoors,Commercial,Shopping mall,Near a window,Lights off,FALSE,FALSE,FALSE,FALSE,No
ADID-8773DC0F46EF,2025-09-22T08:25:29-06:00,2025-09-22T14:25:29Z,2025-09-22T14:28:09Z,160,Wear,Alone,Light activity,,,Indoors,Commercial,Other,Away from window,Lights on,FALSE,FALSE,FALSE,FALSE,No
ADID-8773DC0F46EF,2025-09-22T08:28:09-06:00,2025-09-22T14:28:09Z,2025-09-22T14:29:13Z,64,Wear,Alone,Light activity,,,Indoors,Commercial,Shopping mall,Near a window,Lights off,FALSE,FALSE,FALSE,FALSE,No
ADID-8773DC0F46EF,2025-09-22T08:29:13-06:00,2025-09-22T14:29:13Z,2025-09-22T14:32:57Z,224,Wear,Alone,Light activity,,,Indoors,Healthcare,Drug store,Away from window,Lights on,FALSE,FALSE,FALSE,FALSE,No
ADID-8773DC0F46EF,2025-09-22T08:32:57-06:00,2025-09-22T14:32:57Z,2025-09-22T14:41:17Z,500,Wear,Alone,Moderate activity,,,Outdoors,Other,,Direct sunlight,Lights off,FALSE,FALSE,FALSE,FALSE,No
ADID-8773DC0F46EF,2025-09-22T08:41:17-06:00,2025-09-22T14:41:17Z,2025-09-22T14:50:45Z,568,Wear,Alone,Moderate activity,,,Outdoors,Leisure,,Shade / cloudy,Lights off,FALSE,FALSE,FALSE,FALSE,No
ADID-8773DC0F46EF,2025-09-22T08:50:45-06:00,2025-09-22T14:50:45Z,2025-09-22T14:59:18Z,513,Wear,Alone,Moderate activity,,,Outdoors,Leisure,,Direct sunlight,Lights off,FALSE,FALSE,FALSE,FALSE,No
ADID-8773DC0F46EF,2025-09-22T08:59:18-06:00,2025-09-22T14:59:18Z,2025-09-22T15:10:45Z,687,Wear,Alone,Light activity,,,Indoors,Commercial,Shopping mall,Near a window,Lights off,FALSE,FALSE,FALSE,FALSE,No
ADID-8773DC0F46EF,2025-09-22T09:10:45-06:00,2025-09-22T15:10:45Z,2025-09-22T15:25:20Z,875,Wear,Alone,Light activity,,,Indoors,Commercial,Other,Away from window,Lights on,FALSE,FALSE,FALSE,FALSE,No
ADID-8773DC0F46EF,2025-09-22T09:25:20-06:00,2025-09-22T15:25:20Z,2025-09-22T15:55:10Z,1790,Wear,Alone,Sedentary,,,Mixed,Transportation (car/taxi),,Direct sunlight,Lights off,FALSE,FALSE,FALSE,FALSE,No
ADID-8773DC0F46EF,2025-09-22T09:55:10-06:00,2025-09-22T15:55:10Z,2025-09-22T16:06:11Z,661,Wear,Alone,Moderate activity,,,Outdoors,Leisure,,Direct sunlight,Lights off,FALSE,FALSE,FALSE,FALSE,No
ADID-8773DC0F46EF,2025-09-22T10:06:11-06:00,2025-09-22T16:06:11Z,2025-09-22T16:22:47Z,996,Wear,Alone,Moderate activity,,,Outdoors,Other,,Direct sunlight,Lights off,FALSE,FALSE,FALSE,FALSE,No
ADID-8773DC0F46EF,2025-09-22T10:22:47-06:00,2025-09-22T16:22:47Z,2025-09-22T16:42:49Z,1202,Wear,Alone,Light activity,,,Indoors,Commercial,Convenience store/supermarkt,Away from window,Lights on,FALSE,FALSE,FALSE,FALSE,No
ADID-8773DC0F46EF,2025-09-22T10:42:49-06:00,2025-09-22T16:42:49Z,2025-09-22T16:51:58Z,549,Wear,Alone,Moderate activity,,,Outdoors,Other,,Direct sunlight,Lights off,FALSE,FALSE,FALSE,FALSE,No
ADID-8773DC0F46EF,2025-09-22T10:51:58-06:00,2025-09-22T16:51:58Z,2025-09-22T17:34:57Z,2579,Wear,Alone,Sedentary,,,Mixed,Transportation (car/taxi),,Direct sunlight,,FALSE,FALSE,FALSE,FALSE,No
ADID-8773DC0F46EF,2025-09-22T11:34:57-06:00,2025-09-22T17:34:57Z,2025-09-22T17:40:33Z,336,Wear,Alone,Light activity,,,Mixed,Other,,Near a window,Lights off,FALSE,FALSE,FALSE,FALSE,No
ADID-8773DC0F46EF,2025-09-22T11:40:33-06:00,2025-09-22T17:40:33Z,2025-09-22T17:43:13Z,160,Wear,Alone,Moderate activity,,,Outdoors,Education,,Direct sunlight,Lights off,FALSE,FALSE,FALSE,FALSE,No
ADID-8773DC0F46EF,2025-09-22T11:43:13-06:00,2025-09-22T17:43:13Z,2025-09-22T17:47:03Z,230,Wear,Alone,Light activity,,,Indoors,Education,Other,Near a window,Lights on,FALSE,FALSE,FALSE,FALSE,No
ADID-8773DC0F46EF,2025-09-22T11:47:03-06:00,2025-09-22T17:47:03Z,2025-09-22T17:59:30Z,747,Wear,Alone,Sedentary,,,Indoors,Education,Other,Near a window,Lights on,TRUE,FALSE,FALSE,FALSE,No
ADID-8773DC0F46EF,2025-09-22T11:59:30-06:00,2025-09-22T17:59:30Z,2025-09-22T18:00:24Z,54,Wear,Alone,Light activity,,,Indoors,Education,Other,Away from window,Lights on,FALSE,FALSE,FALSE,FALSE,No
ADID-8773DC0F46EF,2025-09-22T12:00:24-06:00,2025-09-22T18:00:24Z,2025-09-22T18:04:40Z,256,Wear,Alone,Light activity,,,Indoors,Education,Other,Near a window,Lights off,FALSE,FALSE,FALSE,FALSE,No
ADID-8773DC0F46EF,2025-09-22T12:04:40-06:00,2025-09-22T18:04:40Z,2025-09-22T18:49:08Z,2668,Wear,Alone,Sedentary,,,Indoors,Education,Other,Near a window,Lights off,FALSE,FALSE,FALSE,FALSE,No
ADID-8773DC0F46EF,2025-09-22T12:49:08-06:00,2025-09-22T18:49:08Z,2025-09-22T18:51:59Z,171,Wear,Alone,Light activity,,,Outdoors,Education,,,Dim light,FALSE,FALSE,FALSE,FALSE,No
ADID-8773DC0F46EF,2025-09-22T12:51:59-06:00,2025-09-22T18:51:59Z,2025-09-22T18:58:04Z,365,Wear,Alone,Moderate activity,,,Outdoors,Education,,Direct sunlight,Lights off,FALSE,FALSE,FALSE,FALSE,No
ADID-8773DC0F46EF,2025-09-22T12:58:04-06:00,2025-09-22T18:58:04Z,2025-09-22T19:57:54Z,3590,Wear,Alone,Sedentary,,,Mixed,Transportation (car/taxi),,Near a window,,FALSE,FALSE,FALSE,FALSE,No
ADID-8773DC0F46EF,2025-09-22T13:57:54-06:00,2025-09-22T19:57:54Z,2025-09-22T20:02:11Z,257,Wear,Alone,Light activity,,,Indoors,Commercial,Convenience store/supermarkt,Near a window,Lights on,FALSE,FALSE,FALSE,FALSE,No
ADID-8773DC0F46EF,2025-09-22T14:02:11-06:00,2025-09-22T20:02:11Z,2025-09-22T20:10:54Z,523,Wear,Alone,Moderate activity,,,Outdoors,Leisure,,Shade / cloudy,Lights off,FALSE,FALSE,FALSE,FALSE,No
ADID-8773DC0F46EF,2025-09-22T14:10:54-06:00,2025-09-22T20:10:54Z,2025-09-22T20:23:15Z,741,Wear,Alone,Sedentary,,,Mixed,Transportation (car/taxi),,Near a window,Lights off,FALSE,FALSE,FALSE,FALSE,No
ADID-8773DC0F46EF,2025-09-22T14:23:15-06:00,2025-09-22T20:23:15Z,2025-09-22T22:09:53Z,6398,Wear,Alone,Sedentary,,,Indoors,Home,Home office,Near a window,Lights off,FALSE,FALSE,TRUE,FALSE,Yes
ADID-8773DC0F46EF,2025-09-22T16:09:53-06:00,2025-09-22T22:09:53Z,2025-09-22T23:24:07Z,4454,Wear,Alone,Light activity,,,Indoors,Home,Kitchen,Away from window,Dim light,FALSE,FALSE,FALSE,FALSE,Yes
ADID-8773DC0F46EF,2025-09-22T17:24:07-06:00,2025-09-22T23:24:07Z,2025-09-23T01:48:46Z,8679,Wear,Alone,Sedentary,,,Indoors,Home,Bedroom,Away from window,Lights on,TRUE,FALSE,TRUE,FALSE,Yes
ADID-8773DC0F46EF,2025-09-22T19:48:46-06:00,2025-09-23T01:48:46Z,2025-09-23T03:12:29Z,5023,Wear,Alone,Sedentary,,,Indoors,Home,Bedroom,Away from window,Dim light,FALSE,FALSE,FALSE,TRUE,Yes
ADID-8773DC0F46EF,2025-09-22T21:12:29-06:00,2025-09-23T03:12:29Z,,,Bedtime,Alone,,,Upward,,,,,Lights off,FALSE,FALSE,FALSE,FALSE,Yes
ADID-87C85C0AC224,2025-09-20T21:51:02-07:00,2025-09-21T04:51:02Z,2025-09-21T14:41:46Z,35444,Bedtime,With others,,,Upward,,,,,Lights off,FALSE,FALSE,FALSE,FALSE,Partly
ADID-87C85C0AC224,2025-09-21T07:41:46-07:00,2025-09-21T14:41:46Z,2025-09-21T15:25:37Z,2631,Wear,With others,Light activity,,,Indoors,Home,Living room,Near a window,Lights on,TRUE,FALSE,FALSE,FALSE,Partly
ADID-87C85C0AC224,2025-09-21T08:25:37-07:00,2025-09-21T15:25:37Z,2025-09-21T16:38:37Z,4380,Wear,With others,Sedentary,,,Indoors,Home,Living room,Near a window,Lights on,TRUE,FALSE,TRUE,FALSE,Partly
ADID-87C85C0AC224,2025-09-21T09:38:37-07:00,2025-09-21T16:38:37Z,2025-09-21T18:54:06Z,8129,Wear,With others,Light activity,,,Indoors,Home,Kitchen,Near a window,Lights on,FALSE,FALSE,FALSE,FALSE,Partly
ADID-87C85C0AC224,2025-09-21T11:54:06-07:00,2025-09-21T18:54:06Z,2025-09-21T19:00:06Z,360,Wear,Alone,Light activity,,,Outdoors,Home,,Direct sunlight,,FALSE,FALSE,FALSE,FALSE,
ADID-87C85C0AC224,2025-09-21T12:00:06-07:00,2025-09-21T19:00:06Z,2025-09-21T19:08:38Z,512,Wear,With others,Light activity,,,Indoors,Home,Living room,Near a window,Dim light,FALSE,FALSE,FALSE,FALSE,Partly
ADID-87C85C0AC224,2025-09-21T12:08:38-07:00,2025-09-21T19:08:38Z,2025-09-21T19:47:51Z,2353,Wear,With others,Sedentary,,,Indoors,Home,Living room,Near a window,Lights on,FALSE,FALSE,FALSE,FALSE,Partly
ADID-87C85C0AC224,2025-09-21T12:47:51-07:00,2025-09-21T19:47:51Z,2025-09-21T20:48:57Z,3666,Wear,With others,Light activity,,,Indoors,Home,Kitchen,Near a window,Lights on,FALSE,FALSE,FALSE,FALSE,Partly
ADID-87C85C0AC224,2025-09-21T13:48:57-07:00,2025-09-21T20:48:57Z,2025-09-21T21:30:26Z,2489,Wear,With others,Sedentary,,,Mixed,Transportation (car/taxi),,Direct sunlight,,FALSE,FALSE,FALSE,FALSE,No
ADID-87C85C0AC224,2025-09-21T14:30:26-07:00,2025-09-21T21:30:26Z,2025-09-21T22:57:35Z,5229,Wear,With others,Light activity,,,Outdoors,Leisure,,Direct sunlight,,FALSE,FALSE,FALSE,FALSE,
ADID-87C85C0AC224,2025-09-21T15:57:35-07:00,2025-09-21T22:57:35Z,2025-09-21T23:21:15Z,1420,Wear,With others,Sedentary,,,Mixed,Transportation (car/taxi),,,,FALSE,FALSE,FALSE,FALSE,No
ADID-87C85C0AC224,2025-09-21T16:21:15-07:00,2025-09-21T23:21:15Z,2025-09-21T23:30:39Z,564,Wear,Alone,Light activity,,,Outdoors,Commercial,,Direct sunlight,,FALSE,FALSE,FALSE,FALSE,No
ADID-87C85C0AC224,2025-09-21T16:30:39-07:00,2025-09-21T23:30:39Z,2025-09-21T23:39:31Z,532,Wear,With others,Sedentary,,,Mixed,Transportation (car/taxi),,Direct sunlight,,FALSE,FALSE,FALSE,FALSE,No
ADID-87C85C0AC224,2025-09-21T16:39:31-07:00,2025-09-21T23:39:31Z,2025-09-22T00:22:21Z,2570,Wear,With others,Light activity,,,Indoors,Commercial,Convenience store/supermarkt,Away from window,Lights on,FALSE,FALSE,FALSE,FALSE,No
ADID-87C85C0AC224,2025-09-21T17:22:21-07:00,2025-09-22T00:22:21Z,2025-09-22T00:41:18Z,1137,Wear,With others,Sedentary,,,Mixed,Transportation (car/taxi),,Direct sunlight,,FALSE,FALSE,FALSE,FALSE,No
ADID-87C85C0AC224,2025-09-21T17:41:18-07:00,2025-09-22T00:41:18Z,2025-09-22T00:50:36Z,558,Wear,Alone,Light activity,,,Indoors,Home,Bathroom,Away from window,Lights on,FALSE,FALSE,FALSE,FALSE,Partly
ADID-87C85C0AC224,2025-09-21T17:50:36-07:00,2025-09-22T00:50:36Z,2025-09-22T01:21:55Z,1879,Wear,With others,Sedentary,,,Indoors,Home,Kitchen,Near a window,Lights off,FALSE,FALSE,TRUE,FALSE,Partly
ADID-87C85C0AC224,2025-09-21T18:21:55-07:00,2025-09-22T01:21:55Z,2025-09-22T03:14:53Z,6778,Wear,With others,Sedentary,,,Indoors,Home,Living room,Away from window,Lights off,FALSE,FALSE,FALSE,TRUE,Partly
ADID-87C85C0AC224,2025-09-21T20:14:53-07:00,2025-09-22T03:14:53Z,2025-09-22T04:13:45Z,3532,Wear,With others,Light activity,,,Indoors,Home,Other,Away from window,Lights on,FALSE,FALSE,FALSE,FALSE,Partly
ADID-87C85C0AC224,2025-09-21T21:13:45-07:00,2025-09-22T04:13:45Z,2025-09-22T04:25:20Z,695,Non-wear,Alone,,Stationary,,,,,,Lights on,FALSE,FALSE,FALSE,FALSE,Partly
ADID-87C85C0AC224,2025-09-21T21:25:20-07:00,2025-09-22T04:25:20Z,2025-09-22T04:35:02Z,582,Non-wear,With others,,Stationary,,,,,,Dim light,FALSE,TRUE,FALSE,FALSE,Partly
ADID-87C85C0AC224,2025-09-21T21:35:02-07:00,2025-09-22T04:35:02Z,2025-09-22T13:02:30Z,30448,Bedtime,With others,,,Upward,,,,,Lights off,FALSE,FALSE,FALSE,FALSE,Partly
ADID-87C85C0AC224,2025-09-22T06:02:30-07:00,2025-09-22T13:02:30Z,2025-09-22T13:13:44Z,674,Non-wear,With others,,Stationary,,,,,,Lights on,FALSE,FALSE,FALSE,FALSE,Partly
ADID-87C85C0AC224,2025-09-22T06:13:44-07:00,2025-09-22T13:13:44Z,2025-09-22T13:28:54Z,910,Wear,Alone,Light activity,,,Indoors,Home,Living room,Away from window,Lights on,FALSE,FALSE,FALSE,FALSE,Partly
ADID-87C85C0AC224,2025-09-22T06:28:54-07:00,2025-09-22T13:28:54Z,2025-09-22T15:13:07Z,6253,Wear,Alone,Sedentary,,,Mixed,Transportation (car/taxi),,Direct sunlight,,FALSE,TRUE,FALSE,FALSE,No
ADID-87C85C0AC224,2025-09-22T08:13:07-07:00,2025-09-22T15:13:07Z,2025-09-22T17:54:03Z,9656,Wear,With others,Sedentary,,,Indoors,Workplace,Personal workspace/desk,Near a window,Lights on,FALSE,FALSE,TRUE,FALSE,Partly
ADID-87C85C0AC224,2025-09-22T10:54:03-07:00,2025-09-22T17:54:03Z,2025-09-22T18:04:41Z,638,Wear,With others,Sedentary,,,Mixed,Transportation (car/taxi),,Near a window,,FALSE,FALSE,FALSE,FALSE,No
ADID-87C85C0AC224,2025-09-22T11:04:41-07:00,2025-09-22T18:04:41Z,2025-09-22T18:49:19Z,2678,Wear,With others,Light activity,,,Indoors,Workplace,Open-plan office area,Away from window,Lights on,FALSE,FALSE,FALSE,FALSE,No
ADID-87C85C0AC224,2025-09-22T11:49:19-07:00,2025-09-22T18:49:19Z,2025-09-22T18:50:00Z,41,Wear,With others,Sedentary,,,Mixed,Transportation (car/taxi),,Direct sunlight,,FALSE,FALSE,FALSE,FALSE,No
ADID-87C85C0AC224,2025-09-22T11:50:00-07:00,2025-09-22T18:50:00Z,2025-09-23T00:05:38Z,18938,Wear,With others,Sedentary,,,Indoors,Workplace,Personal workspace/desk,Near a window,Lights on,FALSE,FALSE,TRUE,FALSE,Partly
ADID-87C85C0AC224,2025-09-22T17:05:38-07:00,2025-09-23T00:05:38Z,2025-09-23T01:39:22Z,5624,Wear,Alone,Sedentary,,,Mixed,Transportation (car/taxi),,Near a window,,FALSE,FALSE,FALSE,FALSE,No
ADID-87C85C0AC224,2025-09-22T18:39:22-07:00,2025-09-23T01:39:22Z,2025-09-23T02:33:27Z,3245,Wear,With others,Light activity,,,Indoors,Home,Kitchen,Near a window,Lights on,FALSE,FALSE,FALSE,FALSE,Partly
ADID-87C85C0AC224,2025-09-22T19:33:27-07:00,2025-09-23T02:33:27Z,2025-09-23T02:57:17Z,1430,Wear,With others,Sedentary,,,Indoors,Home,Kitchen,Near a window,Lights on,FALSE,TRUE,FALSE,FALSE,Partly
ADID-87C85C0AC224,2025-09-22T19:57:17-07:00,2025-09-23T02:57:17Z,2025-09-23T02:57:53Z,36,Wear,With others,Sedentary,,,Mixed,Transportation (car/taxi),,,,FALSE,FALSE,FALSE,FALSE,No
ADID-87C85C0AC224,2025-09-22T19:57:53-07:00,2025-09-23T02:57:53Z,2025-09-23T03:28:45Z,1852,Wear,With others,Light activity,,,Indoors,Home,Living room,Away from window,Lights on,FALSE,FALSE,FALSE,FALSE,No
ADID-87C85C0AC224,2025-09-22T20:28:45-07:00,2025-09-23T03:28:45Z,2025-09-23T03:46:00Z,1035,Non-wear,Alone,,Stationary,,,,,,Lights on,FALSE,FALSE,FALSE,FALSE,Partly
ADID-87C85C0AC224,2025-09-22T20:46:00-07:00,2025-09-23T03:46:00Z,2025-09-23T04:43:37Z,3457,Non-wear,With others,,Stationary,,,,,,Dim light,FALSE,FALSE,FALSE,FALSE,Partly
ADID-87C85C0AC224,2025-09-22T21:43:37-07:00,2025-09-23T04:43:37Z,,,Bedtime,With others,,,Upward,,,,,Lights off,FALSE,FALSE,FALSE,FALSE,Partly
ADID-899BCACAB0C8,2025-09-21T11:00:38+02:00,2025-09-21T09:00:38Z,2025-09-21T09:03:58Z,200,Wear,Alone,Light activity,,,Indoors,Home,Living room,Near a window,Lights off,TRUE,FALSE,FALSE,FALSE,Yes
ADID-899BCACAB0C8,2025-09-21T11:03:58+02:00,2025-09-21T09:03:58Z,2025-09-21T09:11:59Z,481,Wear,With others,Light activity,,,Indoors,Home,Other,Away from window,Lights off,TRUE,FALSE,FALSE,FALSE,Yes
ADID-899BCACAB0C8,2025-09-21T11:11:59+02:00,2025-09-21T09:11:59Z,2025-09-21T10:11:27Z,3568,Wear,With others,Light activity,,,Outdoors,Home,,Shade / cloudy,Lights off,TRUE,FALSE,FALSE,FALSE,No
ADID-899BCACAB0C8,2025-09-21T12:11:27+02:00,2025-09-21T10:11:27Z,2025-09-21T11:54:50Z,6203,Wear,With others,Light activity,,,Indoors,Leisure,,Away from window,Dim light,TRUE,FALSE,FALSE,FALSE,No
ADID-899BCACAB0C8,2025-09-21T13:54:50+02:00,2025-09-21T11:54:50Z,2025-09-21T11:59:39Z,289,Wear,With others,Light activity,,,Outdoors,Leisure,,Shade / cloudy,Lights off,TRUE,FALSE,FALSE,FALSE,
ADID-899BCACAB0C8,2025-09-21T13:59:39+02:00,2025-09-21T11:59:39Z,2025-09-21T13:00:11Z,3632,Wear,With others,Light activity,,,Indoors,Leisure,,Away from window,Dim light,TRUE,FALSE,FALSE,FALSE,No
ADID-899BCACAB0C8,2025-09-21T15:00:11+02:00,2025-09-21T13:00:11Z,2025-09-21T13:49:40Z,2969,Wear,With others,Light activity,,,Outdoors,Leisure,,Direct sunlight,Lights off,TRUE,FALSE,FALSE,FALSE,
ADID-899BCACAB0C8,2025-09-21T15:49:40+02:00,2025-09-21T13:49:40Z,2025-09-21T13:55:49Z,369,Wear,With others,Light activity,,,Indoors,Home,Other,Away from window,Dim light,TRUE,FALSE,FALSE,FALSE,Yes
ADID-899BCACAB0C8,2025-09-21T15:55:49+02:00,2025-09-21T13:55:49Z,2025-09-21T14:22:30Z,1601,Wear,With others,Sedentary,,,Indoors,Home,Living room,Near a window,Lights off,TRUE,FALSE,FALSE,FALSE,Yes
ADID-899BCACAB0C8,2025-09-21T16:22:30+02:00,2025-09-21T14:22:30Z,2025-09-21T14:36:31Z,841,Wear,With others,Light activity,,,Indoors,Home,Bathroom,Away from window,Dim light,TRUE,FALSE,FALSE,FALSE,Yes
ADID-899BCACAB0C8,2025-09-21T16:36:31+02:00,2025-09-21T14:36:31Z,2025-09-21T15:08:05Z,1894,Wear,Alone,Light activity,,,Outdoors,Leisure,,Shade / cloudy,Lights off,TRUE,FALSE,FALSE,FALSE,
ADID-899BCACAB0C8,2025-09-21T17:08:05+02:00,2025-09-21T15:08:05Z,2025-09-21T15:14:29Z,384,Wear,With others,Light activity,,,Indoors,Home,Other,Away from window,Lights off,TRUE,FALSE,FALSE,FALSE,Yes
ADID-899BCACAB0C8,2025-09-21T17:14:29+02:00,2025-09-21T15:14:29Z,2025-09-21T15:27:24Z,775,Wear,With others,Moderate activity,,,Outdoors,Leisure,,Direct sunlight,Lights off,TRUE,FALSE,FALSE,FALSE,
ADID-899BCACAB0C8,2025-09-21T17:27:24+02:00,2025-09-21T15:27:24Z,2025-09-21T15:28:11Z,47,Wear,Alone,Light activity,,,Indoors,Home,Other,Away from window,Lights off,TRUE,FALSE,FALSE,FALSE,Yes
ADID-899BCACAB0C8,2025-09-21T17:28:11+02:00,2025-09-21T15:28:11Z,2025-09-21T17:45:28Z,8237,Wear,With others,Light activity,,,Indoors,Home,Living room,Near a window,Lights off,TRUE,FALSE,FALSE,FALSE,Yes
ADID-899BCACAB0C8,2025-09-21T19:45:28+02:00,2025-09-21T17:45:28Z,2025-09-21T18:45:16Z,3588,Wear,With others,Sedentary,,,Indoors,Home,Bedroom,Away from window,Dim light,TRUE,FALSE,FALSE,FALSE,Yes
ADID-899BCACAB0C8,2025-09-21T20:45:16+02:00,2025-09-21T18:45:16Z,2025-09-21T18:52:21Z,425,Wear,With others,Sedentary,,,Indoors,Home,Living room,Near a window,Dim light,TRUE,FALSE,FALSE,FALSE,Yes
ADID-899BCACAB0C8,2025-09-21T20:52:21+02:00,2025-09-21T18:52:21Z,2025-09-21T18:58:54Z,393,Wear,Alone,Light activity,,,Indoors,Home,Bedroom,Away from window,Lights on,TRUE,FALSE,FALSE,FALSE,Yes
ADID-899BCACAB0C8,2025-09-21T20:58:54+02:00,2025-09-21T18:58:54Z,2025-09-21T20:16:46Z,4672,Wear,With others,Sedentary,,,Indoors,Home,Living room,Near a window,Dim light,TRUE,FALSE,FALSE,FALSE,Yes
ADID-899BCACAB0C8,2025-09-21T22:16:46+02:00,2025-09-21T20:16:46Z,2025-09-21T20:41:31Z,1485,Wear,With others,Light activity,,,Indoors,Home,Bathroom,Away from window,Dim light,TRUE,FALSE,FALSE,FALSE,Yes
ADID-899BCACAB0C8,2025-09-21T22:41:31+02:00,2025-09-21T20:41:31Z,2025-09-22T05:36:28Z,32097,Bedtime,Alone,,,Upward,,,,,Lights off,TRUE,FALSE,FALSE,FALSE,Yes
ADID-899BCACAB0C8,2025-09-22T07:36:28+02:00,2025-09-22T05:36:28Z,2025-09-22T05:39:29Z,181,Wear,Alone,Light activity,,,Indoors,Home,Bedroom,Away from window,Lights off,TRUE,FALSE,FALSE,FALSE,Yes
ADID-899BCACAB0C8,2025-09-22T07:39:29+02:00,2025-09-22T05:39:29Z,2025-09-22T06:24:19Z,2690,Wear,Alone,Light activity,,,Indoors,Home,Kitchen,Near a window,Lights on,TRUE,FALSE,FALSE,FALSE,Yes
ADID-899BCACAB0C8,2025-09-22T08:24:19+02:00,2025-09-22T06:24:19Z,2025-09-22T06:56:27Z,1928,Wear,Alone,Sedentary,,,Indoors,Home,Bathroom,Away from window,Lights off,TRUE,FALSE,FALSE,FALSE,Yes
ADID-899BCACAB0C8,2025-09-22T08:56:27+02:00,2025-09-22T06:56:27Z,2025-09-22T07:09:58Z,811,Wear,With others,Light activity,,,Mixed,Transportation (car/taxi),,Near a window,Lights off,TRUE,FALSE,FALSE,FALSE,Yes
ADID-899BCACAB0C8,2025-09-22T09:09:58+02:00,2025-09-22T07:09:58Z,2025-09-22T07:11:01Z,63,Wear,Alone,Light activity,,,Indoors,Home,Bathroom,Away from window,Dim light,TRUE,FALSE,FALSE,FALSE,Yes
ADID-899BCACAB0C8,2025-09-22T09:11:01+02:00,2025-09-22T07:11:01Z,2025-09-22T07:30:43Z,1182,Non-wear,Alone,,Stationary,,,,,,Lights off,TRUE,FALSE,FALSE,FALSE,Yes
ADID-899BCACAB0C8,2025-09-22T09:30:43+02:00,2025-09-22T07:30:43Z,2025-09-22T07:33:21Z,158,Wear,Alone,Light activity,,,Indoors,Home,Bathroom,Away from window,Lights off,TRUE,FALSE,FALSE,FALSE,Yes
ADID-899BCACAB0C8,2025-09-22T09:33:21+02:00,2025-09-22T07:33:21Z,2025-09-22T07:54:54Z,1293,Wear,With others,Light activity,,,Indoors,Home,Living room,Near a window,Lights off,TRUE,FALSE,FALSE,FALSE,Yes
ADID-899BCACAB0C8,2025-09-22T09:54:54+02:00,2025-09-22T07:54:54Z,2025-09-22T07:56:59Z,125,Wear,With others,Light activity,,,Indoors,Home,Bathroom,Away from window,Dim light,TRUE,FALSE,FALSE,FALSE,Yes
ADID-899BCACAB0C8,2025-09-22T09:56:59+02:00,2025-09-22T07:56:59Z,2025-09-22T08:06:22Z,563,Non-wear,With others,,Stationary,,,,,,Dim light,TRUE,FALSE,FALSE,FALSE,Yes
ADID-899BCACAB0C8,2025-09-22T10:06:22+02:00,2025-09-22T08:06:22Z,2025-09-22T08:10:29Z,247,Wear,With others,Light activity,,,Indoors,Home,Bedroom,Away from window,Lights off,TRUE,FALSE,FALSE,FALSE,Yes
ADID-899BCACAB0C8,2025-09-22T10:10:29+02:00,2025-09-22T08:10:29Z,2025-09-22T08:26:15Z,946,Wear,Alone,Sedentary,,,Indoors,Home,Home office,Near a window,Lights on,TRUE,FALSE,FALSE,FALSE,Yes
ADID-899BCACAB0C8,2025-09-22T10:26:15+02:00,2025-09-22T08:26:15Z,2025-09-22T08:34:04Z,469,Wear,With others,Light activity,,,Indoors,Home,Living room,Near a window,Lights off,TRUE,FALSE,FALSE,FALSE,Yes
ADID-899BCACAB0C8,2025-09-22T10:34:04+02:00,2025-09-22T08:34:04Z,2025-09-22T09:04:00Z,1796,Wear,With others,Sedentary,,,Indoors,Home,Living room,Near a window,Lights off,TRUE,FALSE,FALSE,FALSE,Yes
ADID-899BCACAB0C8,2025-09-22T11:04:00+02:00,2025-09-22T09:04:00Z,2025-09-22T09:11:59Z,479,Wear,With others,Light activity,,,Indoors,Home,Bedroom,Away from window,Lights off,TRUE,FALSE,FALSE,FALSE,Yes
ADID-899BCACAB0C8,2025-09-22T11:11:59+02:00,2025-09-22T09:11:59Z,2025-09-22T09:23:49Z,710,Wear,With others,Moderate activity,,,Outdoors,Leisure,,Shade / cloudy,Lights off,TRUE,FALSE,FALSE,FALSE,No
ADID-899BCACAB0C8,2025-09-22T11:23:49+02:00,2025-09-22T09:23:49Z,2025-09-22T09:43:29Z,1180,Wear,With others,Light activity,,,Indoors,Commercial,Shopping mall,Near a window,Lights on,TRUE,FALSE,FALSE,FALSE,No
ADID-899BCACAB0C8,2025-09-22T11:43:29+02:00,2025-09-22T09:43:29Z,2025-09-22T09:49:33Z,364,Wear,With others,Light activity,,,Outdoors,Other,,Shade / cloudy,Lights off,TRUE,FALSE,FALSE,FALSE,No
ADID-899BCACAB0C8,2025-09-22T11:49:33+02:00,2025-09-22T09:49:33Z,2025-09-22T09:54:23Z,290,Wear,With others,Light activity,,,Indoors,Commercial,Shopping mall,Away from window,Lights on,TRUE,FALSE,FALSE,FALSE,No
ADID-899BCACAB0C8,2025-09-22T11:54:23+02:00,2025-09-22T09:54:23Z,2025-09-22T10:13:19Z,1136,Wear,With others,Light activity,,,Outdoors,Other,,Shade / cloudy,Lights off,TRUE,FALSE,FALSE,FALSE,No
ADID-899BCACAB0C8,2025-09-22T12:13:19+02:00,2025-09-22T10:13:19Z,2025-09-22T10:29:42Z,983,Wear,With others,Light activity,,,Indoors,Home,Other,Away from window,Dim light,TRUE,FALSE,FALSE,FALSE,Yes
ADID-899BCACAB0C8,2025-09-22T12:29:42+02:00,2025-09-22T10:29:42Z,2025-09-22T14:00:00Z,12618,Wear,With others,Sedentary,,,Indoors,Home,Living room,Near a window,Lights off,TRUE,FALSE,FALSE,FALSE,Yes
ADID-899BCACAB0C8,2025-09-22T16:00:00+02:00,2025-09-22T14:00:00Z,2025-09-22T14:02:09Z,129,Wear,Alone,Light activity,,,Indoors,Home,Bathroom,Away from window,Lights off,TRUE,FALSE,FALSE,FALSE,Yes
ADID-899BCACAB0C8,2025-09-22T16:02:09+02:00,2025-09-22T14:02:09Z,2025-09-22T14:26:18Z,1449,Wear,Alone,Light activity,,,Mixed,Transportation (car/taxi),,Shade / cloudy,Lights off,TRUE,FALSE,FALSE,FALSE,Partly
ADID-899BCACAB0C8,2025-09-22T16:26:18+02:00,2025-09-22T14:26:18Z,2025-09-22T15:45:16Z,4738,Wear,With others,Light activity,,,Indoors,Home,Living room,Near a window,Lights off,TRUE,FALSE,FALSE,FALSE,Yes
ADID-899BCACAB0C8,2025-09-22T17:45:16+02:00,2025-09-22T15:45:16Z,2025-09-22T15:55:37Z,621,Wear,With others,Light activity,,,Indoors,Home,Bathroom,Away from window,Lights off,TRUE,FALSE,FALSE,FALSE,Yes
ADID-899BCACAB0C8,2025-09-22T17:55:37+02:00,2025-09-22T15:55:37Z,2025-09-22T16:08:58Z,801,Wear,With others,Moderate activity,,,Outdoors,Other,,Shade / cloudy,Lights off,TRUE,FALSE,FALSE,FALSE,No
ADID-899BCACAB0C8,2025-09-22T18:08:58+02:00,2025-09-22T16:08:58Z,2025-09-22T16:17:29Z,511,Wear,With others,Moderate activity,,,Indoors,Leisure,,Near a window,Lights on,TRUE,FALSE,FALSE,FALSE,No
ADID-899BCACAB0C8,2025-09-22T18:17:29+02:00,2025-09-22T16:17:29Z,2025-09-22T16:43:04Z,1535,Wear,With others,Moderate activity,,,Outdoors,Other,,Shade / cloudy,Lights off,TRUE,FALSE,FALSE,FALSE,No
ADID-899BCACAB0C8,2025-09-22T18:43:04+02:00,2025-09-22T16:43:04Z,2025-09-22T17:00:11Z,1027,Wear,Alone,Sedentary,,,Indoors,Home,Living room,Near a window,Lights off,TRUE,FALSE,FALSE,FALSE,Yes
ADID-899BCACAB0C8,2025-09-22T19:00:11+02:00,2025-09-22T17:00:11Z,2025-09-22T17:07:45Z,454,Wear,Alone,Sedentary,,,Indoors,Home,Bathroom,Away from window,Lights off,TRUE,FALSE,FALSE,FALSE,Yes
ADID-899BCACAB0C8,2025-09-22T19:07:45+02:00,2025-09-22T17:07:45Z,2025-09-22T20:39:53Z,12728,Wear,With others,Sedentary,,,Indoors,Home,Living room,Near a window,Lights on,TRUE,FALSE,FALSE,FALSE,Yes
ADID-899BCACAB0C8,2025-09-22T22:39:53+02:00,2025-09-22T20:39:53Z,2025-09-22T20:45:58Z,365,Wear,With others,Light activity,,,Indoors,Home,Bathroom,Away from window,Lights on,TRUE,FALSE,FALSE,FALSE,Yes
ADID-899BCACAB0C8,2025-09-22T22:45:58+02:00,2025-09-22T20:45:58Z,2025-09-23T06:13:34Z,34056,Non-wear,With others,,Stationary,,,,,,Dim light,TRUE,FALSE,FALSE,FALSE,Yes
ADID-899BCACAB0C8,2025-09-23T08:13:34+02:00,2025-09-23T06:13:34Z,2025-09-23T06:26:08Z,754,Wear,Alone,Light activity,,,Indoors,Home,Bathroom,Away from window,Lights off,TRUE,FALSE,FALSE,FALSE,Yes
ADID-899BCACAB0C8,2025-09-23T08:26:08+02:00,2025-09-23T06:26:08Z,2025-09-23T06:57:41Z,1893,Wear,With others,Light activity,,,Indoors,Home,Living room,Near a window,Lights off,TRUE,FALSE,FALSE,FALSE,Yes
ADID-899BCACAB0C8,2025-09-23T08:57:41+02:00,2025-09-23T06:57:41Z,2025-09-23T07:02:37Z,296,Wear,Alone,Sedentary,,,Indoors,Home,Bathroom,Away from window,Lights off,TRUE,FALSE,FALSE,FALSE,Yes
ADID-899BCACAB0C8,2025-09-23T09:02:37+02:00,2025-09-23T07:02:37Z,2025-09-23T07:28:01Z,1524,Wear,With others,Light activity,,,Indoors,Home,Living room,Near a window,Lights off,TRUE,FALSE,FALSE,FALSE,Yes
ADID-899BCACAB0C8,2025-09-23T09:28:01+02:00,2025-09-23T07:28:01Z,2025-09-23T07:32:44Z,283,Wear,With others,Light activity,,,Indoors,Home,Bathroom,Away from window,Lights off,TRUE,FALSE,FALSE,FALSE,Yes
ADID-899BCACAB0C8,2025-09-23T09:32:44+02:00,2025-09-23T07:32:44Z,2025-09-23T07:39:30Z,406,Wear,With others,Sedentary,,,Mixed,Transportation (car/taxi),,Near a window,Lights off,TRUE,FALSE,FALSE,FALSE,Partly
ADID-899BCACAB0C8,2025-09-23T09:39:30+02:00,2025-09-23T07:39:30Z,2025-09-23T07:47:33Z,483,Wear,With others,Light activity,,,Outdoors,Other,,Direct sunlight,Lights off,TRUE,FALSE,FALSE,FALSE,
ADID-899BCACAB0C8,2025-09-23T09:47:33+02:00,2025-09-23T07:47:33Z,2025-09-23T07:52:12Z,279,Wear,Alone,Sedentary,,,Mixed,Transportation (car/taxi),,Near a window,Lights off,TRUE,FALSE,FALSE,FALSE,Yes
ADID-899BCACAB0C8,2025-09-23T09:52:12+02:00,2025-09-23T07:52:12Z,2025-09-23T07:54:41Z,149,Wear,Alone,Light activity,,,Indoors,Home,Other,Away from window,Lights off,TRUE,FALSE,FALSE,FALSE,Yes
ADID-899BCACAB0C8,2025-09-23T09:54:41+02:00,2025-09-23T07:54:41Z,2025-09-23T08:15:27Z,1246,Wear,Alone,Sedentary,,,Indoors,Home,Bedroom,Away from window,Lights off,TRUE,FALSE,FALSE,FALSE,Yes
ADID-899BCACAB0C8,2025-09-23T10:15:27+02:00,2025-09-23T08:15:27Z,2025-09-23T08:45:58Z,1831,Wear,With others,Light activity,,,Indoors,Home,Living room,Near a window,Lights off,TRUE,FALSE,FALSE,FALSE,Yes
ADID-899BCACAB0C8,2025-09-23T10:45:58+02:00,2025-09-23T08:45:58Z,2025-09-23T08:56:17Z,619,Wear,Alone,Light activity,,,Indoors,Home,Bathroom,Away from window,Lights off,TRUE,FALSE,FALSE,FALSE,Yes
ADID-899BCACAB0C8,2025-09-23T10:56:17+02:00,2025-09-23T08:56:17Z,2025-09-23T09:40:49Z,2672,Wear,Alone,Light activity,,,Indoors,Home,Living room,Near a window,Lights off,TRUE,FALSE,FALSE,FALSE,Yes
ADID-899BCACAB0C8,2025-09-23T11:40:49+02:00,2025-09-23T09:40:49Z,2025-09-23T09:45:26Z,277,Wear,Alone,Light activity,,,Indoors,Home,Bathroom,Away from window,Dim light,TRUE,FALSE,FALSE,FALSE,Yes
ADID-899BCACAB0C8,2025-09-23T11:45:26+02:00,2025-09-23T09:45:26Z,2025-09-23T09:46:26Z,60,Wear,Alone,Light activity,,,Outdoors,Other,,Direct sunlight,Lights off,TRUE,FALSE,FALSE,FALSE,No
ADID-899BCACAB0C8,2025-09-23T11:46:26+02:00,2025-09-23T09:46:26Z,2025-09-23T10:15:11Z,1725,Wear,With others,Light activity,,,Outdoors,Other,,Direct sunlight,Lights off,TRUE,FALSE,FALSE,FALSE,No
ADID-899BCACAB0C8,2025-09-23T12:15:11+02:00,2025-09-23T10:15:11Z,2025-09-23T10:18:32Z,201,Wear,With others,Light activity,,,Outdoors,Other,,Shade / cloudy,Lights off,TRUE,FALSE,FALSE,FALSE,No
ADID-899BCACAB0C8,2025-09-23T12:18:32+02:00,2025-09-23T10:18:32Z,2025-09-23T10:30:24Z,712,Wear,With others,Light activity,,,Outdoors,Other,,Direct sunlight,Lights off,TRUE,FALSE,FALSE,FALSE,No
ADID-899BCACAB0C8,2025-09-23T12:30:24+02:00,2025-09-23T10:30:24Z,2025-09-23T10:33:10Z,166,Wear,With others,Light activity,,,Indoors,Home,Bathroom,Away from window,Lights off,TRUE,FALSE,FALSE,FALSE,Yes
ADID-899BCACAB0C8,2025-09-23T12:33:10+02:00,2025-09-23T10:33:10Z,,,Wear,With others,Light activity,,,Indoors,Home,Living room,Near a window,Lights off,TRUE,FALSE,FALSE,FALSE,Yes
ADID-901148D4123A,2025-09-21T12:02:31+02:00,2025-09-21T10:02:31Z,2025-09-21T10:32:00Z,1769,Wear,Alone,Sedentary,,,Indoors,Home,Bedroom,Near a window,Lights off,FALSE,FALSE,TRUE,FALSE,Yes
ADID-901148D4123A,2025-09-21T12:32:00+02:00,2025-09-21T10:32:00Z,2025-09-21T10:33:34Z,94,Wear,Alone,Sedentary,,,Indoors,Home,Living room,Near a window,Lights off,TRUE,FALSE,FALSE,FALSE,Yes
ADID-901148D4123A,2025-09-21T12:33:34+02:00,2025-09-21T10:33:34Z,2025-09-21T11:10:47Z,2233,Non-wear,Alone,,Dark stationary,,,,,,Lights on,FALSE,FALSE,FALSE,FALSE,Yes
ADID-901148D4123A,2025-09-21T13:10:47+02:00,2025-09-21T11:10:47Z,2025-09-21T11:22:41Z,714,Wear,Alone,Light activity,,,Indoors,Home,Other,Near a window,Lights off,FALSE,FALSE,FALSE,FALSE,Yes
ADID-901148D4123A,2025-09-21T13:22:41+02:00,2025-09-21T11:22:41Z,2025-09-21T11:25:15Z,154,Wear,Alone,Light activity,,,Mixed,Other,,Away from window,Lights on,FALSE,FALSE,FALSE,FALSE,No
ADID-901148D4123A,2025-09-21T13:25:15+02:00,2025-09-21T11:25:15Z,2025-09-21T11:32:01Z,406,Wear,Alone,Light activity,,,Outdoors,Leisure,,Shade / cloudy,Lights off,FALSE,FALSE,FALSE,FALSE,
ADID-901148D4123A,2025-09-21T13:32:01+02:00,2025-09-21T11:32:01Z,2025-09-21T12:29:47Z,3466,Wear,With others,Light activity,,,Indoors,Commercial,Restaurant/cafeteria/bakery,Near a window,Lights on,FALSE,FALSE,FALSE,FALSE,No
ADID-901148D4123A,2025-09-21T14:29:47+02:00,2025-09-21T12:29:47Z,2025-09-21T12:36:04Z,377,Wear,Alone,Sedentary,,,Outdoors,Other,,Shade / cloudy,Lights off,FALSE,FALSE,FALSE,FALSE,No
ADID-901148D4123A,2025-09-21T14:36:04+02:00,2025-09-21T12:36:04Z,2025-09-21T12:41:18Z,314,Wear,With others,Sedentary,,,Mixed,Transportation (bus or commuter/regional rail),,Near a window,Dim light,TRUE,FALSE,FALSE,FALSE,No
ADID-901148D4123A,2025-09-21T14:41:18+02:00,2025-09-21T12:41:18Z,2025-09-21T12:49:00Z,462,Wear,With others,Sedentary,,,Outdoors,Other,,Shade / cloudy,Lights off,TRUE,FALSE,FALSE,FALSE,No
ADID-901148D4123A,2025-09-21T14:49:00+02:00,2025-09-21T12:49:00Z,2025-09-21T13:01:37Z,757,Wear,With others,Sedentary,,,Mixed,Transportation (bus or commuter/regional rail),,Near a window,Dim light,TRUE,FALSE,FALSE,FALSE,No
ADID-901148D4123A,2025-09-21T15:01:37+02:00,2025-09-21T13:01:37Z,2025-09-21T14:08:20Z,4003,Wear,With others,Light activity,,,Outdoors,Leisure,,Shade / cloudy,Lights off,TRUE,FALSE,FALSE,FALSE,No
ADID-901148D4123A,2025-09-21T16:08:20+02:00,2025-09-21T14:08:20Z,2025-09-21T14:41:13Z,1973,Wear,With others,Sedentary,,,Indoors,Commercial,Restaurant/cafeteria/bakery,Near a window,Lights on,FALSE,FALSE,FALSE,FALSE,No
ADID-901148D4123A,2025-09-21T16:41:13+02:00,2025-09-21T14:41:13Z,2025-09-21T14:52:04Z,651,Wear,Alone,Light activity,,,Outdoors,Leisure,,Shade / cloudy,,FALSE,FALSE,FALSE,FALSE,No
ADID-901148D4123A,2025-09-21T16:52:04+02:00,2025-09-21T14:52:04Z,2025-09-21T15:13:27Z,1283,Wear,With others,Sedentary,,,Mixed,Transportation (bus or commuter/regional rail),,Near a window,Dim light,TRUE,FALSE,FALSE,FALSE,No
ADID-901148D4123A,2025-09-21T17:13:27+02:00,2025-09-21T15:13:27Z,2025-09-21T15:27:27Z,840,Wear,Alone,Sedentary,,,Indoors,Home,Other,Away from window,Lights on,TRUE,FALSE,FALSE,FALSE,Yes
ADID-901148D4123A,2025-09-21T17:27:27+02:00,2025-09-21T15:27:27Z,2025-09-21T15:53:20Z,1553,Wear,Alone,Sedentary,,,Indoors,Home,Living room,Near a window,Lights off,FALSE,TRUE,TRUE,FALSE,Yes
ADID-901148D4123A,2025-09-21T17:53:20+02:00,2025-09-21T15:53:20Z,2025-09-21T16:53:14Z,3594,Wear,Alone,Sedentary,,,Indoors,Home,Living room,Near a window,Dim light,FALSE,TRUE,TRUE,FALSE,Yes
ADID-901148D4123A,2025-09-21T18:53:14+02:00,2025-09-21T16:53:14Z,2025-09-21T17:07:07Z,833,Wear,Alone,Light activity,,,Indoors,Home,Kitchen,Away from window,Lights on,FALSE,FALSE,FALSE,FALSE,Yes
ADID-901148D4123A,2025-09-21T19:07:07+02:00,2025-09-21T17:07:07Z,2025-09-21T17:50:32Z,2605,Wear,Alone,Sedentary,,,Indoors,Home,Living room,Near a window,Dim light,FALSE,FALSE,TRUE,FALSE,Yes
ADID-901148D4123A,2025-09-21T19:50:32+02:00,2025-09-21T17:50:32Z,2025-09-21T20:31:17Z,9645,Wear,Alone,Sedentary,,,Indoors,Home,Bedroom,Away from window,Dim light,FALSE,FALSE,TRUE,FALSE,Yes
ADID-901148D4123A,2025-09-21T22:31:17+02:00,2025-09-21T20:31:17Z,2025-09-21T20:59:04Z,1667,Bedtime,Alone,,,Upward,,,,,Dim light,FALSE,FALSE,FALSE,FALSE,Yes
ADID-901148D4123A,2025-09-21T22:59:04+02:00,2025-09-21T20:59:04Z,2025-09-22T06:44:42Z,35138,Non-wear,Alone,,Stationary,,,,,,Lights on,FALSE,FALSE,TRUE,FALSE,Yes
ADID-901148D4123A,2025-09-22T08:44:42+02:00,2025-09-22T06:44:42Z,2025-09-22T06:56:17Z,695,Wear,Alone,Sedentary,,,Indoors,Home,Bedroom,Away from window,Lights off,FALSE,FALSE,FALSE,FALSE,Yes
ADID-901148D4123A,2025-09-22T08:56:17+02:00,2025-09-22T06:56:17Z,2025-09-22T06:59:58Z,221,Wear,Alone,Sedentary,,,Indoors,Home,Living room,Near a window,Lights off,FALSE,FALSE,FALSE,FALSE,Yes
ADID-901148D4123A,2025-09-22T08:59:58+02:00,2025-09-22T06:59:58Z,2025-09-22T07:00:24Z,26,Wear,Alone,Sedentary,,,Indoors,Home,Bathroom,Away from window,Lights on,FALSE,FALSE,FALSE,FALSE,Yes
ADID-901148D4123A,2025-09-22T09:00:24+02:00,2025-09-22T07:00:24Z,2025-09-22T07:39:54Z,2370,Non-wear,Alone,,Dark stationary,,,,,,,FALSE,FALSE,FALSE,FALSE,Yes
ADID-901148D4123A,2025-09-22T09:39:54+02:00,2025-09-22T07:39:54Z,2025-09-22T08:05:51Z,1557,Wear,Alone,Light activity,,,Indoors,Home,Living room,Near a window,Lights off,FALSE,FALSE,FALSE,FALSE,Yes
ADID-901148D4123A,2025-09-22T10:05:51+02:00,2025-09-22T08:05:51Z,2025-09-22T08:07:21Z,90,Wear,Alone,Sedentary,,,Mixed,Other,,Away from window,Lights on,TRUE,FALSE,FALSE,FALSE,No
ADID-901148D4123A,2025-09-22T10:07:21+02:00,2025-09-22T08:07:21Z,2025-09-22T08:12:03Z,282,Wear,Alone,Light activity,,,Outdoors,Other,,Shade / cloudy,Lights off,FALSE,FALSE,FALSE,FALSE,No
ADID-901148D4123A,2025-09-22T10:12:03+02:00,2025-09-22T08:12:03Z,2025-09-22T08:29:05Z,1022,Wear,With others,Sedentary,,,Indoors,Commercial,Restaurant/cafeteria/bakery,Away from window,Lights on,TRUE,FALSE,FALSE,FALSE,No
ADID-901148D4123A,2025-09-22T10:29:05+02:00,2025-09-22T08:29:05Z,2025-09-22T08:36:44Z,459,Wear,Alone,Sedentary,,,Outdoors,Leisure,,Shade / cloudy,Lights off,TRUE,FALSE,FALSE,FALSE,No
ADID-901148D4123A,2025-09-22T10:36:44+02:00,2025-09-22T08:36:44Z,2025-09-22T08:39:27Z,163,Wear,With others,Sedentary,,,Mixed,Transportation (car/taxi),,Near a window,Lights off,TRUE,FALSE,FALSE,FALSE,No
ADID-901148D4123A,2025-09-22T10:39:27+02:00,2025-09-22T08:39:27Z,2025-09-22T08:47:37Z,490,Wear,Alone,Light activity,,,Outdoors,Workplace,,Shade / cloudy,Lights off,FALSE,FALSE,FALSE,FALSE,No
ADID-901148D4123A,2025-09-22T10:47:37+02:00,2025-09-22T08:47:37Z,2025-09-22T08:58:10Z,633,Wear,Alone,Sedentary,,,Indoors,Workplace,Break/lounge area,Near a window,Lights on,TRUE,FALSE,FALSE,FALSE,No
ADID-901148D4123A,2025-09-22T10:58:10+02:00,2025-09-22T08:58:10Z,2025-09-22T09:05:16Z,426,Wear,Alone,Sedentary,,,Indoors,Workplace,Other,Near a window,Lights on,FALSE,FALSE,FALSE,FALSE,No
ADID-901148D4123A,2025-09-22T11:05:16+02:00,2025-09-22T09:05:16Z,2025-09-22T10:45:13Z,5997,Wear,With others,Sedentary,,,Indoors,Workplace,Personal workspace/desk,Away from window,Lights on,FALSE,FALSE,FALSE,FALSE,No
ADID-901148D4123A,2025-09-22T12:45:13+02:00,2025-09-22T10:45:13Z,2025-09-22T10:59:45Z,872,Wear,Alone,Light activity,,,Indoors,Workplace,Personal workspace/desk,Near a window,Lights on,FALSE,FALSE,FALSE,FALSE,No
ADID-901148D4123A,2025-09-22T12:59:45+02:00,2025-09-22T10:59:45Z,2025-09-22T11:31:50Z,1925,Wear,With others,Sedentary,,,Indoors,Commercial,Restaurant/cafeteria/bakery,Away from window,Lights on,FALSE,FALSE,FALSE,FALSE,No
ADID-901148D4123A,2025-09-22T13:31:50+02:00,2025-09-22T11:31:50Z,2025-09-22T11:50:46Z,1136,Wear,With others,Sedentary,,,Indoors,Workplace,Personal workspace/desk,Near a window,Lights on,FALSE,FALSE,FALSE,FALSE,No
ADID-901148D4123A,2025-09-22T13:50:46+02:00,2025-09-22T11:50:46Z,2025-09-22T14:16:37Z,8751,Wear,Alone,Sedentary,,,Indoors,Workplace,Personal workspace/desk,Near a window,Lights on,FALSE,FALSE,TRUE,FALSE,Yes
ADID-901148D4123A,2025-09-22T16:16:37+02:00,2025-09-22T14:16:37Z,2025-09-22T15:40:15Z,5018,Wear,Alone,Sedentary,,,Indoors,Workplace,Other,Away from window,Lights on,FALSE,FALSE,FALSE,FALSE,Yes
ADID-901148D4123A,2025-09-22T17:40:15+02:00,2025-09-22T15:40:15Z,2025-09-22T16:14:06Z,2031,Wear,Alone,Light activity,,,Outdoors,Other,,Shade / cloudy,Lights off,FALSE,FALSE,FALSE,FALSE,No
ADID-901148D4123A,2025-09-22T18:14:06+02:00,2025-09-22T16:14:06Z,2025-09-22T17:03:26Z,2960,Wear,With others,Light activity,,,Indoors,Commercial,Convenience store/supermarkt,Away from window,Lights on,FALSE,FALSE,FALSE,FALSE,No
ADID-901148D4123A,2025-09-22T19:03:26+02:00,2025-09-22T17:03:26Z,2025-09-22T17:09:02Z,336,Wear,Alone,Sedentary,,,Indoors,Home,Living room,Near a window,,TRUE,FALSE,FALSE,FALSE,Yes
ADID-901148D4123A,2025-09-22T19:09:02+02:00,2025-09-22T17:09:02Z,2025-09-22T17:28:59Z,1197,Wear,Alone,Light activity,,,Indoors,Home,Living room,Near a window,Dim light,TRUE,FALSE,FALSE,FALSE,Yes
ADID-901148D4123A,2025-09-22T19:28:59+02:00,2025-09-22T17:28:59Z,2025-09-22T18:10:33Z,2494,Wear,Alone,Sedentary,,,Indoors,Home,Bedroom,Away from window,Dim light,TRUE,FALSE,FALSE,FALSE,Yes
ADID-901148D4123A,2025-09-22T20:10:33+02:00,2025-09-22T18:10:33Z,2025-09-23T06:20:09Z,43776,Non-wear,Alone,,Stationary,,,,,,Dim light,FALSE,FALSE,FALSE,FALSE,Yes
ADID-901148D4123A,2025-09-23T08:20:09+02:00,2025-09-23T06:20:09Z,2025-09-23T07:20:52Z,3643,Wear,Alone,Sedentary,,,Indoors,Home,Bedroom,Near a window,Lights off,TRUE,FALSE,FALSE,FALSE,Yes
ADID-901148D4123A,2025-09-23T09:20:52+02:00,2025-09-23T07:20:52Z,2025-09-23T08:17:08Z,3376,Non-wear,Alone,,Dark stationary,,,,,,,FALSE,FALSE,FALSE,FALSE,Yes
ADID-901148D4123A,2025-09-23T10:17:08+02:00,2025-09-23T08:17:08Z,2025-09-23T08:39:35Z,1347,Wear,Alone,Light activity,,,Indoors,Home,Living room,Near a window,Lights off,FALSE,FALSE,FALSE,FALSE,Yes
ADID-901148D4123A,2025-09-23T10:39:35+02:00,2025-09-23T08:39:35Z,2025-09-23T08:41:42Z,127,Wear,Alone,Sedentary,,,Mixed,Other,,Away from window,Lights off,TRUE,FALSE,FALSE,FALSE,No
ADID-901148D4123A,2025-09-23T10:41:42+02:00,2025-09-23T08:41:42Z,2025-09-23T09:01:52Z,1210,Wear,Alone,Light activity,,,Outdoors,Home,,Shade / cloudy,,TRUE,FALSE,FALSE,FALSE,No
ADID-901148D4123A,2025-09-23T11:01:52+02:00,2025-09-23T09:01:52Z,2025-09-23T09:22:47Z,1255,Wear,Alone,Light activity,,,Outdoors,Other,,Shade / cloudy,,FALSE,FALSE,FALSE,FALSE,No
ADID-901148D4123A,2025-09-23T11:22:47+02:00,2025-09-23T09:22:47Z,2025-09-23T09:28:15Z,328,Wear,Alone,Sedentary,,,Indoors,Workplace,Personal workspace/desk,Near a window,,TRUE,FALSE,TRUE,FALSE,Yes
ADID-901148D4123A,2025-09-23T11:28:15+02:00,2025-09-23T09:28:15Z,2025-09-23T10:47:17Z,4742,Wear,Alone,Sedentary,,,Indoors,Workplace,Personal workspace/desk,Near a window,Lights on,TRUE,FALSE,TRUE,FALSE,Yes
ADID-901148D4123A,2025-09-23T12:47:17+02:00,2025-09-23T10:47:17Z,2025-09-23T11:44:35Z,3438,Wear,With others,Sedentary,,,Indoors,Workplace,Conference/meeting room,Near a window,Lights on,TRUE,TRUE,FALSE,TRUE,No
ADID-901148D4123A,2025-09-23T13:44:35+02:00,2025-09-23T11:44:35Z,,,Wear,Alone,Sedentary,,,Indoors,Workplace,Personal workspace/desk,Near a window,Lights on,FALSE,FALSE,TRUE,FALSE,Yes
ADID-942AA2499637,2025-09-21T06:00:29-04:00,2025-09-21T10:00:29Z,2025-09-21T12:35:23Z,9294,Bedtime,With others,,,Upward,,,,,Lights off,TRUE,FALSE,FALSE,FALSE,Yes
ADID-942AA2499637,2025-09-21T08:35:23-04:00,2025-09-21T12:35:23Z,2025-09-21T13:05:52Z,1829,Wear,With others,Light activity,,,Indoors,Home,Bedroom,Near a window,Lights off,TRUE,FALSE,FALSE,FALSE,Yes
ADID-942AA2499637,2025-09-21T09:05:52-04:00,2025-09-21T13:05:52Z,2025-09-21T13:09:19Z,207,Wear,Alone,Light activity,,,Indoors,Home,Bedroom,Away from window,Lights on,TRUE,FALSE,FALSE,FALSE,Yes
ADID-942AA2499637,2025-09-21T09:09:19-04:00,2025-09-21T13:09:19Z,2025-09-21T13:15:44Z,385,Wear,With others,Light activity,,,Indoors,Home,Kitchen,Near a window,Lights off,TRUE,FALSE,FALSE,FALSE,Yes
ADID-942AA2499637,2025-09-21T09:15:44-04:00,2025-09-21T13:15:44Z,2025-09-21T13:51:23Z,2139,Wear,With others,Sedentary,,,Indoors,Home,Living room,Away from window,Lights off,FALSE,FALSE,FALSE,FALSE,Yes
ADID-942AA2499637,2025-09-21T09:51:23-04:00,2025-09-21T13:51:23Z,2025-09-21T13:58:51Z,448,Wear,With others,Light activity,,,Indoors,Home,Other,Near a window,Lights on,FALSE,FALSE,FALSE,FALSE,Yes
ADID-942AA2499637,2025-09-21T09:58:51-04:00,2025-09-21T13:58:51Z,2025-09-21T14:13:53Z,902,Wear,With others,Light activity,,,Mixed,Transportation (car/taxi),,Shade / cloudy,Lights off,FALSE,FALSE,FALSE,FALSE,Yes
ADID-942AA2499637,2025-09-21T10:13:53-04:00,2025-09-21T14:13:53Z,2025-09-21T14:22:22Z,509,Wear,With others,Light activity,,,Indoors,Commercial,Convenience store/supermarkt,Away from window,Lights on,FALSE,FALSE,FALSE,FALSE,No
ADID-942AA2499637,2025-09-21T10:22:22-04:00,2025-09-21T14:22:22Z,2025-09-21T14:35:20Z,778,Wear,With others,Sedentary,,,Mixed,Transportation (car/taxi),,Shade / cloudy,Lights off,FALSE,FALSE,FALSE,FALSE,Yes
ADID-942AA2499637,2025-09-21T10:35:20-04:00,2025-09-21T14:35:20Z,2025-09-21T14:35:57Z,37,Wear,With others,Light activity,,,Outdoors,Other,,Direct sunlight,,FALSE,FALSE,FALSE,FALSE,
ADID-942AA2499637,2025-09-21T10:35:57-04:00,2025-09-21T14:35:57Z,2025-09-21T15:03:46Z,1669,Wear,With others,Light activity,,,Indoors,Commercial,Convenience store/supermarkt,Away from window,Lights on,FALSE,FALSE,FALSE,FALSE,No
ADID-942AA2499637,2025-09-21T11:03:46-04:00,2025-09-21T15:03:46Z,2025-09-21T15:14:36Z,650,Wear,With others,Sedentary,,,Mixed,Transportation (car/taxi),,Shade / cloudy,,FALSE,FALSE,FALSE,FALSE,
ADID-942AA2499637,2025-09-21T11:14:36-04:00,2025-09-21T15:14:36Z,2025-09-21T16:29:01Z,4465,Wear,With others,High-intensity activity,,,Indoors,Leisure,,Away from window,Lights on,FALSE,FALSE,FALSE,FALSE,No
ADID-942AA2499637,2025-09-21T12:29:01-04:00,2025-09-21T16:29:01Z,2025-09-21T16:44:02Z,901,Wear,Alone,Moderate activity,,,Outdoors,Other,,Direct sunlight,,FALSE,FALSE,FALSE,FALSE,
ADID-942AA2499637,2025-09-21T12:44:02-04:00,2025-09-21T16:44:02Z,2025-09-21T16:51:41Z,459,Wear,Alone,Light activity,,,Indoors,Home,Other,Away from window,Lights off,FALSE,FALSE,FALSE,FALSE,Yes
ADID-942AA2499637,2025-09-21T12:51:41-04:00,2025-09-21T16:51:41Z,2025-09-21T17:10:39Z,1138,Non-wear,Alone,,Stationary,,,,,,Lights off,FALSE,FALSE,FALSE,FALSE,Yes
ADID-942AA2499637,2025-09-21T13:10:39-04:00,2025-09-21T17:10:39Z,2025-09-21T17:18:37Z,478,Wear,Alone,Light activity,,,Indoors,Home,Other,Near a window,Lights off,FALSE,FALSE,FALSE,FALSE,Yes
ADID-942AA2499637,2025-09-21T13:18:37-04:00,2025-09-21T17:18:37Z,2025-09-21T17:51:08Z,1951,Wear,With others,Sedentary,,,Outdoors,Home,,Shade / cloudy,,FALSE,FALSE,FALSE,FALSE,Yes
ADID-942AA2499637,2025-09-21T13:51:08-04:00,2025-09-21T17:51:08Z,2025-09-21T18:21:00Z,1792,Wear,With others,Sedentary,,,Indoors,Home,Living room,Near a window,Lights off,TRUE,FALSE,FALSE,FALSE,Yes
ADID-942AA2499637,2025-09-21T14:21:00-04:00,2025-09-21T18:21:00Z,2025-09-21T22:58:45Z,16665,Wear,With others,Sedentary,,,Indoors,Home,Living room,Away from window,Lights off,FALSE,FALSE,FALSE,TRUE,Yes
ADID-942AA2499637,2025-09-21T18:58:45-04:00,2025-09-21T22:58:45Z,2025-09-21T23:36:16Z,2251,Wear,With others,Sedentary,,,Indoors,Home,Living room,Away from window,Dim light,FALSE,FALSE,FALSE,TRUE,Yes
ADID-942AA2499637,2025-09-21T19:36:16-04:00,2025-09-21T23:36:16Z,2025-09-22T01:50:07Z,8031,Wear,Alone,Light activity,,,Indoors,Home,Kitchen,Away from window,Lights on,FALSE,FALSE,FALSE,FALSE,Yes
ADID-942AA2499637,2025-09-21T21:50:07-04:00,2025-09-22T01:50:07Z,2025-09-22T02:47:36Z,3449,Non-wear,Alone,,Stationary,,,,,,Lights on,FALSE,FALSE,FALSE,FALSE,Yes
ADID-942AA2499637,2025-09-21T22:47:36-04:00,2025-09-22T02:47:36Z,2025-09-22T10:06:59Z,26363,Bedtime,With others,,,Upward,,,,,Lights off,FALSE,FALSE,FALSE,FALSE,Yes
ADID-942AA2499637,2025-09-22T06:06:59-04:00,2025-09-22T10:06:59Z,2025-09-22T11:02:11Z,3312,Wear,Alone,Light activity,,,Indoors,Home,Other,Away from window,Lights on,FALSE,FALSE,FALSE,FALSE,Yes
ADID-942AA2499637,2025-09-22T07:02:11-04:00,2025-09-22T11:02:11Z,2025-09-22T11:07:36Z,325,Wear,Alone,Light activity,,,Indoors,Home,Bedroom,,Lights off,FALSE,FALSE,FALSE,FALSE,Yes
ADID-942AA2499637,2025-09-22T07:07:36-04:00,2025-09-22T11:07:36Z,2025-09-22T12:22:38Z,4502,Wear,With others,Sedentary,,,Mixed,Transportation (car/taxi),,Near a window,,FALSE,FALSE,FALSE,FALSE,Yes
ADID-942AA2499637,2025-09-22T08:22:38-04:00,2025-09-22T12:22:38Z,2025-09-22T12:55:51Z,1993,Wear,Alone,Light activity,,,Indoors,Home,Other,Near a window,Lights off,FALSE,FALSE,FALSE,FALSE,Yes
ADID-942AA2499637,2025-09-22T08:55:51-04:00,2025-09-22T12:55:51Z,2025-09-22T17:12:09Z,15378,Wear,Alone,Sedentary,,,Indoors,Home,Home office,Near a window,Lights off,TRUE,FALSE,TRUE,FALSE,Yes
ADID-942AA2499637,2025-09-22T13:12:09-04:00,2025-09-22T17:12:09Z,2025-09-22T18:11:21Z,3552,Wear,With others,Moderate activity,,,Outdoors,Other,,Shade / cloudy,,FALSE,FALSE,FALSE,FALSE,
ADID-942AA2499637,2025-09-22T14:11:21-04:00,2025-09-22T18:11:21Z,2025-09-22T18:20:30Z,549,Wear,With others,Light activity,,,Indoors,Home,Other,Away from window,Lights off,FALSE,FALSE,FALSE,FALSE,Yes
ADID-942AA2499637,2025-09-22T14:20:30-04:00,2025-09-22T18:20:30Z,2025-09-22T19:07:10Z,2800,Wear,Alone,Sedentary,,,Indoors,Home,Home office,Near a window,Lights off,FALSE,FALSE,FALSE,FALSE,Yes
ADID-942AA2499637,2025-09-22T15:07:10-04:00,2025-09-22T19:07:10Z,2025-09-22T19:39:10Z,1920,Wear,Alone,Sedentary,,,Mixed,Transportation (car/taxi),,,,FALSE,FALSE,FALSE,FALSE,
ADID-942AA2499637,2025-09-22T15:39:10-04:00,2025-09-22T19:39:10Z,2025-09-22T20:56:23Z,4633,Wear,With others,Sedentary,,,Indoors,Healthcare,Other,Away from window,Lights on,TRUE,FALSE,FALSE,FALSE,No
ADID-942AA2499637,2025-09-22T16:56:23-04:00,2025-09-22T20:56:23Z,2025-09-22T21:10:34Z,851,Wear,With others,Sedentary,,,Mixed,Transportation (car/taxi),,,,FALSE,FALSE,FALSE,FALSE,
ADID-942AA2499637,2025-09-22T17:10:34-04:00,2025-09-22T21:10:34Z,2025-09-22T21:14:00Z,206,Wear,With others,Light activity,,,Indoors,Commercial,Convenience store/supermarkt,Away from window,Lights on,FALSE,FALSE,FALSE,FALSE,No
ADID-942AA2499637,2025-09-22T17:14:00-04:00,2025-09-22T21:14:00Z,2025-09-22T21:21:05Z,425,Wear,Alone,Sedentary,,,Mixed,Transportation (car/taxi),,,,FALSE,FALSE,FALSE,FALSE,
ADID-942AA2499637,2025-09-22T17:21:05-04:00,2025-09-22T21:21:05Z,2025-09-22T22:04:07Z,2582,Wear,Alone,Light activity,,,Indoors,Home,Other,Near a window,Lights off,FALSE,FALSE,FALSE,FALSE,Yes
ADID-942AA2499637,2025-09-22T18:04:07-04:00,2025-09-22T22:04:07Z,2025-09-22T22:16:06Z,719,Wear,Alone,Sedentary,,,Mixed,Transportation (car/taxi),,,,FALSE,FALSE,FALSE,FALSE,
ADID-942AA2499637,2025-09-22T18:16:06-04:00,2025-09-22T22:16:06Z,2025-09-22T22:18:57Z,171,Wear,Alone,Light activity,,,Outdoors,Other,,Direct sunlight,,FALSE,FALSE,FALSE,FALSE,
ADID-942AA2499637,2025-09-22T18:18:57-04:00,2025-09-22T22:18:57Z,2025-09-22T23:35:02Z,4565,Non-wear,With others,,Stationary,,,,,,Dim light,FALSE,FALSE,FALSE,FALSE,No
ADID-942AA2499637,2025-09-22T19:35:02-04:00,2025-09-22T23:35:02Z,2025-09-23T00:00:53Z,1551,Wear,Alone,Sedentary,,,Mixed,Transportation (car/taxi),,,,FALSE,FALSE,FALSE,FALSE,
ADID-942AA2499637,2025-09-22T20:00:53-04:00,2025-09-23T00:00:53Z,2025-09-23T00:30:01Z,1748,Wear,With others,Light activity,,,Indoors,Home,Other,Near a window,Lights on,FALSE,FALSE,FALSE,FALSE,Yes
ADID-942AA2499637,2025-09-22T20:30:01-04:00,2025-09-23T00:30:01Z,2025-09-23T00:46:44Z,1003,Non-wear,Alone,,Stationary,,,,,,Dim light,FALSE,FALSE,FALSE,FALSE,Yes
ADID-942AA2499637,2025-09-22T20:46:44-04:00,2025-09-23T00:46:44Z,2025-09-23T01:20:15Z,2011,Wear,With others,Sedentary,,,Indoors,Home,Living room,Away from window,Lights on,FALSE,FALSE,FALSE,FALSE,Yes
ADID-942AA2499637,2025-09-22T21:20:15-04:00,2025-09-23T01:20:15Z,2025-09-23T01:58:49Z,2314,Wear,With others,Sedentary,,,Indoors,Home,Living room,Away from window,Lights on,FALSE,FALSE,FALSE,TRUE,Yes
ADID-942AA2499637,2025-09-22T21:58:49-04:00,2025-09-23T01:58:49Z,2025-09-23T10:07:27Z,29318,Bedtime,With others,,,Upward,,,,,Lights off,FALSE,FALSE,FALSE,FALSE,Yes
ADID-942AA2499637,2025-09-23T06:07:27-04:00,2025-09-23T10:07:27Z,2025-09-23T10:18:59Z,692,Wear,With others,Light activity,,,Indoors,Home,Other,Away from window,Lights on,FALSE,FALSE,FALSE,FALSE,Yes
ADID-942AA2499637,2025-09-23T06:18:59-04:00,2025-09-23T10:18:59Z,2025-09-23T10:22:32Z,213,Wear,Alone,Sedentary,,,Mixed,Transportation (car/taxi),,,,FALSE,FALSE,FALSE,FALSE,
ADID-942AA2499637,2025-09-23T06:22:32-04:00,2025-09-23T10:22:32Z,2025-09-23T10:47:15Z,1483,Wear,Alone,High-intensity activity,,,Indoors,Leisure,,Near a window,Lights on,FALSE,FALSE,FALSE,FALSE,No
ADID-942AA2499637,2025-09-23T06:47:15-04:00,2025-09-23T10:47:15Z,2025-09-23T10:55:06Z,471,Wear,Alone,Sedentary,,,Mixed,Transportation (car/taxi),,,,FALSE,FALSE,FALSE,FALSE,
ADID-942AA2499637,2025-09-23T06:55:06-04:00,2025-09-23T10:55:06Z,2025-09-23T11:04:54Z,588,Non-wear,Alone,,Stationary,,,,,,Lights off,FALSE,FALSE,FALSE,FALSE,Yes
ADID-942AA2499637,2025-09-23T07:04:54-04:00,2025-09-23T11:04:54Z,2025-09-23T11:08:50Z,236,Wear,With others,Light activity,,,Indoors,Home,Other,Near a window,Lights on,FALSE,FALSE,FALSE,FALSE,Yes
ADID-942AA2499637,2025-09-23T07:08:50-04:00,2025-09-23T11:08:50Z,2025-09-23T11:24:02Z,912,Wear,With others,Light activity,,,Outdoors,Other,,Direct sunlight,,FALSE,FALSE,FALSE,FALSE,
ADID-942AA2499637,2025-09-23T07:24:02-04:00,2025-09-23T11:24:02Z,2025-09-23T11:39:00Z,898,Wear,With others,Sedentary,,,Mixed,Transportation (bus or commuter/regional rail),,Near a window,Lights on,FALSE,FALSE,FALSE,FALSE,No
ADID-942AA2499637,2025-09-23T07:39:00-04:00,2025-09-23T11:39:00Z,2025-09-23T11:41:45Z,165,Wear,With others,Light activity,,,Mixed,Semi-open corridor/gallery,,Shade / cloudy,Lights on,FALSE,FALSE,FALSE,FALSE,No
ADID-942AA2499637,2025-09-23T07:41:45-04:00,2025-09-23T11:41:45Z,2025-09-23T11:51:43Z,598,Wear,With others,Sedentary,,,Mixed,Transportation (bus or commuter/regional rail),,Near a window,Lights on,TRUE,FALSE,FALSE,FALSE,No
ADID-942AA2499637,2025-09-23T07:51:43-04:00,2025-09-23T11:51:43Z,2025-09-23T11:55:19Z,216,Wear,With others,Sedentary,,,Mixed,"Transportation (underground, subway)",,Away from window,Lights on,TRUE,FALSE,FALSE,FALSE,No
ADID-942AA2499637,2025-09-23T07:55:19-04:00,2025-09-23T11:55:19Z,,,Wear,With others,Moderate activity,,,Outdoors,Other,,Direct sunlight,,FALSE,FALSE,FALSE,FALSE,
ADID-959E0A543C6F,2025-09-21T10:55:23+01:00,2025-09-21T09:55:23Z,2025-09-21T10:27:01Z,1898,Wear,With others,Sedentary,,,Mixed,Transportation (bus or commuter/regional rail),,Near a window,,FALSE,FALSE,FALSE,FALSE,
ADID-959E0A543C6F,2025-09-21T11:27:01+01:00,2025-09-21T10:27:01Z,2025-09-21T11:44:26Z,4645,Wear,With others,Light activity,,,Outdoors,Leisure,,Direct sunlight,,FALSE,FALSE,FALSE,FALSE,
ADID-959E0A543C6F,2025-09-21T12:44:26+01:00,2025-09-21T11:44:26Z,2025-09-21T12:00:42Z,976,Wear,With others,Sedentary,,,Mixed,Transportation (bus or commuter/regional rail),,Near a window,,FALSE,FALSE,FALSE,FALSE,
ADID-959E0A543C6F,2025-09-21T13:00:42+01:00,2025-09-21T12:00:42Z,2025-09-21T12:03:48Z,186,Wear,With others,Light activity,,,Outdoors,Leisure,,Direct sunlight,,FALSE,FALSE,FALSE,FALSE,
ADID-959E0A543C6F,2025-09-21T13:03:48+01:00,2025-09-21T12:03:48Z,2025-09-21T12:27:15Z,1407,Wear,With others,Sedentary,,,Indoors,Workplace,Open-plan office area,,Lights on,FALSE,FALSE,FALSE,FALSE,No
ADID-959E0A543C6F,2025-09-21T13:27:15+01:00,2025-09-21T12:27:15Z,2025-09-21T14:02:37Z,5722,Wear,With others,Light activity,,,Outdoors,Leisure,,Direct sunlight,,FALSE,FALSE,FALSE,FALSE,
ADID-959E0A543C6F,2025-09-21T15:02:37+01:00,2025-09-21T14:02:37Z,2025-09-21T14:14:04Z,687,Wear,With others,Sedentary,,,Mixed,Transportation (bus or commuter/regional rail),,Near a window,Lights on,FALSE,FALSE,FALSE,FALSE,No
ADID-959E0A543C6F,2025-09-21T15:14:04+01:00,2025-09-21T14:14:04Z,2025-09-21T15:23:29Z,4165,Wear,With others,Light activity,,,Outdoors,Leisure,,Shade / cloudy,,FALSE,FALSE,FALSE,FALSE,
ADID-959E0A543C6F,2025-09-21T16:23:29+01:00,2025-09-21T15:23:29Z,2025-09-21T15:52:52Z,1763,Wear,With others,Sedentary,,,Indoors,Leisure,,Near a window,,FALSE,FALSE,FALSE,FALSE,
ADID-959E0A543C6F,2025-09-21T16:52:52+01:00,2025-09-21T15:52:52Z,2025-09-21T17:41:52Z,6540,Wear,With others,Light activity,,,Outdoors,Leisure,,Direct sunlight,,FALSE,FALSE,FALSE,FALSE,
ADID-959E0A543C6F,2025-09-21T18:41:52+01:00,2025-09-21T17:41:52Z,2025-09-21T18:28:49Z,2817,Wear,With others,Sedentary,,,Mixed,Transportation (bus or commuter/regional rail),,Near a window,,FALSE,FALSE,FALSE,FALSE,No
ADID-959E0A543C6F,2025-09-21T19:28:49+01:00,2025-09-21T18:28:49Z,2025-09-21T18:36:11Z,442,Wear,With others,Light activity,,,Outdoors,Leisure,,Direct sunlight,,FALSE,FALSE,FALSE,FALSE,
ADID-959E0A543C6F,2025-09-21T19:36:11+01:00,2025-09-21T18:36:11Z,2025-09-21T18:55:53Z,1182,Wear,With others,Light activity,,,Indoors,Commercial,Shopping mall,Away from window,Lights on,FALSE,FALSE,FALSE,FALSE,No
ADID-959E0A543C6F,2025-09-21T19:55:53+01:00,2025-09-21T18:55:53Z,2025-09-21T19:03:13Z,440,Wear,With others,Light activity,,,Indoors,Leisure,,,Lights on,FALSE,FALSE,FALSE,FALSE,No
ADID-959E0A543C6F,2025-09-21T20:03:13+01:00,2025-09-21T19:03:13Z,2025-09-21T20:25:48Z,4955,Wear,With others,Sedentary,,,Indoors,Commercial,Restaurant/cafeteria/bakery,Away from window,Lights on,FALSE,FALSE,FALSE,FALSE,No
ADID-959E0A543C6F,2025-09-21T21:25:48+01:00,2025-09-21T20:25:48Z,2025-09-21T20:42:34Z,1006,Wear,With others,Light activity,,,Outdoors,Leisure,,Shade / cloudy,Lights on,FALSE,FALSE,FALSE,FALSE,No
ADID-959E0A543C6F,2025-09-21T21:42:34+01:00,2025-09-21T20:42:34Z,2025-09-22T02:14:04Z,19890,Non-wear,Alone,,Stationary,,,,,,Dim light,FALSE,FALSE,FALSE,FALSE,Yes
ADID-959E0A543C6F,2025-09-22T03:14:04+01:00,2025-09-22T02:14:04Z,2025-09-22T02:34:31Z,1227,Wear,With others,Light activity,,,Outdoors,Leisure,,Direct sunlight,Lights on,FALSE,FALSE,FALSE,FALSE,No
ADID-959E0A543C6F,2025-09-22T03:34:31+01:00,2025-09-22T02:34:31Z,2025-09-22T03:03:23Z,1732,Wear,With others,Sedentary,,,Mixed,Transportation (bus or commuter/regional rail),,Away from window,,FALSE,FALSE,FALSE,FALSE,No
ADID-959E0A543C6F,2025-09-22T04:03:23+01:00,2025-09-22T03:03:23Z,2025-09-22T03:10:40Z,437,Wear,With others,Light activity,,,Indoors,Leisure,,Away from window,,FALSE,FALSE,FALSE,FALSE,No
ADID-959E0A543C6F,2025-09-22T04:10:40+01:00,2025-09-22T03:10:40Z,2025-09-22T03:28:38Z,1078,Non-wear,With others,,Dark stationary,,,,,,,FALSE,FALSE,FALSE,FALSE,
ADID-959E0A543C6F,2025-09-22T04:28:38+01:00,2025-09-22T03:28:38Z,2025-09-22T04:31:21Z,3763,Wear,With others,Light activity,,,Indoors,Other,,Away from window,Lights on,FALSE,FALSE,FALSE,FALSE,No
ADID-959E0A543C6F,2025-09-22T05:31:21+01:00,2025-09-22T04:31:21Z,2025-09-22T05:30:24Z,3543,Wear,With others,Sedentary,,,Mixed,Transportation (airplane),,Away from window,Lights on,FALSE,FALSE,FALSE,FALSE,No
ADID-959E0A543C6F,2025-09-22T06:30:24+01:00,2025-09-22T05:30:24Z,2025-09-22T08:43:46Z,11602,Wear,With others,Sedentary,,,Mixed,Transportation (airplane),,Away from window,Lights on,FALSE,FALSE,FALSE,FALSE,No
ADID-959E0A543C6F,2025-09-22T09:43:46+01:00,2025-09-22T08:43:46Z,2025-09-22T09:13:41Z,1795,Wear,With others,Sedentary,,,Mixed,Transportation (car/taxi),,Near a window,,FALSE,FALSE,FALSE,FALSE,
ADID-959E0A543C6F,2025-09-22T10:13:41+01:00,2025-09-22T09:13:41Z,2025-09-22T11:37:36Z,8635,Wear,Alone,Light activity,,,Indoors,Home,Other,Near a window,,FALSE,FALSE,FALSE,FALSE,
ADID-959E0A543C6F,2025-09-22T12:37:36+01:00,2025-09-22T11:37:36Z,2025-09-22T11:54:39Z,1023,Non-wear,Alone,,Dark mobile,,,,,,,FALSE,FALSE,FALSE,FALSE,
ADID-959E0A543C6F,2025-09-22T12:54:39+01:00,2025-09-22T11:54:39Z,2025-09-22T12:02:35Z,476,Wear,With others,Sedentary,,,Indoors,Education,Studio,Near a window,,FALSE,FALSE,FALSE,FALSE,
ADID-959E0A543C6F,2025-09-22T13:02:35+01:00,2025-09-22T12:02:35Z,2025-09-22T13:28:49Z,5174,Wear,With others,Sedentary,,,Indoors,Education,Lecture hall,Away from window,Dim light,FALSE,FALSE,FALSE,FALSE,No
ADID-959E0A543C6F,2025-09-22T14:28:49+01:00,2025-09-22T13:28:49Z,2025-09-22T14:51:15Z,4946,Wear,With others,Light activity,,,Indoors,Education,Classroom,Away from window,Lights on,FALSE,FALSE,FALSE,FALSE,No
ADID-959E0A543C6F,2025-09-22T15:51:15+01:00,2025-09-22T14:51:15Z,2025-09-22T15:17:50Z,1595,Wear,Alone,Light activity,,,Mixed,Other,,,,FALSE,FALSE,FALSE,FALSE,
ADID-959E0A543C6F,2025-09-22T16:17:50+01:00,2025-09-22T15:17:50Z,2025-09-22T15:41:19Z,1409,Wear,Alone,Sedentary,,,Indoors,Home,Bedroom,Near a window,,FALSE,FALSE,FALSE,FALSE,
ADID-959E0A543C6F,2025-09-22T16:41:19+01:00,2025-09-22T15:41:19Z,2025-09-22T16:11:44Z,1825,Wear,Alone,Sedentary,,,Mixed,Transportation (car/taxi),,Near a window,,FALSE,FALSE,FALSE,FALSE,
ADID-959E0A543C6F,2025-09-22T17:11:44+01:00,2025-09-22T16:11:44Z,2025-09-22T18:10:07Z,7103,Wear,With others,Light activity,,,Indoors,Home,Kitchen,Away from window,,FALSE,FALSE,FALSE,FALSE,
ADID-959E0A543C6F,2025-09-22T19:10:07+01:00,2025-09-22T18:10:07Z,2025-09-22T18:35:23Z,1516,Non-wear,Alone,,Stationary,,,,,,,FALSE,FALSE,FALSE,FALSE,
ADID-959E0A543C6F,2025-09-22T19:35:23+01:00,2025-09-22T18:35:23Z,2025-09-22T18:39:37Z,254,Wear,Alone,Light activity,,,Indoors,Home,Other,Away from window,Lights on,FALSE,FALSE,FALSE,FALSE,Yes
ADID-959E0A543C6F,2025-09-22T19:39:37+01:00,2025-09-22T18:39:37Z,2025-09-22T19:06:33Z,1616,Wear,With others,Sedentary,,,Mixed,Transportation (car/taxi),,,,FALSE,FALSE,FALSE,FALSE,
ADID-959E0A543C6F,2025-09-22T20:06:33+01:00,2025-09-22T19:06:33Z,2025-09-22T19:14:35Z,482,Wear,Alone,Light activity,,,Outdoors,Leisure,,Direct sunlight,,FALSE,FALSE,FALSE,FALSE,
ADID-959E0A543C6F,2025-09-22T20:14:35+01:00,2025-09-22T19:14:35Z,2025-09-22T19:21:29Z,414,Wear,Alone,Light activity,,,Indoors,Commercial,Convenience store/supermarkt,Away from window,Lights on,FALSE,FALSE,FALSE,FALSE,No
ADID-959E0A543C6F,2025-09-22T20:21:29+01:00,2025-09-22T19:21:29Z,2025-09-22T19:37:32Z,963,Wear,Alone,Light activity,,,Outdoors,Leisure,,Shade / cloudy,Lights on,FALSE,FALSE,FALSE,FALSE,No
ADID-959E0A543C6F,2025-09-22T20:37:32+01:00,2025-09-22T19:37:32Z,2025-09-22T19:50:52Z,800,Wear,Alone,Light activity,,,Indoors,Commercial,Convenience store/supermarkt,Away from window,Lights on,FALSE,FALSE,FALSE,FALSE,No
ADID-959E0A543C6F,2025-09-22T20:50:52+01:00,2025-09-22T19:50:52Z,2025-09-22T20:05:04Z,852,Wear,Alone,Sedentary,,,Mixed,Transportation (car/taxi),,,,FALSE,FALSE,FALSE,FALSE,
ADID-959E0A543C6F,2025-09-22T21:05:04+01:00,2025-09-22T20:05:04Z,2025-09-22T21:37:50Z,5566,Wear,Alone,Light activity,,,Outdoors,Leisure,,Shade / cloudy,,FALSE,FALSE,FALSE,FALSE,No
ADID-959E0A543C6F,2025-09-22T22:37:50+01:00,2025-09-22T21:37:50Z,2025-09-23T05:56:40Z,29930,Non-wear,Alone,,Stationary,,,,,,Dim light,FALSE,FALSE,FALSE,FALSE,Yes
ADID-959E0A543C6F,2025-09-23T06:56:40+01:00,2025-09-23T05:56:40Z,2025-09-23T06:54:30Z,3470,Wear,Alone,Sedentary,,,Indoors,Home,Kitchen,Near a window,Lights on,FALSE,FALSE,FALSE,FALSE,Yes
ADID-959E0A543C6F,2025-09-23T07:54:30+01:00,2025-09-23T06:54:30Z,2025-09-23T07:13:52Z,1162,Wear,Alone,Sedentary,,,Indoors,Home,Living room,Near a window,Lights on,FALSE,FALSE,FALSE,FALSE,Yes
ADID-959E0A543C6F,2025-09-23T08:13:52+01:00,2025-09-23T07:13:52Z,2025-09-23T08:14:53Z,3661,Wear,Alone,Light activity,,,Indoors,Home,Kitchen,Near a window,Lights on,FALSE,FALSE,FALSE,FALSE,Yes
ADID-959E0A543C6F,2025-09-23T09:14:53+01:00,2025-09-23T08:14:53Z,2025-09-23T08:44:11Z,1758,Wear,Alone,Sedentary,,,Indoors,Workplace,Personal workspace/desk,Away from window,Lights on,FALSE,FALSE,TRUE,FALSE,Yes
ADID-959E0A543C6F,2025-09-23T09:44:11+01:00,2025-09-23T08:44:11Z,2025-09-23T10:46:56Z,7365,Non-wear,Alone,,Stationary,,,,,,,FALSE,FALSE,FALSE,FALSE,
ADID-959E0A543C6F,2025-09-23T11:46:56+01:00,2025-09-23T10:46:56Z,2025-09-23T13:02:37Z,8141,Wear,Alone,Sedentary,,,Indoors,Home,Home office,Near a window,,FALSE,FALSE,TRUE,FALSE,Yes
ADID-959E0A543C6F,2025-09-23T14:02:37+01:00,2025-09-23T13:02:37Z,,,Non-wear,Alone,,Dark stationary,,,,,,,FALSE,FALSE,FALSE,FALSE,
ADID-9AE2247E0211,2025-09-21T12:04:57+02:00,2025-09-21T10:04:57Z,2025-09-21T10:49:15Z,2658,Wear,Alone,Sedentary,,,Indoors,Home,Home office,Near a window,,FALSE,FALSE,TRUE,FALSE,Yes
ADID-9AE2247E0211,2025-09-21T12:49:15+02:00,2025-09-21T10:49:15Z,2025-09-21T10:52:24Z,189,Wear,Alone,Light activity,,,Indoors,Home,Other,Near a window,,FALSE,FALSE,FALSE,FALSE,No
ADID-9AE2247E0211,2025-09-21T12:52:24+02:00,2025-09-21T10:52:24Z,2025-09-21T10:55:32Z,188,Wear,Alone,Light activity,,,Indoors,Home,Other,Away from window,Lights on,FALSE,FALSE,FALSE,FALSE,Yes
ADID-9AE2247E0211,2025-09-21T12:55:32+02:00,2025-09-21T10:55:32Z,2025-09-21T10:58:18Z,166,Wear,Alone,Light activity,,,Indoors,Home,Other,Near a window,Lights on,FALSE,FALSE,FALSE,FALSE,No
ADID-9AE2247E0211,2025-09-21T12:58:18+02:00,2025-09-21T10:58:18Z,2025-09-21T11:06:30Z,492,Wear,Alone,Light activity,,,Outdoors,Home,,Shade / cloudy,,FALSE,FALSE,FALSE,FALSE,
ADID-9AE2247E0211,2025-09-21T13:06:30+02:00,2025-09-21T11:06:30Z,2025-09-21T12:17:06Z,4236,Wear,Alone,Light activity,,,Indoors,Home,Living room,Near a window,,TRUE,FALSE,FALSE,FALSE,Yes
ADID-9AE2247E0211,2025-09-21T14:17:06+02:00,2025-09-21T12:17:06Z,2025-09-21T13:17:30Z,3624,Wear,Alone,Sedentary,,,Indoors,Home,Living room,Near a window,,FALSE,FALSE,FALSE,FALSE,Yes
ADID-9AE2247E0211,2025-09-21T15:17:30+02:00,2025-09-21T13:17:30Z,2025-09-21T13:18:38Z,68,Wear,Alone,Sedentary,,,Indoors,Home,Bedroom,Away from window,Lights on,FALSE,FALSE,FALSE,FALSE,Yes
ADID-9AE2247E0211,2025-09-21T15:18:38+02:00,2025-09-21T13:18:38Z,2025-09-21T13:25:48Z,430,Wear,Alone,Sedentary,,,Indoors,Home,Living room,Near a window,,FALSE,FALSE,FALSE,FALSE,Yes
ADID-9AE2247E0211,2025-09-21T15:25:48+02:00,2025-09-21T13:25:48Z,2025-09-21T13:35:17Z,569,Wear,Alone,Light activity,,,Indoors,Home,Home office,Away from window,Lights on,FALSE,FALSE,FALSE,FALSE,Yes
ADID-9AE2247E0211,2025-09-21T15:35:17+02:00,2025-09-21T13:35:17Z,2025-09-21T13:46:09Z,652,Wear,Alone,Sedentary,,,Indoors,Home,Bathroom,Near a window,,FALSE,FALSE,FALSE,FALSE,Yes
ADID-9AE2247E0211,2025-09-21T15:46:09+02:00,2025-09-21T13:46:09Z,2025-09-21T14:53:23Z,4034,Wear,Alone,Sedentary,,,Indoors,Home,Home office,Near a window,,FALSE,FALSE,TRUE,FALSE,Yes
ADID-9AE2247E0211,2025-09-21T16:53:23+02:00,2025-09-21T14:53:23Z,2025-09-21T15:13:11Z,1188,Wear,Alone,Light activity,,,Indoors,Home,Kitchen,Near a window,,FALSE,FALSE,FALSE,FALSE,Yes
ADID-9AE2247E0211,2025-09-21T17:13:11+02:00,2025-09-21T15:13:11Z,2025-09-21T15:20:51Z,460,Wear,Alone,Sedentary,,,Indoors,Home,Home office,Near a window,,FALSE,FALSE,TRUE,FALSE,Yes
ADID-9AE2247E0211,2025-09-21T17:20:51+02:00,2025-09-21T15:20:51Z,2025-09-21T15:23:41Z,170,Wear,Alone,Light activity,,,Outdoors,Home,,Shade / cloudy,,FALSE,FALSE,FALSE,FALSE,
ADID-9AE2247E0211,2025-09-21T17:23:41+02:00,2025-09-21T15:23:41Z,2025-09-21T15:26:02Z,141,Wear,Alone,Light activity,,,Indoors,Home,Bedroom,Near a window,,FALSE,FALSE,FALSE,FALSE,Yes
ADID-9AE2247E0211,2025-09-21T17:26:02+02:00,2025-09-21T15:26:02Z,2025-09-21T15:31:59Z,357,Wear,Alone,Sedentary,,,Indoors,Home,Bathroom,Near a window,,FALSE,FALSE,FALSE,FALSE,Yes
ADID-9AE2247E0211,2025-09-21T17:31:59+02:00,2025-09-21T15:31:59Z,2025-09-21T15:33:45Z,106,Wear,Alone,Light activity,,,Indoors,Home,Other,Near a window,Lights on,FALSE,FALSE,FALSE,FALSE,Partly
ADID-9AE2247E0211,2025-09-21T17:33:45+02:00,2025-09-21T15:33:45Z,2025-09-21T16:15:50Z,2525,Wear,Alone,Moderate activity,,,Outdoors,Other,,Shade / cloudy,,FALSE,FALSE,FALSE,FALSE,
ADID-9AE2247E0211,2025-09-21T18:15:50+02:00,2025-09-21T16:15:50Z,2025-09-21T16:17:11Z,81,Wear,Alone,Moderate activity,,,Indoors,Commercial,Shopping mall,Away from window,Lights on,FALSE,FALSE,FALSE,FALSE,No
ADID-9AE2247E0211,2025-09-21T18:17:11+02:00,2025-09-21T16:17:11Z,2025-09-21T16:18:23Z,72,Wear,Alone,Moderate activity,,,Outdoors,Other,,Shade / cloudy,,FALSE,FALSE,FALSE,FALSE,
ADID-9AE2247E0211,2025-09-21T18:18:23+02:00,2025-09-21T16:18:23Z,2025-09-21T16:21:09Z,166,Wear,Alone,Light activity,,,Indoors,Home,Other,Near a window,Lights on,FALSE,FALSE,FALSE,FALSE,Partly
ADID-9AE2247E0211,2025-09-21T18:21:09+02:00,2025-09-21T16:21:09Z,2025-09-21T17:17:59Z,3410,Wear,Alone,Sedentary,,,Indoors,Home,Home office,Near a window,,FALSE,FALSE,TRUE,FALSE,Yes
ADID-9AE2247E0211,2025-09-21T19:17:59+02:00,2025-09-21T17:17:59Z,2025-09-21T17:18:56Z,57,Wear,Alone,Sedentary,,,Outdoors,Home,,Shade / cloudy,,FALSE,FALSE,FALSE,FALSE,
ADID-9AE2247E0211,2025-09-21T19:18:56+02:00,2025-09-21T17:18:56Z,2025-09-21T17:37:20Z,1104,Wear,Alone,Sedentary,,,Indoors,Home,Home office,Away from window,Lights on,TRUE,FALSE,TRUE,FALSE,Yes
ADID-9AE2247E0211,2025-09-21T19:37:20+02:00,2025-09-21T17:37:20Z,2025-09-21T17:39:54Z,154,Wear,Alone,Sedentary,,,Indoors,Home,Home office,Near a window,Lights off,FALSE,FALSE,TRUE,FALSE,Yes
ADID-9AE2247E0211,2025-09-21T19:39:54+02:00,2025-09-21T17:39:54Z,2025-09-21T18:33:21Z,3207,Wear,Alone,Sedentary,,,Indoors,Home,Home office,Near a window,Dim light,TRUE,FALSE,TRUE,FALSE,Yes
ADID-9AE2247E0211,2025-09-21T20:33:21+02:00,2025-09-21T18:33:21Z,2025-09-21T18:47:26Z,845,Wear,Alone,Sedentary,,,Indoors,Home,Bathroom,Away from window,Lights on,TRUE,FALSE,FALSE,FALSE,Yes
ADID-9AE2247E0211,2025-09-21T20:47:26+02:00,2025-09-21T18:47:26Z,2025-09-21T18:54:11Z,405,Wear,Alone,Sedentary,,,Indoors,Home,Home office,Near a window,Dim light,TRUE,FALSE,TRUE,FALSE,Yes
ADID-9AE2247E0211,2025-09-21T20:54:11+02:00,2025-09-21T18:54:11Z,2025-09-21T19:08:11Z,840,Wear,Alone,Sedentary,,,Indoors,Home,Kitchen,Away from window,Lights on,FALSE,FALSE,FALSE,FALSE,Yes
ADID-9AE2247E0211,2025-09-21T21:08:11+02:00,2025-09-21T19:08:11Z,2025-09-21T20:35:50Z,5259,Wear,Alone,Sedentary,,,Indoors,Home,Home office,Away from window,Dim light,TRUE,FALSE,TRUE,FALSE,Yes
ADID-9AE2247E0211,2025-09-21T22:35:50+02:00,2025-09-21T20:35:50Z,2025-09-21T20:58:37Z,1367,Wear,Alone,Sedentary,,,Indoors,Home,Bathroom,Away from window,Dim light,TRUE,FALSE,FALSE,FALSE,Yes
ADID-9AE2247E0211,2025-09-21T22:58:37+02:00,2025-09-21T20:58:37Z,2025-09-21T21:05:53Z,436,Wear,Alone,Sedentary,,,Indoors,Home,Kitchen,Away from window,Dim light,TRUE,FALSE,FALSE,FALSE,Yes
ADID-9AE2247E0211,2025-09-21T23:05:53+02:00,2025-09-21T21:05:53Z,2025-09-21T21:59:43Z,3230,Wear,Alone,Sedentary,,,Indoors,Home,Home office,Away from window,Dim light,TRUE,FALSE,TRUE,FALSE,Yes
ADID-9AE2247E0211,2025-09-21T23:59:43+02:00,2025-09-21T21:59:43Z,2025-09-21T22:31:27Z,1904,Wear,Alone,Sedentary,,,Indoors,Home,Bedroom,Away from window,Dim light,TRUE,FALSE,FALSE,FALSE,Yes
ADID-9AE2247E0211,2025-09-22T00:31:27+02:00,2025-09-21T22:31:27Z,2025-09-21T22:59:45Z,1698,Wear,Alone,Sedentary,,,Indoors,Home,Bedroom,Away from window,Dim light,TRUE,FALSE,FALSE,FALSE,Yes
ADID-9AE2247E0211,2025-09-22T00:59:45+02:00,2025-09-21T22:59:45Z,2025-09-22T08:20:51Z,33666,Bedtime,Alone,,,Other,,,,,Lights off,FALSE,FALSE,FALSE,FALSE,Yes
ADID-9AE2247E0211,2025-09-22T10:20:51+02:00,2025-09-22T08:20:51Z,2025-09-22T08:25:39Z,288,Wear,Alone,Sedentary,,,Indoors,Home,Bedroom,Near a window,,TRUE,FALSE,FALSE,FALSE,Yes
ADID-9AE2247E0211,2025-09-22T10:25:39+02:00,2025-09-22T08:25:39Z,2025-09-22T08:41:16Z,937,Wear,Alone,Sedentary,,,Indoors,Home,Bathroom,Near a window,,TRUE,FALSE,FALSE,FALSE,Yes
ADID-9AE2247E0211,2025-09-22T10:41:16+02:00,2025-09-22T08:41:16Z,2025-09-22T08:48:26Z,430,Wear,Alone,Sedentary,,,Indoors,Home,Kitchen,Near a window,,FALSE,FALSE,FALSE,FALSE,Yes
ADID-9AE2247E0211,2025-09-22T10:48:26+02:00,2025-09-22T08:48:26Z,2025-09-22T09:04:05Z,939,Wear,Alone,Sedentary,,,Indoors,Home,Home office,Near a window,,TRUE,FALSE,TRUE,FALSE,Yes
ADID-9AE2247E0211,2025-09-22T11:04:05+02:00,2025-09-22T09:04:05Z,2025-09-22T09:05:53Z,108,Wear,Alone,Sedentary,,,Indoors,Home,Kitchen,Near a window,,FALSE,FALSE,FALSE,FALSE,Yes
ADID-9AE2247E0211,2025-09-22T11:05:53+02:00,2025-09-22T09:05:53Z,2025-09-22T11:28:32Z,8559,Wear,Alone,Sedentary,,,Indoors,Home,Home office,Near a window,,TRUE,FALSE,TRUE,FALSE,Yes
ADID-9AE2247E0211,2025-09-22T13:28:32+02:00,2025-09-22T11:28:32Z,2025-09-22T11:34:28Z,356,Wear,Alone,Sedentary,,,Indoors,Home,Kitchen,Near a window,,FALSE,FALSE,FALSE,FALSE,Yes
ADID-9AE2247E0211,2025-09-22T13:34:28+02:00,2025-09-22T11:34:28Z,2025-09-22T12:52:47Z,4699,Wear,Alone,Sedentary,,,Indoors,Home,Home office,Near a window,,FALSE,FALSE,TRUE,FALSE,Yes
ADID-9AE2247E0211,2025-09-22T14:52:47+02:00,2025-09-22T12:52:47Z,2025-09-22T13:16:04Z,1397,Wear,Alone,Sedentary,,,Indoors,Home,Bathroom,Near a window,,FALSE,FALSE,FALSE,FALSE,Yes
ADID-9AE2247E0211,2025-09-22T15:16:04+02:00,2025-09-22T13:16:04Z,2025-09-22T13:25:05Z,541,Wear,Alone,Sedentary,,,Indoors,Home,Kitchen,Near a window,,FALSE,FALSE,FALSE,FALSE,Yes
ADID-9AE2247E0211,2025-09-22T15:25:05+02:00,2025-09-22T13:25:05Z,2025-09-22T14:14:15Z,2950,Wear,Alone,Sedentary,,,Indoors,Home,Home office,Near a window,,FALSE,FALSE,TRUE,FALSE,Yes
ADID-9AE2247E0211,2025-09-22T16:14:15+02:00,2025-09-22T14:14:15Z,2025-09-22T14:36:29Z,1334,Wear,Alone,Sedentary,,,Indoors,Home,Kitchen,Near a window,,FALSE,FALSE,FALSE,FALSE,Yes
ADID-9AE2247E0211,2025-09-22T16:36:29+02:00,2025-09-22T14:36:29Z,2025-09-22T14:52:03Z,934,Wear,Alone,Sedentary,,,Indoors,Home,Home office,Near a window,,FALSE,FALSE,FALSE,FALSE,Yes
ADID-9AE2247E0211,2025-09-22T16:52:03+02:00,2025-09-22T14:52:03Z,2025-09-22T14:52:54Z,51,Wear,Alone,Sedentary,,,Indoors,Home,Other,Near a window,Lights on,FALSE,FALSE,FALSE,FALSE,No
ADID-9AE2247E0211,2025-09-22T16:52:54+02:00,2025-09-22T14:52:54Z,2025-09-22T15:57:17Z,3863,Wear,Alone,Light activity,,,Outdoors,Other,,Shade / cloudy,,FALSE,FALSE,FALSE,FALSE,
ADID-9AE2247E0211,2025-09-22T17:57:17+02:00,2025-09-22T15:57:17Z,2025-09-22T16:08:25Z,668,Wear,Alone,Light activity,,,Outdoors,Commercial,,,Lights on,FALSE,FALSE,FALSE,FALSE,No
ADID-9AE2247E0211,2025-09-22T18:08:25+02:00,2025-09-22T16:08:25Z,2025-09-22T16:20:56Z,751,Wear,Alone,Light activity,,,Outdoors,Other,,Shade / cloudy,,FALSE,FALSE,FALSE,FALSE,No
ADID-9AE2247E0211,2025-09-22T18:20:56+02:00,2025-09-22T16:20:56Z,2025-09-22T16:21:49Z,53,Wear,Alone,Sedentary,,,Outdoors,Home,,,Lights on,FALSE,FALSE,FALSE,FALSE,No
ADID-9AE2247E0211,2025-09-22T18:21:49+02:00,2025-09-22T16:21:49Z,2025-09-22T16:54:35Z,1966,Wear,Alone,Sedentary,,,Indoors,Home,Kitchen,Near a window,,FALSE,FALSE,FALSE,FALSE,Yes
ADID-9AE2247E0211,2025-09-22T18:54:35+02:00,2025-09-22T16:54:35Z,2025-09-22T17:02:00Z,445,Wear,Alone,Sedentary,,,Indoors,Home,Home office,Near a window,Dim light,FALSE,FALSE,TRUE,FALSE,Yes
ADID-9AE2247E0211,2025-09-22T19:02:00+02:00,2025-09-22T17:02:00Z,2025-09-22T17:33:56Z,1916,Wear,Alone,Sedentary,,,Indoors,Home,Home office,Near a window,Dim light,FALSE,FALSE,TRUE,FALSE,Yes
ADID-9AE2247E0211,2025-09-22T19:33:56+02:00,2025-09-22T17:33:56Z,2025-09-22T17:41:10Z,434,Wear,Alone,Sedentary,,,Indoors,Home,Bathroom,Away from window,Dim light,FALSE,FALSE,FALSE,FALSE,Yes
ADID-9AE2247E0211,2025-09-22T19:41:10+02:00,2025-09-22T17:41:10Z,2025-09-22T19:23:48Z,6158,Wear,Alone,Sedentary,,,Indoors,Home,Home office,Near a window,Dim light,FALSE,FALSE,TRUE,FALSE,Yes
ADID-9AE2247E0211,2025-09-22T21:23:48+02:00,2025-09-22T19:23:48Z,2025-09-22T19:57:03Z,1995,Wear,Alone,Sedentary,,,Indoors,Home,Living room,Away from window,Lights on,FALSE,FALSE,FALSE,FALSE,Yes
ADID-9AE2247E0211,2025-09-22T21:57:03+02:00,2025-09-22T19:57:03Z,2025-09-22T19:57:40Z,37,Wear,Alone,Light activity,,,Indoors,Home,Living room,Away from window,Lights on,FALSE,FALSE,FALSE,FALSE,Yes
ADID-9AE2247E0211,2025-09-22T21:57:40+02:00,2025-09-22T19:57:40Z,2025-09-22T21:12:05Z,4465,Wear,Alone,Sedentary,,,Indoors,Home,Bedroom,Away from window,Dim light,FALSE,FALSE,TRUE,FALSE,Yes
ADID-9AE2247E0211,2025-09-22T23:12:05+02:00,2025-09-22T21:12:05Z,2025-09-22T21:13:19Z,74,Wear,Alone,Light activity,,,Indoors,Home,Other,Away from window,Lights on,FALSE,FALSE,FALSE,FALSE,Yes
ADID-9AE2247E0211,2025-09-22T23:13:19+02:00,2025-09-22T21:13:19Z,2025-09-22T21:39:38Z,1579,Wear,Alone,Sedentary,,,Indoors,Home,Bedroom,Away from window,Dim light,TRUE,FALSE,FALSE,FALSE,Yes
ADID-9AE2247E0211,2025-09-22T23:39:38+02:00,2025-09-22T21:39:38Z,2025-09-22T21:40:16Z,38,Wear,Alone,Sedentary,,,Indoors,Home,Bathroom,Away from window,Lights off,FALSE,FALSE,FALSE,FALSE,Yes
ADID-9AE2247E0211,2025-09-22T23:40:16+02:00,2025-09-22T21:40:16Z,2025-09-23T07:24:44Z,35068,Bedtime,Alone,,,Other,,,,,,FALSE,FALSE,FALSE,FALSE,Yes
ADID-9AE2247E0211,2025-09-23T09:24:44+02:00,2025-09-23T07:24:44Z,2025-09-23T07:25:33Z,49,Wear,Alone,Sedentary,,,Indoors,Home,Bedroom,Near a window,,FALSE,FALSE,FALSE,FALSE,Yes
ADID-9AE2247E0211,2025-09-23T09:25:33+02:00,2025-09-23T07:25:33Z,2025-09-23T07:30:18Z,285,Wear,Alone,Sedentary,,,Indoors,Home,Bathroom,Near a window,,FALSE,FALSE,FALSE,FALSE,Yes
ADID-9AE2247E0211,2025-09-23T09:30:18+02:00,2025-09-23T07:30:18Z,2025-09-23T07:47:12Z,1014,Wear,Alone,Sedentary,,,Indoors,Home,Kitchen,Near a window,,FALSE,FALSE,FALSE,FALSE,Yes
ADID-9AE2247E0211,2025-09-23T09:47:12+02:00,2025-09-23T07:47:12Z,2025-09-23T09:13:01Z,5149,Wear,Alone,Sedentary,,,Indoors,Home,Home office,Near a window,,FALSE,FALSE,TRUE,FALSE,Yes
ADID-9AE2247E0211,2025-09-23T11:13:01+02:00,2025-09-23T09:13:01Z,2025-09-23T09:25:53Z,772,Wear,Alone,Sedentary,,,Indoors,Home,Bathroom,Near a window,,FALSE,FALSE,FALSE,FALSE,Yes
ADID-9AE2247E0211,2025-09-23T11:25:53+02:00,2025-09-23T09:25:53Z,2025-09-23T10:27:03Z,3670,Wear,Alone,Sedentary,,,Indoors,Home,Home office,Near a window,,FALSE,FALSE,TRUE,FALSE,Yes
ADID-9AE2247E0211,2025-09-23T12:27:03+02:00,2025-09-23T10:27:03Z,2025-09-23T12:16:28Z,6565,Wear,Alone,Sedentary,,,Indoors,Home,Kitchen,Near a window,,FALSE,FALSE,FALSE,FALSE,Yes
ADID-9AE2247E0211,2025-09-23T14:16:28+02:00,2025-09-23T12:16:28Z,,,Non-wear,Alone,,Stationary,,,,,,,FALSE,FALSE,FALSE,FALSE,Yes
ADID-A1E0827DB139,2025-09-21T17:19:30+10:00,2025-09-21T07:19:30Z,2025-09-21T08:10:22Z,3052,Wear,Alone,Light activity,,,Indoors,Workplace,Personal workspace/desk,Near a window,Lights on,TRUE,FALSE,TRUE,FALSE,Partly
ADID-A1E0827DB139,2025-09-21T18:10:22+10:00,2025-09-21T08:10:22Z,2025-09-21T12:06:35Z,14173,Wear,With others,Sedentary,,,Indoors,Home,Living room,Near a window,Dim light,TRUE,FALSE,FALSE,TRUE,Yes
ADID-A1E0827DB139,2025-09-21T22:06:35+10:00,2025-09-21T12:06:35Z,2025-09-21T21:47:12Z,34837,Bedtime,With others,,,Upward,,,,,Lights off,FALSE,FALSE,FALSE,FALSE,Yes
ADID-A1E0827DB139,2025-09-22T07:47:12+10:00,2025-09-21T21:47:12Z,2025-09-21T22:05:57Z,1125,Wear,Alone,Moderate activity,,,Outdoors,Other,,Direct sunlight,Lights off,FALSE,FALSE,FALSE,FALSE,
ADID-A1E0827DB139,2025-09-22T08:05:57+10:00,2025-09-21T22:05:57Z,2025-09-22T02:14:34Z,14917,Wear,Alone,Sedentary,,,Indoors,Workplace,Personal workspace/desk,Near a window,Lights on,TRUE,FALSE,TRUE,FALSE,Yes
ADID-A1E0827DB139,2025-09-22T12:14:34+10:00,2025-09-22T02:14:34Z,2025-09-22T06:07:48Z,13994,Wear,With others,Sedentary,,,Indoors,Workplace,Open-plan office area,Near a window,Lights on,TRUE,FALSE,FALSE,FALSE,Partly
ADID-A1E0827DB139,2025-09-22T16:07:48+10:00,2025-09-22T06:07:48Z,2025-09-22T08:14:59Z,7631,Wear,Alone,Moderate activity,,,Outdoors,Workplace,,Direct sunlight,Lights off,FALSE,FALSE,FALSE,FALSE,
ADID-A1E0827DB139,2025-09-22T18:14:59+10:00,2025-09-22T08:14:59Z,2025-09-22T08:20:38Z,339,Wear,Alone,Moderate activity,,,Outdoors,Leisure,,Direct sunlight,Lights off,FALSE,FALSE,FALSE,FALSE,
ADID-A1E0827DB139,2025-09-22T18:20:38+10:00,2025-09-22T08:20:38Z,2025-09-22T09:19:46Z,3548,Wear,With others,Moderate activity,,,Indoors,Leisure,,Away from window,Dim light,FALSE,FALSE,FALSE,FALSE,No
ADID-A1E0827DB139,2025-09-22T19:19:46+10:00,2025-09-22T09:19:46Z,2025-09-22T12:20:57Z,10871,Wear,Alone,Moderate activity,,,Outdoors,Home,,Direct sunlight,Lights off,TRUE,FALSE,FALSE,FALSE,
ADID-A1E0827DB139,2025-09-22T22:20:57+10:00,2025-09-22T12:20:57Z,2025-09-22T22:34:35Z,36818,Bedtime,Alone,,,Upward,,,,,Lights off,FALSE,FALSE,FALSE,FALSE,Yes
ADID-A1E0827DB139,2025-09-23T08:34:35+10:00,2025-09-22T22:34:35Z,2025-09-22T23:26:54Z,3139,Wear,Alone,Moderate activity,,,Outdoors,Home,,Direct sunlight,,FALSE,FALSE,FALSE,FALSE,
ADID-A1E0827DB139,2025-09-23T09:26:54+10:00,2025-09-22T23:26:54Z,2025-09-23T01:45:47Z,8333,Wear,Alone,Sedentary,,,Indoors,Workplace,Personal workspace/desk,Near a window,Lights on,TRUE,FALSE,TRUE,FALSE,Partly
ADID-A1E0827DB139,2025-09-23T11:45:47+10:00,2025-09-23T01:45:47Z,2025-09-23T01:57:05Z,678,Wear,Alone,Moderate activity,,,Outdoors,Workplace,,Direct sunlight,Lights off,FALSE,FALSE,FALSE,FALSE,
ADID-A1E0827DB139,2025-09-23T11:57:05+10:00,2025-09-23T01:57:05Z,2025-09-23T05:32:50Z,12945,Wear,With others,Sedentary,,,Indoors,Workplace,Open-plan office area,Near a window,Lights on,FALSE,FALSE,FALSE,FALSE,No
ADID-A1E0827DB139,2025-09-23T15:32:50+10:00,2025-09-23T05:32:50Z,2025-09-23T07:57:32Z,8682,Wear,Alone,Sedentary,,,Indoors,Workplace,Personal workspace/desk,Near a window,Lights on,TRUE,FALSE,TRUE,FALSE,Partly
ADID-A1E0827DB139,2025-09-23T17:57:32+10:00,2025-09-23T07:57:32Z,2025-09-23T07:57:52Z,20,Wear,With others,Moderate activity,,,Outdoors,Workplace,,Direct sunlight,Lights off,FALSE,FALSE,FALSE,FALSE,
ADID-A1E0827DB139,2025-09-23T17:57:52+10:00,2025-09-23T07:57:52Z,2025-09-23T12:13:31Z,15339,Wear,With others,Sedentary,,,Indoors,Home,Living room,Near a window,Dim light,FALSE,FALSE,FALSE,TRUE,Yes
ADID-A1E0827DB139,2025-09-23T22:13:31+10:00,2025-09-23T12:13:31Z,2025-09-23T20:37:47Z,30256,Wear,Alone,Light activity,,,Indoors,Home,Bathroom,Away from window,Lights on,FALSE,FALSE,FALSE,FALSE,Yes
ADID-A1E0827DB139,2025-09-24T06:37:47+10:00,2025-09-23T20:37:47Z,2025-09-23T21:46:30Z,4123,Wear,Alone,Sedentary,,,Indoors,Home,Living room,Near a window,Lights off,FALSE,FALSE,FALSE,FALSE,Yes
ADID-A1E0827DB139,2025-09-24T07:46:30+10:00,2025-09-23T21:46:30Z,2025-09-23T22:32:30Z,2760,Wear,Alone,Moderate activity,,,Outdoors,Home,,Direct sunlight,Lights off,FALSE,FALSE,FALSE,FALSE,
ADID-A1E0827DB139,2025-09-24T08:32:30+10:00,2025-09-23T22:32:30Z,,,Wear,Alone,Sedentary,,,Indoors,Workplace,Personal workspace/desk,Near a window,Lights on,TRUE,FALSE,TRUE,FALSE,Partly
ADID-A85538A2B71E,2025-09-21T10:59:26+01:00,2025-09-21T09:59:26Z,2025-09-21T10:26:29Z,1623,Wear,With others,Moderate activity,,,Indoors,Leisure,,Near a window,Lights on,FALSE,FALSE,FALSE,FALSE,No
ADID-A85538A2B71E,2025-09-21T11:26:29+01:00,2025-09-21T10:26:29Z,2025-09-21T10:37:54Z,685,Wear,With others,Light activity,,,Outdoors,Other,,Direct sunlight,,FALSE,FALSE,FALSE,FALSE,
ADID-A85538A2B71E,2025-09-21T11:37:54+01:00,2025-09-21T10:37:54Z,2025-09-21T10:41:13Z,199,Wear,Alone,Light activity,,,Indoors,Home,Kitchen,Near a window,,FALSE,FALSE,FALSE,FALSE,Yes
ADID-A85538A2B71E,2025-09-21T11:41:13+01:00,2025-09-21T10:41:13Z,2025-09-21T11:08:37Z,1644,Wear,Alone,Light activity,,,Indoors,Home,Kitchen,Near a window,Lights on,FALSE,FALSE,FALSE,FALSE,Yes
ADID-A85538A2B71E,2025-09-21T12:08:37+01:00,2025-09-21T11:08:37Z,2025-09-21T13:16:11Z,7654,Wear,Alone,Sedentary,,,Indoors,Home,Living room,Near a window,,FALSE,FALSE,FALSE,FALSE,Yes
ADID-A85538A2B71E,2025-09-21T14:16:11+01:00,2025-09-21T13:16:11Z,2025-09-21T14:42:37Z,5186,Wear,With others,Light activity,,,Indoors,Home,Kitchen,Near a window,Lights on,FALSE,FALSE,FALSE,FALSE,Yes
ADID-A85538A2B71E,2025-09-21T15:42:37+01:00,2025-09-21T14:42:37Z,2025-09-21T15:45:17Z,3760,Wear,With others,Sedentary,,,Indoors,Home,Living room,Near a window,,FALSE,FALSE,FALSE,TRUE,Yes
ADID-A85538A2B71E,2025-09-21T16:45:17+01:00,2025-09-21T15:45:17Z,2025-09-21T17:38:15Z,6778,Wear,Alone,Sedentary,,,Indoors,Home,Home office,Near a window,,TRUE,FALSE,TRUE,FALSE,Yes
ADID-A85538A2B71E,2025-09-21T18:38:15+01:00,2025-09-21T17:38:15Z,2025-09-21T18:09:44Z,1889,Wear,Alone,Sedentary,,,Indoors,Home,Living room,Near a window,Lights on,FALSE,FALSE,FALSE,FALSE,Yes
ADID-A85538A2B71E,2025-09-21T19:09:44+01:00,2025-09-21T18:09:44Z,2025-09-21T18:38:51Z,1747,Non-wear,Alone,,Dark mobile,,,,,,,FALSE,FALSE,FALSE,FALSE,Yes
ADID-A85538A2B71E,2025-09-21T19:38:51+01:00,2025-09-21T18:38:51Z,2025-09-21T19:02:24Z,1413,Wear,With others,Sedentary,,,Indoors,Home,Living room,Near a window,Lights on,TRUE,FALSE,FALSE,TRUE,Yes
ADID-A85538A2B71E,2025-09-21T20:02:24+01:00,2025-09-21T19:02:24Z,2025-09-21T20:46:13Z,6229,Wear,With others,Sedentary,,,Indoors,Home,Living room,Near a window,Dim light,FALSE,FALSE,FALSE,TRUE,Yes
ADID-A85538A2B71E,2025-09-21T21:46:13+01:00,2025-09-21T20:46:13Z,2025-09-21T21:31:54Z,2741,Wear,Alone,Sedentary,,,Indoors,Home,Bedroom,Near a window,Dim light,FALSE,FALSE,FALSE,FALSE,Yes
ADID-A85538A2B71E,2025-09-21T22:31:54+01:00,2025-09-21T21:31:54Z,2025-09-22T05:34:49Z,28975,Bedtime,With others,,,Upward,,,,,Lights off,FALSE,FALSE,FALSE,FALSE,Yes
ADID-A85538A2B71E,2025-09-22T06:34:49+01:00,2025-09-22T05:34:49Z,2025-09-22T05:46:59Z,730,Wear,Alone,Sedentary,,,Indoors,Home,Living room,Near a window,Lights on,TRUE,FALSE,FALSE,FALSE,Yes
ADID-A85538A2B71E,2025-09-22T06:46:59+01:00,2025-09-22T05:46:59Z,2025-09-22T05:58:08Z,669,Wear,Alone,Light activity,,,Outdoors,Other,,Direct sunlight,,FALSE,FALSE,FALSE,FALSE,
ADID-A85538A2B71E,2025-09-22T06:58:08+01:00,2025-09-22T05:58:08Z,2025-09-22T07:26:48Z,5320,Wear,With others,High-intensity activity,,,Indoors,Leisure,,Near a window,Lights on,FALSE,FALSE,FALSE,FALSE,No
ADID-A85538A2B71E,2025-09-22T08:26:48+01:00,2025-09-22T07:26:48Z,2025-09-22T07:38:22Z,694,Wear,With others,Light activity,,,Outdoors,Other,,Direct sunlight,,FALSE,FALSE,FALSE,FALSE,
ADID-A85538A2B71E,2025-09-22T08:38:22+01:00,2025-09-22T07:38:22Z,2025-09-22T08:07:31Z,1749,Wear,With others,Light activity,,,Indoors,Home,Living room,Near a window,,FALSE,FALSE,FALSE,FALSE,Yes
ADID-A85538A2B71E,2025-09-22T09:07:31+01:00,2025-09-22T08:07:31Z,2025-09-22T08:43:53Z,2182,Non-wear,Alone,,Stationary,,,,,,,FALSE,FALSE,FALSE,FALSE,Yes
ADID-A85538A2B71E,2025-09-22T09:43:53+01:00,2025-09-22T08:43:53Z,2025-09-22T08:54:34Z,641,Wear,With others,Light activity,,,Outdoors,Other,,Direct sunlight,,FALSE,FALSE,FALSE,FALSE,
ADID-A85538A2B71E,2025-09-22T09:54:34+01:00,2025-09-22T08:54:34Z,2025-09-22T11:16:30Z,8516,Wear,With others,Sedentary,,,Indoors,Workplace,Open-plan office area,Near a window,Lights on,TRUE,FALSE,TRUE,FALSE,Partly
ADID-A85538A2B71E,2025-09-22T12:16:30+01:00,2025-09-22T11:16:30Z,2025-09-22T11:17:26Z,56,Wear,With others,Light activity,,,Outdoors,Other,,Direct sunlight,,FALSE,FALSE,FALSE,FALSE,
ADID-A85538A2B71E,2025-09-22T12:17:26+01:00,2025-09-22T11:17:26Z,2025-09-22T12:25:51Z,4105,Wear,With others,Sedentary,,,Indoors,Commercial,Restaurant/cafeteria/bakery,Near a window,Lights on,FALSE,FALSE,FALSE,FALSE,No
ADID-A85538A2B71E,2025-09-22T13:25:51+01:00,2025-09-22T12:25:51Z,2025-09-22T12:27:08Z,77,Wear,With others,Light activity,,,Outdoors,Other,,Shade / cloudy,,FALSE,FALSE,FALSE,FALSE,
ADID-A85538A2B71E,2025-09-22T13:27:08+01:00,2025-09-22T12:27:08Z,2025-09-22T18:33:00Z,21952,Wear,With others,Sedentary,,,Indoors,Workplace,Open-plan office area,Near a window,Lights on,FALSE,FALSE,TRUE,FALSE,Partly
ADID-A85538A2B71E,2025-09-22T19:33:00+01:00,2025-09-22T18:33:00Z,2025-09-22T18:42:54Z,594,Wear,With others,Light activity,,,Outdoors,Other,,Shade / cloudy,,FALSE,FALSE,FALSE,FALSE,
ADID-A85538A2B71E,2025-09-22T19:42:54+01:00,2025-09-22T18:42:54Z,2025-09-22T19:24:16Z,2482,Wear,With others,Light activity,,,Indoors,Home,Living room,Near a window,Lights on,FALSE,FALSE,FALSE,FALSE,Yes
ADID-A85538A2B71E,2025-09-22T20:24:16+01:00,2025-09-22T19:24:16Z,2025-09-22T21:34:22Z,7806,Wear,With others,Sedentary,,,Indoors,Home,Living room,Near a window,Dim light,FALSE,FALSE,TRUE,TRUE,Yes
ADID-A85538A2B71E,2025-09-22T22:34:22+01:00,2025-09-22T21:34:22Z,2025-09-23T05:32:43Z,28701,Bedtime,With others,,,Upward,,,,,Lights off,FALSE,FALSE,FALSE,FALSE,Yes
ADID-A85538A2B71E,2025-09-23T06:32:43+01:00,2025-09-23T05:32:43Z,2025-09-23T05:52:25Z,1182,Wear,Alone,Sedentary,,,Indoors,Home,Living room,Near a window,Lights on,TRUE,FALSE,FALSE,FALSE,Yes
ADID-A85538A2B71E,2025-09-23T06:52:25+01:00,2025-09-23T05:52:25Z,2025-09-23T06:04:02Z,697,Wear,With others,Light activity,,,Outdoors,Other,,Direct sunlight,,FALSE,FALSE,FALSE,FALSE,
ADID-A85538A2B71E,2025-09-23T07:04:02+01:00,2025-09-23T06:04:02Z,2025-09-23T07:13:04Z,4142,Wear,With others,Moderate activity,,,Indoors,Leisure,,Near a window,Lights on,FALSE,FALSE,FALSE,FALSE,No
ADID-A85538A2B71E,2025-09-23T08:13:04+01:00,2025-09-23T07:13:04Z,2025-09-23T07:24:43Z,699,Wear,With others,Light activity,,,Outdoors,Other,,Direct sunlight,,FALSE,FALSE,FALSE,FALSE,
ADID-A85538A2B71E,2025-09-23T08:24:43+01:00,2025-09-23T07:24:43Z,2025-09-23T08:22:32Z,3469,Wear,Alone,Light activity,,,Indoors,Home,Kitchen,Near a window,,FALSE,FALSE,FALSE,FALSE,Yes
ADID-A85538A2B71E,2025-09-23T09:22:32+01:00,2025-09-23T08:22:32Z,2025-09-23T08:32:24Z,592,Wear,With others,Light activity,,,Outdoors,Other,,Direct sunlight,,FALSE,FALSE,FALSE,FALSE,
ADID-A85538A2B71E,2025-09-23T09:32:24+01:00,2025-09-23T08:32:24Z,2025-09-23T11:05:18Z,9174,Wear,With others,Sedentary,,,Indoors,Workplace,Open-plan office area,Near a window,Lights on,FALSE,FALSE,TRUE,FALSE,Partly
ADID-A85538A2B71E,2025-09-23T12:05:18+01:00,2025-09-23T11:05:18Z,2025-09-23T11:08:39Z,201,Wear,With others,Light activity,,,Outdoors,Other,,Direct sunlight,,FALSE,FALSE,FALSE,FALSE,
ADID-A85538A2B71E,2025-09-23T12:08:39+01:00,2025-09-23T11:08:39Z,2025-09-23T11:15:09Z,390,Wear,With others,Light activity,,,Indoors,Commercial,Convenience store/supermarkt,Away from window,Lights on,FALSE,FALSE,FALSE,FALSE,No
ADID-A85538A2B71E,2025-09-23T12:15:09+01:00,2025-09-23T11:15:09Z,2025-09-23T11:16:24Z,75,Wear,With others,Light activity,,,Outdoors,Other,,Direct sunlight,,FALSE,FALSE,FALSE,FALSE,
ADID-A85538A2B71E,2025-09-23T12:16:24+01:00,2025-09-23T11:16:24Z,2025-09-23T12:10:54Z,3270,Wear,With others,Sedentary,,,Indoors,Commercial,Restaurant/cafeteria/bakery,Away from window,Lights on,FALSE,FALSE,FALSE,FALSE,No
ADID-A85538A2B71E,2025-09-23T13:10:54+01:00,2025-09-23T12:10:54Z,2025-09-23T12:12:27Z,93,Wear,With others,Light activity,,,Outdoors,Other,,Shade / cloudy,,FALSE,FALSE,FALSE,FALSE,
ADID-A85538A2B71E,2025-09-23T13:12:27+01:00,2025-09-23T12:12:27Z,2025-09-23T12:41:54Z,1767,Wear,With others,Sedentary,,,Indoors,Workplace,Open-plan office area,Near a window,Lights on,FALSE,FALSE,TRUE,FALSE,Partly
ADID-A85538A2B71E,2025-09-23T13:41:54+01:00,2025-09-23T12:41:54Z,,,Non-wear,With others,,Other,,,,,,Lights on,FALSE,FALSE,TRUE,FALSE,Partly
ADID-AFD2A442CAEB,2025-09-21T11:17:57+02:00,2025-09-21T09:17:57Z,2025-09-21T10:00:32Z,2555,Wear,Alone,Sedentary,,,Indoors,Workplace,Personal workspace/desk,Near a window,Lights on,FALSE,FALSE,TRUE,FALSE,Yes
ADID-AFD2A442CAEB,2025-09-21T12:00:32+02:00,2025-09-21T10:00:32Z,2025-09-21T13:34:49Z,12857,Wear,Alone,Sedentary,,,Indoors,Workplace,Personal workspace/desk,Near a window,Lights on,FALSE,FALSE,TRUE,FALSE,Yes
ADID-AFD2A442CAEB,2025-09-21T15:34:49+02:00,2025-09-21T13:34:49Z,2025-09-21T14:02:30Z,1661,Wear,Alone,Sedentary,,,Mixed,Transportation (car/taxi),,Near a window,Lights off,TRUE,FALSE,FALSE,FALSE,
ADID-AFD2A442CAEB,2025-09-21T16:02:30+02:00,2025-09-21T14:02:30Z,2025-09-21T16:03:27Z,7257,Wear,Alone,Light activity,,,Outdoors,Other,,Shade / cloudy,Lights off,TRUE,FALSE,FALSE,FALSE,
ADID-AFD2A442CAEB,2025-09-21T18:03:27+02:00,2025-09-21T16:03:27Z,2025-09-21T16:12:42Z,555,Wear,With others,Light activity,,,Indoors,Commercial,Convenience store/supermarkt,Away from window,Lights on,TRUE,FALSE,FALSE,FALSE,No
ADID-AFD2A442CAEB,2025-09-21T18:12:42+02:00,2025-09-21T16:12:42Z,2025-09-21T16:16:35Z,233,Wear,Alone,Light activity,,,Outdoors,Other,,Shade / cloudy,Lights off,TRUE,FALSE,FALSE,FALSE,
ADID-AFD2A442CAEB,2025-09-21T18:16:35+02:00,2025-09-21T16:16:35Z,2025-09-21T19:00:40Z,9845,Wear,Alone,Light activity,,,Indoors,Home,Living room,Away from window,Lights on,TRUE,FALSE,FALSE,FALSE,Yes
ADID-AFD2A442CAEB,2025-09-21T21:00:40+02:00,2025-09-21T19:00:40Z,2025-09-21T19:51:13Z,3033,Non-wear,Alone,,Dark stationary,,,,,,Lights on,TRUE,FALSE,FALSE,FALSE,
ADID-AFD2A442CAEB,2025-09-21T21:51:13+02:00,2025-09-21T19:51:13Z,2025-09-21T22:00:35Z,7762,Wear,Alone,Light activity,,,Indoors,Home,Living room,Away from window,Lights on,TRUE,FALSE,FALSE,TRUE,Yes
ADID-AFD2A442CAEB,2025-09-22T00:00:35+02:00,2025-09-21T22:00:35Z,2025-09-22T05:42:49Z,27734,Bedtime,Alone,,,Upward,,,,,Lights off,TRUE,FALSE,FALSE,FALSE,Yes
ADID-AFD2A442CAEB,2025-09-22T07:42:49+02:00,2025-09-22T05:42:49Z,2025-09-22T06:52:56Z,4207,Wear,Alone,Light activity,,,Indoors,Home,Living room,Near a window,Dim light,TRUE,FALSE,FALSE,FALSE,Yes
ADID-AFD2A442CAEB,2025-09-22T08:52:56+02:00,2025-09-22T06:52:56Z,2025-09-22T07:31:25Z,2309,Wear,Alone,Moderate activity,,,Outdoors,Other,,Shade / cloudy,Lights off,FALSE,FALSE,FALSE,FALSE,
ADID-AFD2A442CAEB,2025-09-22T09:31:25+02:00,2025-09-22T07:31:25Z,2025-09-22T09:05:26Z,5641,Wear,Alone,Sedentary,,,Indoors,Workplace,Personal workspace/desk,Near a window,Lights on,FALSE,FALSE,TRUE,FALSE,Yes
ADID-AFD2A442CAEB,2025-09-22T11:05:26+02:00,2025-09-22T09:05:26Z,2025-09-22T09:32:51Z,1645,Wear,With others,Sedentary,,,Mixed,Transportation (car/taxi),,Near a window,,FALSE,FALSE,FALSE,FALSE,No
ADID-AFD2A442CAEB,2025-09-22T11:32:51+02:00,2025-09-22T09:32:51Z,2025-09-22T09:42:49Z,598,Wear,Alone,Light activity,,,Outdoors,Other,,Direct sunlight,,FALSE,FALSE,FALSE,FALSE,
ADID-AFD2A442CAEB,2025-09-22T11:42:49+02:00,2025-09-22T09:42:49Z,2025-09-22T10:45:25Z,3756,Wear,With others,Light activity,,,Indoors,Other,,Away from window,Lights on,TRUE,FALSE,FALSE,FALSE,No
ADID-AFD2A442CAEB,2025-09-22T12:45:25+02:00,2025-09-22T10:45:25Z,2025-09-22T12:14:17Z,5332,Wear,With others,Sedentary,,,Mixed,Transportation (airplane),,Away from window,Lights on,TRUE,FALSE,FALSE,FALSE,No
ADID-AFD2A442CAEB,2025-09-22T14:14:17+02:00,2025-09-22T12:14:17Z,2025-09-22T16:00:56Z,13599,Non-wear,With others,,Dark mobile,,,,,,Lights on,FALSE,FALSE,FALSE,FALSE,No
ADID-AFD2A442CAEB,2025-09-22T18:00:56+02:00,2025-09-22T16:00:56Z,2025-09-22T17:39:07Z,5891,Wear,Alone,Sedentary,,,Indoors,Home,Living room,Near a window,Dim light,TRUE,FALSE,FALSE,FALSE,Yes
ADID-AFD2A442CAEB,2025-09-22T19:39:07+02:00,2025-09-22T17:39:07Z,2025-09-22T17:56:29Z,1042,Wear,With others,Light activity,,,Outdoors,Leisure,,Shade / cloudy,Lights on,FALSE,FALSE,FALSE,FALSE,No
ADID-AFD2A442CAEB,2025-09-22T19:56:29+02:00,2025-09-22T17:56:29Z,2025-09-22T19:13:33Z,4624,Wear,With others,Sedentary,,,Indoors,Commercial,Restaurant/cafeteria/bakery,Near a window,Lights on,FALSE,FALSE,FALSE,FALSE,No
ADID-AFD2A442CAEB,2025-09-22T21:13:33+02:00,2025-09-22T19:13:33Z,2025-09-22T19:40:48Z,1635,Wear,With others,Light activity,,,Outdoors,Leisure,,Shade / cloudy,Lights on,TRUE,FALSE,FALSE,FALSE,No
ADID-AFD2A442CAEB,2025-09-22T21:40:48+02:00,2025-09-22T19:40:48Z,2025-09-22T20:29:39Z,2931,Wear,With others,Sedentary,,,Indoors,Commercial,Restaurant/cafeteria/bakery,Away from window,Lights on,TRUE,FALSE,FALSE,FALSE,No
ADID-AFD2A442CAEB,2025-09-22T22:29:39+02:00,2025-09-22T20:29:39Z,2025-09-22T20:59:30Z,1791,Wear,Alone,Sedentary,,,Indoors,Home,Bedroom,Away from window,Lights on,FALSE,FALSE,FALSE,FALSE,Yes
ADID-AFD2A442CAEB,2025-09-22T22:59:30+02:00,2025-09-22T20:59:30Z,2025-09-23T06:30:00Z,34230,Bedtime,Alone,,,Upward,,,,,Lights on,FALSE,FALSE,FALSE,FALSE,Yes
ADID-AFD2A442CAEB,2025-09-23T08:30:00+02:00,2025-09-23T06:30:00Z,2025-09-23T07:15:38Z,2738,Wear,Alone,Sedentary,,,Indoors,Home,Living room,Away from window,Dim light,TRUE,FALSE,FALSE,FALSE,Yes
ADID-AFD2A442CAEB,2025-09-23T09:15:38+02:00,2025-09-23T07:15:38Z,2025-09-23T08:04:30Z,2932,Wear,With others,Sedentary,,,Indoors,Commercial,Restaurant/cafeteria/bakery,Near a window,Dim light,FALSE,FALSE,FALSE,FALSE,No
ADID-AFD2A442CAEB,2025-09-23T10:04:30+02:00,2025-09-23T08:04:30Z,2025-09-23T09:00:44Z,3374,Wear,Alone,Light activity,,,Indoors,Workplace,Break/lounge area,Near a window,Lights on,FALSE,FALSE,FALSE,FALSE,Partly
ADID-AFD2A442CAEB,2025-09-23T11:00:44+02:00,2025-09-23T09:00:44Z,2025-09-23T09:49:57Z,2953,Wear,Alone,Light activity,,,Outdoors,Leisure,,Shade / cloudy,,FALSE,FALSE,FALSE,FALSE,
ADID-AFD2A442CAEB,2025-09-23T11:49:57+02:00,2025-09-23T09:49:57Z,2025-09-23T10:16:14Z,1577,,With others,,,,,,,,Dim light,FALSE,FALSE,FALSE,FALSE,No
ADID-AFD2A442CAEB,2025-09-23T12:16:14+02:00,2025-09-23T10:16:14Z,2025-09-23T10:42:33Z,1579,Wear,With others,Sedentary,,,Indoors,Commercial,Restaurant/cafeteria/bakery,Away from window,Lights on,FALSE,FALSE,FALSE,FALSE,No
ADID-AFD2A442CAEB,2025-09-23T12:42:33+02:00,2025-09-23T10:42:33Z,2025-09-23T13:44:34Z,10921,Wear,With others,Sedentary,,,Indoors,Workplace,Conference/meeting room,Away from window,Lights on,FALSE,FALSE,TRUE,FALSE,No
ADID-AFD2A442CAEB,2025-09-23T15:44:34+02:00,2025-09-23T13:44:34Z,,,Non-wear,With others,,Dark mobile,,,,,,Lights on,FALSE,FALSE,FALSE,FALSE,Yes
ADID-B77F26354C12,2025-09-19T18:23:18+08:00,2025-09-19T10:23:18Z,2025-09-21T10:50:59Z,174461,Non-wear,Alone,,Other,,,,,,Lights off,TRUE,FALSE,FALSE,FALSE,No
ADID-B77F26354C12,2025-09-21T18:50:59+08:00,2025-09-21T10:50:59Z,2025-09-21T11:16:45Z,1546,Wear,Alone,Sedentary,,,Indoors,Other,,Away from window,Lights on,TRUE,FALSE,FALSE,FALSE,Yes
ADID-B77F26354C12,2025-09-21T19:16:45+08:00,2025-09-21T11:16:45Z,2025-09-21T11:19:11Z,146,Wear,Alone,Light activity,,,Mixed,Covered patio or terrace,,Shade / cloudy,Lights on,TRUE,FALSE,FALSE,FALSE,No
ADID-B77F26354C12,2025-09-21T19:19:11+08:00,2025-09-21T11:19:11Z,2025-09-21T17:12:39Z,21208,Non-wear,Alone,,Dark stationary,,,,,,Lights off,TRUE,FALSE,FALSE,FALSE,No
ADID-B77F26354C12,2025-09-22T01:12:39+08:00,2025-09-21T17:12:39Z,2025-09-22T01:58:34Z,31555,Non-wear,Alone,,Dark stationary,,,,,,Lights off,TRUE,FALSE,FALSE,FALSE,Yes
ADID-B77F26354C12,2025-09-22T09:58:34+08:00,2025-09-22T01:58:34Z,2025-09-22T02:26:53Z,1699,Wear,With others,Light activity,,,Mixed,Semi-open corridor/gallery,,Near a window,Lights on,TRUE,FALSE,FALSE,FALSE,No
ADID-B77F26354C12,2025-09-22T10:26:53+08:00,2025-09-22T02:26:53Z,2025-09-22T04:07:01Z,6008,Wear,Alone,Moderate activity,,,Outdoors,Leisure,,Direct sunlight,,TRUE,FALSE,FALSE,FALSE,No
ADID-B77F26354C12,2025-09-22T12:07:01+08:00,2025-09-22T04:07:01Z,2025-09-22T05:41:58Z,5697,Wear,Alone,Light activity,,,Indoors,Other,,Near a window,Lights on,TRUE,FALSE,FALSE,FALSE,Yes
ADID-B77F26354C12,2025-09-22T13:41:58+08:00,2025-09-22T05:41:58Z,2025-09-22T06:00:35Z,1117,Wear,Alone,Light activity,,,Indoors,Commercial,Other,Near a window,Lights on,TRUE,FALSE,FALSE,FALSE,No
ADID-B77F26354C12,2025-09-22T14:00:35+08:00,2025-09-22T06:00:35Z,2025-09-22T09:37:13Z,12998,Wear,Alone,Sedentary,,,Mixed,Transportation (ferry),,Near a window,Lights on,TRUE,FALSE,FALSE,FALSE,No
ADID-B77F26354C12,2025-09-22T17:37:13+08:00,2025-09-22T09:37:13Z,2025-09-22T09:41:46Z,273,Wear,Alone,Light activity,,,Outdoors,Other,,Direct sunlight,,TRUE,FALSE,FALSE,FALSE,No
ADID-B77F26354C12,2025-09-22T17:41:46+08:00,2025-09-22T09:41:46Z,2025-09-22T10:25:07Z,2601,Wear,With others,Sedentary,,,Mixed,Transportation (car/taxi),,Near a window,,TRUE,FALSE,FALSE,FALSE,No
ADID-B77F26354C12,2025-09-22T18:25:07+08:00,2025-09-22T10:25:07Z,2025-09-22T12:01:53Z,5806,Wear,Alone,Light activity,,,Indoors,Home,Home office,Near a window,Lights on,TRUE,FALSE,TRUE,FALSE,Yes
ADID-B77F26354C12,2025-09-22T20:01:53+08:00,2025-09-22T12:01:53Z,2025-09-22T12:08:07Z,374,Wear,With others,Sedentary,,,Mixed,Transportation (car/taxi),,,,TRUE,FALSE,FALSE,FALSE,No
ADID-B77F26354C12,2025-09-22T20:08:07+08:00,2025-09-22T12:08:07Z,2025-09-22T14:00:52Z,6765,Wear,With others,Light activity,,,Indoors,Commercial,Shopping mall,,Lights on,TRUE,FALSE,FALSE,FALSE,No
ADID-B77F26354C12,2025-09-22T22:00:52+08:00,2025-09-22T14:00:52Z,2025-09-22T14:27:25Z,1593,Wear,With others,Sedentary,,,Mixed,Semi-open corridor/gallery,,,Lights on,TRUE,FALSE,FALSE,FALSE,No
ADID-B77F26354C12,2025-09-22T22:27:25+08:00,2025-09-22T14:27:25Z,2025-09-22T16:06:55Z,5970,Wear,With others,Sedentary,,,Mixed,Transportation (car/taxi),,,Lights off,TRUE,FALSE,FALSE,FALSE,No
ADID-B77F26354C12,2025-09-23T00:06:55+08:00,2025-09-22T16:06:55Z,2025-09-23T00:21:25Z,29670,Bedtime,Alone,,,Upward,,,,,Lights off,TRUE,FALSE,FALSE,FALSE,Yes
ADID-B77F26354C12,2025-09-23T08:21:25+08:00,2025-09-23T00:21:25Z,2025-09-23T01:27:52Z,3987,Wear,Alone,Sedentary,,,Mixed,Transportation (car/taxi),,Near a window,,FALSE,FALSE,FALSE,FALSE,No
ADID-B77F26354C12,2025-09-23T09:27:52+08:00,2025-09-23T01:27:52Z,2025-09-23T02:23:07Z,3315,Wear,Alone,Moderate activity,,,Mixed,Covered patio or terrace,,Shade / cloudy,,FALSE,FALSE,FALSE,FALSE,No
ADID-B77F26354C12,2025-09-23T10:23:07+08:00,2025-09-23T02:23:07Z,2025-09-23T04:45:21Z,8534,Wear,With others,Light activity,,,Indoors,Workplace,Conference/meeting room,Near a window,Lights on,TRUE,TRUE,TRUE,FALSE,Yes
ADID-B77F26354C12,2025-09-23T12:45:21+08:00,2025-09-23T04:45:21Z,2025-09-23T05:43:20Z,3479,Wear,Alone,Light activity,,,Outdoors,Workplace,,Direct sunlight,,FALSE,FALSE,FALSE,FALSE,
ADID-B77F26354C12,2025-09-23T13:43:20+08:00,2025-09-23T05:43:20Z,2025-09-23T05:55:31Z,731,Wear,With others,Sedentary,,,Mixed,Covered patio or terrace,,Near a window,Lights on,FALSE,FALSE,FALSE,FALSE,No
ADID-B77F26354C12,2025-09-23T13:55:31+08:00,2025-09-23T05:55:31Z,2025-09-23T07:07:18Z,4307,Wear,Alone,Light activity,,,Outdoors,Other,,Direct sunlight,,FALSE,FALSE,FALSE,FALSE,
ADID-B77F26354C12,2025-09-23T15:07:18+08:00,2025-09-23T07:07:18Z,2025-09-23T12:21:23Z,18845,Wear,Alone,Light activity,,,Indoors,Workplace,Corridor,Near a window,,FALSE,FALSE,FALSE,FALSE,No
ADID-B77F26354C12,2025-09-23T20:21:23+08:00,2025-09-23T12:21:23Z,,,Wear,Alone,Sedentary,,,Mixed,Transportation (car/taxi),,,,TRUE,FALSE,FALSE,FALSE,No
ADID-BD41F388369A,2025-09-21T10:37:49-07:00,2025-09-21T17:37:49Z,2025-09-21T18:03:59Z,1570,Wear,Alone,Sedentary,,,Indoors,Home,Bedroom,Near a window,Lights on,TRUE,FALSE,FALSE,FALSE,Yes
ADID-BD41F388369A,2025-09-21T11:03:59-07:00,2025-09-21T18:03:59Z,2025-09-21T18:23:04Z,1145,Wear,Alone,Sedentary,,,Mixed,Transportation (car/taxi),,Direct sunlight,Lights off,TRUE,FALSE,FALSE,FALSE,No
ADID-BD41F388369A,2025-09-21T11:23:04-07:00,2025-09-21T18:23:04Z,2025-09-21T18:48:28Z,1524,Wear,Alone,Sedentary,,,Indoors,Home,Living room,Near a window,Dim light,TRUE,FALSE,FALSE,FALSE,Partly
ADID-BD41F388369A,2025-09-21T11:48:28-07:00,2025-09-21T18:48:28Z,2025-09-21T19:56:18Z,4070,Wear,Alone,Light activity,,,Outdoors,Home,,Direct sunlight,Lights off,TRUE,FALSE,FALSE,FALSE,No
ADID-BD41F388369A,2025-09-21T12:56:18-07:00,2025-09-21T19:56:18Z,2025-09-21T22:18:19Z,8521,Wear,Alone,Sedentary,,,Indoors,Home,Bedroom,Near a window,Lights off,TRUE,FALSE,FALSE,FALSE,Partly
ADID-BD41F388369A,2025-09-21T15:18:19-07:00,2025-09-21T22:18:19Z,2025-09-22T00:06:46Z,6507,Wear,Alone,High-intensity activity,,,Indoors,Home,Parking garage,Away from window,Dim light,TRUE,FALSE,FALSE,FALSE,Partly
ADID-BD41F388369A,2025-09-21T17:06:46-07:00,2025-09-22T00:06:46Z,2025-09-22T00:34:46Z,1680,Non-wear,Alone,,Stationary,,,,,,Lights off,TRUE,FALSE,FALSE,FALSE,Partly
ADID-BD41F388369A,2025-09-21T17:34:46-07:00,2025-09-22T00:34:46Z,2025-09-22T01:29:54Z,3308,Wear,Alone,Light activity,,,Outdoors,Home,,Direct sunlight,Lights off,TRUE,FALSE,FALSE,FALSE,No
ADID-BD41F388369A,2025-09-21T18:29:54-07:00,2025-09-22T01:29:54Z,2025-09-22T07:09:49Z,20395,Wear,Alone,Sedentary,,,Indoors,Home,Living room,Near a window,Lights off,TRUE,FALSE,FALSE,FALSE,Partly
ADID-BD41F388369A,2025-09-22T00:09:49-07:00,2025-09-22T07:09:49Z,2025-09-22T14:10:52Z,25263,Bedtime,Alone,,,Upward,,,,,Lights off,TRUE,FALSE,FALSE,FALSE,Yes
ADID-BD41F388369A,2025-09-22T07:10:52-07:00,2025-09-22T14:10:52Z,2025-09-22T14:33:19Z,1347,Non-wear,With others,,Dark mobile,,,,,,,TRUE,FALSE,FALSE,FALSE,No
ADID-BD41F388369A,2025-09-22T07:33:19-07:00,2025-09-22T14:33:19Z,2025-09-22T15:16:11Z,2572,Wear,With others,Sedentary,,,Mixed,Transportation (long-distance train),,Near a window,,TRUE,FALSE,FALSE,FALSE,No
ADID-BD41F388369A,2025-09-22T08:16:11-07:00,2025-09-22T15:16:11Z,2025-09-22T15:18:03Z,112,Wear,With others,Light activity,,,Outdoors,Other,,Shade / cloudy,,TRUE,FALSE,FALSE,FALSE,No
ADID-BD41F388369A,2025-09-22T08:18:03-07:00,2025-09-22T15:18:03Z,2025-09-22T16:21:22Z,3799,,,,,,,,,,,TRUE,FALSE,FALSE,FALSE,No
ADID-BD41F388369A,2025-09-22T09:21:22-07:00,2025-09-22T16:21:22Z,2025-09-22T16:22:11Z,49,Wear,With others,Sedentary,,,Mixed,Transportation (bus or commuter/regional rail),,Near a window,,TRUE,FALSE,FALSE,FALSE,No
ADID-BD41F388369A,2025-09-22T09:22:11-07:00,2025-09-22T16:22:11Z,2025-09-22T18:00:38Z,5907,Wear,With others,Sedentary,,,Indoors,Workplace,Personal workspace/desk,Away from window,Lights on,TRUE,FALSE,FALSE,FALSE,Yes
ADID-BD41F388369A,2025-09-22T11:00:38-07:00,2025-09-22T18:00:38Z,2025-09-22T18:45:30Z,2692,Wear,With others,Sedentary,,,Indoors,Education,Laboratory,Near a window,Lights on,TRUE,FALSE,FALSE,FALSE,No
ADID-BD41F388369A,2025-09-22T11:45:30-07:00,2025-09-22T18:45:30Z,2025-09-22T23:20:37Z,16507,,,,,,Outdoors,Workplace,,Direct sunlight,,TRUE,FALSE,FALSE,FALSE,No
ADID-BD41F388369A,2025-09-22T16:20:37-07:00,2025-09-22T23:20:37Z,2025-09-22T23:21:03Z,26,Non-wear,With others,,Stationary,,,,,,Lights on,TRUE,FALSE,FALSE,FALSE,No
ADID-BD41F388369A,2025-09-22T16:21:03-07:00,2025-09-22T23:21:03Z,,,Non-wear,With others,,Dark mobile,,,,,,Dim light,TRUE,FALSE,FALSE,FALSE,No
ADID-BF8DE840F243,2025-09-21T11:33:53+02:00,2025-09-21T09:33:53Z,2025-09-21T14:47:58Z,18845,Wear,With others,Light activity,,,Indoors,Home,Living room,Away from window,Lights on,TRUE,FALSE,FALSE,FALSE,Yes
ADID-BF8DE840F243,2025-09-21T16:47:58+02:00,2025-09-21T14:47:58Z,2025-09-21T15:37:17Z,2959,Wear,With others,Light activity,,,Outdoors,Leisure,,Shade / cloudy,Lights off,TRUE,FALSE,FALSE,FALSE,
ADID-BF8DE840F243,2025-09-21T17:37:17+02:00,2025-09-21T15:37:17Z,2025-09-21T17:09:32Z,5535,Wear,With others,Light activity,,,Indoors,Home,Living room,Away from window,Lights on,TRUE,FALSE,FALSE,FALSE,Yes
ADID-BF8DE840F243,2025-09-21T19:09:32+02:00,2025-09-21T17:09:32Z,2025-09-21T17:42:44Z,1992,Wear,With others,Sedentary,,,Indoors,Home,Bedroom,Away from window,Dim light,TRUE,FALSE,FALSE,FALSE,Yes
ADID-BF8DE840F243,2025-09-21T19:42:44+02:00,2025-09-21T17:42:44Z,2025-09-21T19:52:04Z,7760,Wear,With others,Sedentary,,,Indoors,Home,Living room,Away from window,Lights on,TRUE,FALSE,TRUE,FALSE,Yes
ADID-BF8DE840F243,2025-09-21T21:52:04+02:00,2025-09-21T19:52:04Z,2025-09-21T20:09:12Z,1028,Non-wear,Alone,,Stationary,,,,,,Lights on,TRUE,FALSE,FALSE,FALSE,Yes
ADID-BF8DE840F243,2025-09-21T22:09:12+02:00,2025-09-21T20:09:12Z,2025-09-22T04:52:11Z,31379,Bedtime,Alone,,,Upward,,,,,Lights off,FALSE,FALSE,FALSE,FALSE,Yes
ADID-BF8DE840F243,2025-09-22T06:52:11+02:00,2025-09-22T04:52:11Z,2025-09-22T05:00:27Z,496,Non-wear,With others,,Stationary,,,,,,Lights on,FALSE,FALSE,FALSE,FALSE,Yes
ADID-BF8DE840F243,2025-09-22T07:00:27+02:00,2025-09-22T05:00:27Z,2025-09-22T06:14:51Z,4464,Wear,With others,Light activity,,,Indoors,Home,Kitchen,Away from window,Lights on,FALSE,FALSE,FALSE,FALSE,Yes
ADID-BF8DE840F243,2025-09-22T08:14:51+02:00,2025-09-22T06:14:51Z,2025-09-22T06:26:47Z,716,Wear,With others,Light activity,,,Outdoors,Other,,Shade / cloudy,Lights off,FALSE,FALSE,FALSE,FALSE,
ADID-BF8DE840F243,2025-09-22T08:26:47+02:00,2025-09-22T06:26:47Z,2025-09-22T06:38:36Z,709,Wear,With others,Light activity,,,Indoors,Other,,Near a window,Lights on,FALSE,FALSE,FALSE,FALSE,Partly
ADID-BF8DE840F243,2025-09-22T08:38:36+02:00,2025-09-22T06:38:36Z,2025-09-22T06:52:03Z,807,Wear,Alone,Light activity,,,Outdoors,Other,,Shade / cloudy,Lights off,FALSE,FALSE,FALSE,FALSE,
ADID-BF8DE840F243,2025-09-22T08:52:03+02:00,2025-09-22T06:52:03Z,2025-09-22T07:19:54Z,1671,Wear,With others,Sedentary,,,Mixed,Transportation (bus or commuter/regional rail),,Near a window,Lights on,TRUE,FALSE,FALSE,FALSE,No
ADID-BF8DE840F243,2025-09-22T09:19:54+02:00,2025-09-22T07:19:54Z,2025-09-22T07:28:10Z,496,Wear,Alone,Moderate activity,,,Outdoors,Other,,Shade / cloudy,Lights off,FALSE,FALSE,FALSE,FALSE,
ADID-BF8DE840F243,2025-09-22T09:28:10+02:00,2025-09-22T07:28:10Z,2025-09-22T14:27:55Z,25185,Wear,Alone,Sedentary,,,Indoors,Workplace,Personal workspace/desk,Near a window,Lights on,TRUE,FALSE,TRUE,FALSE,Yes
ADID-BF8DE840F243,2025-09-22T16:27:55+02:00,2025-09-22T14:27:55Z,2025-09-22T14:57:29Z,1774,Wear,Alone,Moderate activity,,,Outdoors,Other,,Shade / cloudy,Lights off,FALSE,FALSE,FALSE,FALSE,
ADID-BF8DE840F243,2025-09-22T16:57:29+02:00,2025-09-22T14:57:29Z,2025-09-22T15:04:12Z,403,Wear,With others,Sedentary,,,Mixed,Transportation (bus or commuter/regional rail),,Shade / cloudy,Lights on,TRUE,FALSE,FALSE,FALSE,No
ADID-BF8DE840F243,2025-09-22T17:04:12+02:00,2025-09-22T15:04:12Z,2025-09-22T15:23:41Z,1169,Wear,With others,Light activity,,,Outdoors,Other,,Shade / cloudy,,FALSE,FALSE,FALSE,FALSE,
ADID-BF8DE840F243,2025-09-22T17:23:41+02:00,2025-09-22T15:23:41Z,2025-09-22T17:18:05Z,6864,Wear,With others,Light activity,,,Indoors,Home,Living room,Near a window,Lights on,TRUE,FALSE,FALSE,FALSE,Yes
ADID-BF8DE840F243,2025-09-22T19:18:05+02:00,2025-09-22T17:18:05Z,2025-09-22T17:40:07Z,1322,Wear,With others,Sedentary,,,Indoors,Home,Bedroom,Away from window,Lights off,TRUE,TRUE,FALSE,FALSE,Yes
ADID-BF8DE840F243,2025-09-22T19:40:07+02:00,2025-09-22T17:40:07Z,2025-09-22T20:04:16Z,8649,Wear,With others,Sedentary,,,Indoors,Home,Home office,Away from window,Lights on,FALSE,FALSE,TRUE,FALSE,Yes
ADID-BF8DE840F243,2025-09-22T22:04:16+02:00,2025-09-22T20:04:16Z,2025-09-23T04:43:57Z,31181,Bedtime,With others,,,Upward,,,,,Lights off,FALSE,FALSE,FALSE,FALSE,Yes
ADID-BF8DE840F243,2025-09-23T06:43:57+02:00,2025-09-23T04:43:57Z,2025-09-23T06:02:38Z,4721,Wear,With others,Light activity,,,Indoors,Home,Kitchen,Near a window,Lights on,TRUE,FALSE,FALSE,FALSE,Yes
ADID-BF8DE840F243,2025-09-23T08:02:38+02:00,2025-09-23T06:02:38Z,2025-09-23T06:15:43Z,785,Wear,With others,Light activity,,,Outdoors,Other,,Direct sunlight,,FALSE,FALSE,FALSE,FALSE,
ADID-BF8DE840F243,2025-09-23T08:15:43+02:00,2025-09-23T06:15:43Z,2025-09-23T06:26:24Z,641,Wear,With others,Light activity,,,Indoors,Other,,Near a window,Lights on,FALSE,FALSE,FALSE,FALSE,No
ADID-BF8DE840F243,2025-09-23T08:26:24+02:00,2025-09-23T06:26:24Z,2025-09-23T06:42:11Z,947,Wear,Alone,Light activity,,,Outdoors,Other,,Direct sunlight,,FALSE,FALSE,FALSE,FALSE,
ADID-BF8DE840F243,2025-09-23T08:42:11+02:00,2025-09-23T06:42:11Z,2025-09-23T07:09:51Z,1660,Wear,With others,Sedentary,,,Mixed,Transportation (bus or commuter/regional rail),,Near a window,Lights on,FALSE,FALSE,FALSE,FALSE,No
ADID-BF8DE840F243,2025-09-23T09:09:51+02:00,2025-09-23T07:09:51Z,2025-09-23T07:18:14Z,503,Wear,With others,Moderate activity,,,Outdoors,Other,,Direct sunlight,,FALSE,FALSE,FALSE,FALSE,
ADID-BF8DE840F243,2025-09-23T09:18:14+02:00,2025-09-23T07:18:14Z,2025-09-23T12:39:00Z,19246,Wear,Alone,Sedentary,,,Indoors,Workplace,Personal workspace/desk,Near a window,Lights on,TRUE,FALSE,TRUE,FALSE,Yes
ADID-BF8DE840F243,2025-09-23T14:39:00+02:00,2025-09-23T12:39:00Z,,,Non-wear,Alone,,Dark mobile,,,,,,Lights on,FALSE,FALSE,FALSE,FALSE,Yes
ADID-C46FD69D4950,2025-09-21T12:07:18+02:00,2025-09-21T10:07:18Z,2025-09-21T14:05:24Z,14286,Wear,With others,Sedentary,,,Indoors,Home,Living room,Near a window,Lights off,TRUE,FALSE,FALSE,FALSE,Yes
ADID-C46FD69D4950,2025-09-21T16:05:24+02:00,2025-09-21T14:05:24Z,2025-09-21T14:10:35Z,311,Wear,Alone,Light activity,,,Outdoors,Other,,Shade / cloudy,,FALSE,FALSE,FALSE,FALSE,Yes
ADID-C46FD69D4950,2025-09-21T16:10:35+02:00,2025-09-21T14:10:35Z,2025-09-21T14:42:06Z,1891,Wear,With others,Sedentary,,,Mixed,Transportation (bus or commuter/regional rail),,Shade / cloudy,Lights on,FALSE,FALSE,FALSE,FALSE,No
ADID-C46FD69D4950,2025-09-21T16:42:06+02:00,2025-09-21T14:42:06Z,2025-09-21T14:47:21Z,315,Wear,Alone,Light activity,,,Outdoors,Other,,Shade / cloudy,,FALSE,FALSE,FALSE,FALSE,
ADID-C46FD69D4950,2025-09-21T16:47:21+02:00,2025-09-21T14:47:21Z,2025-09-21T15:01:21Z,840,Wear,Alone,Light activity,,,Indoors,Home,Other,Away from window,Lights on,FALSE,FALSE,FALSE,FALSE,Partly
ADID-C46FD69D4950,2025-09-21T17:01:21+02:00,2025-09-21T15:01:21Z,2025-09-21T20:49:52Z,20911,Wear,Alone,Sedentary,,,Indoors,Home,Living room,Away from window,Dim light,FALSE,FALSE,TRUE,FALSE,Yes
ADID-C46FD69D4950,2025-09-21T22:49:52+02:00,2025-09-21T20:49:52Z,2025-09-22T05:26:08Z,30976,Bedtime,Alone,,,Upward,,,,,Lights off,FALSE,FALSE,FALSE,FALSE,Yes
ADID-C46FD69D4950,2025-09-22T07:26:08+02:00,2025-09-22T05:26:08Z,2025-09-22T05:57:39Z,1891,Wear,Alone,Light activity,,,Indoors,Home,Kitchen,Near a window,Lights on,FALSE,FALSE,FALSE,FALSE,Yes
ADID-C46FD69D4950,2025-09-22T07:57:39+02:00,2025-09-22T05:57:39Z,2025-09-22T06:37:39Z,2400,Wear,Alone,Sedentary,,,Indoors,Home,Bathroom,Away from window,Lights on,TRUE,FALSE,FALSE,FALSE,Yes
ADID-C46FD69D4950,2025-09-22T08:37:39+02:00,2025-09-22T06:37:39Z,2025-09-22T09:48:09Z,11430,Wear,Alone,Sedentary,,,Indoors,Home,Home office,Near a window,Dim light,FALSE,FALSE,TRUE,FALSE,Yes
ADID-C46FD69D4950,2025-09-22T11:48:09+02:00,2025-09-22T09:48:09Z,2025-09-22T09:52:44Z,275,Wear,Alone,Light activity,,,Outdoors,Other,,Shade / cloudy,,FALSE,FALSE,FALSE,FALSE,No
ADID-C46FD69D4950,2025-09-22T11:52:44+02:00,2025-09-22T09:52:44Z,2025-09-22T10:01:46Z,542,Wear,Alone,Light activity,,,Indoors,Commercial,Convenience store/supermarkt,Away from window,Lights on,FALSE,FALSE,FALSE,FALSE,No
ADID-C46FD69D4950,2025-09-22T12:01:46+02:00,2025-09-22T10:01:46Z,2025-09-22T10:40:57Z,2351,Wear,Alone,Light activity,,,Outdoors,Other,,Shade / cloudy,,FALSE,FALSE,FALSE,FALSE,
ADID-C46FD69D4950,2025-09-22T12:40:57+02:00,2025-09-22T10:40:57Z,2025-09-22T14:58:37Z,15460,Wear,Alone,Sedentary,,,Indoors,Home,Home office,Near a window,Dim light,FALSE,FALSE,TRUE,FALSE,Yes
ADID-C46FD69D4950,2025-09-22T16:58:37+02:00,2025-09-22T14:58:37Z,2025-09-22T15:14:33Z,956,Wear,Alone,Light activity,,,Outdoors,Other,,Shade / cloudy,,FALSE,FALSE,FALSE,FALSE,
ADID-C46FD69D4950,2025-09-22T17:14:33+02:00,2025-09-22T15:14:33Z,2025-09-22T20:58:49Z,20656,Wear,Alone,Sedentary,,,Indoors,Home,Home office,Near a window,Dim light,FALSE,FALSE,TRUE,FALSE,Yes
ADID-C46FD69D4950,2025-09-22T22:58:49+02:00,2025-09-22T20:58:49Z,2025-09-23T05:10:46Z,29517,Bedtime,Alone,,,Upward,,,,,Lights off,FALSE,FALSE,FALSE,FALSE,Yes
ADID-C46FD69D4950,2025-09-23T07:10:46+02:00,2025-09-23T05:10:46Z,2025-09-23T05:33:17Z,1351,Wear,Alone,Light activity,,,Indoors,Home,Kitchen,Near a window,Lights on,FALSE,FALSE,FALSE,FALSE,Yes
ADID-C46FD69D4950,2025-09-23T07:33:17+02:00,2025-09-23T05:33:17Z,2025-09-23T06:17:56Z,2679,Wear,Alone,Sedentary,,,Indoors,Home,Bathroom,Away from window,Lights on,FALSE,FALSE,FALSE,FALSE,Yes
ADID-C46FD69D4950,2025-09-23T08:17:56+02:00,2025-09-23T06:17:56Z,2025-09-23T06:35:51Z,1075,Wear,Alone,Light activity,,,Outdoors,Other,,Shade / cloudy,,FALSE,FALSE,FALSE,FALSE,
ADID-C46FD69D4950,2025-09-23T08:35:51+02:00,2025-09-23T06:35:51Z,2025-09-23T06:46:19Z,628,Wear,Alone,Sedentary,,,Mixed,Transportation (bus or commuter/regional rail),,,Lights on,FALSE,FALSE,FALSE,FALSE,No
ADID-C46FD69D4950,2025-09-23T08:46:19+02:00,2025-09-23T06:46:19Z,2025-09-23T06:55:06Z,527,Wear,Alone,Light activity,,,Outdoors,Workplace,,Shade / cloudy,,FALSE,FALSE,FALSE,FALSE,
ADID-C46FD69D4950,2025-09-23T08:55:06+02:00,2025-09-23T06:55:06Z,,,Wear,Alone,Sedentary,,,Indoors,Workplace,Personal workspace/desk,Near a window,Dim light,FALSE,FALSE,TRUE,FALSE,Partly
ADID-CCB318B39455,2025-09-21T11:59:31+02:00,2025-09-21T09:59:31Z,2025-09-21T11:52:57Z,6806,Wear,With others,Sedentary,,,Indoors,Home,Bedroom,Away from window,Dim light,TRUE,FALSE,FALSE,TRUE,Yes
ADID-CCB318B39455,2025-09-21T13:52:57+02:00,2025-09-21T11:52:57Z,2025-09-21T12:28:05Z,2108,,,,,,,,,,,FALSE,FALSE,FALSE,FALSE,Yes
ADID-CCB318B39455,2025-09-21T14:28:05+02:00,2025-09-21T12:28:05Z,2025-09-21T12:48:27Z,1222,Wear,Alone,Light activity,,,Indoors,Home,Bedroom,Away from window,Lights on,TRUE,FALSE,FALSE,FALSE,Yes
ADID-CCB318B39455,2025-09-21T14:48:27+02:00,2025-09-21T12:48:27Z,2025-09-21T13:23:34Z,2107,Wear,With others,Sedentary,,,Indoors,Home,Living room,Near a window,Lights off,TRUE,FALSE,FALSE,TRUE,Yes
ADID-CCB318B39455,2025-09-21T15:23:34+02:00,2025-09-21T13:23:34Z,2025-09-21T13:47:16Z,1422,Wear,With others,Moderate activity,,,Outdoors,Other,,Direct sunlight,Lights off,FALSE,FALSE,FALSE,FALSE,No
ADID-CCB318B39455,2025-09-21T15:47:16+02:00,2025-09-21T13:47:16Z,2025-09-21T15:34:15Z,6419,,,,,,,,,,Lights off,TRUE,FALSE,FALSE,FALSE,No
ADID-CCB318B39455,2025-09-21T17:34:15+02:00,2025-09-21T15:34:15Z,2025-09-21T15:54:04Z,1189,Wear,With others,Moderate activity,,,Outdoors,Other,,Direct sunlight,Lights off,FALSE,FALSE,FALSE,FALSE,No
ADID-CCB318B39455,2025-09-21T17:54:04+02:00,2025-09-21T15:54:04Z,2025-09-21T17:48:20Z,6856,Wear,With others,Sedentary,,,Indoors,Home,Living room,Near a window,Lights on,TRUE,FALSE,FALSE,TRUE,Yes
ADID-CCB318B39455,2025-09-21T19:48:20+02:00,2025-09-21T17:48:20Z,2025-09-21T20:29:22Z,9662,Wear,With others,Sedentary,,,Indoors,Home,Living room,Away from window,Lights on,TRUE,FALSE,FALSE,TRUE,Yes
ADID-CCB318B39455,2025-09-21T22:29:22+02:00,2025-09-21T20:29:22Z,2025-09-22T06:15:08Z,35146,Bedtime,With others,,,Downward,,,,,Lights off,FALSE,FALSE,FALSE,FALSE,Yes
ADID-CCB318B39455,2025-09-22T08:15:08+02:00,2025-09-22T06:15:08Z,2025-09-22T06:29:05Z,837,Non-wear,Alone,,Stationary,,,,,,Lights on,FALSE,FALSE,FALSE,FALSE,Yes
ADID-CCB318B39455,2025-09-22T08:29:05+02:00,2025-09-22T06:29:05Z,2025-09-22T07:05:40Z,2195,Wear,Alone,Light activity,,,Indoors,Home,Living room,Near a window,Lights on,TRUE,FALSE,FALSE,FALSE,Yes
ADID-CCB318B39455,2025-09-22T09:05:40+02:00,2025-09-22T07:05:40Z,2025-09-22T07:24:27Z,1127,Wear,Alone,Moderate activity,,,Outdoors,Other,,Direct sunlight,Lights off,FALSE,FALSE,FALSE,FALSE,No
ADID-CCB318B39455,2025-09-22T09:24:27+02:00,2025-09-22T07:24:27Z,2025-09-22T11:50:23Z,15956,Wear,With others,Sedentary,,,Indoors,Workplace,Personal workspace/desk,Near a window,Lights on,TRUE,FALSE,TRUE,FALSE,No
ADID-CCB318B39455,2025-09-22T13:50:23+02:00,2025-09-22T11:50:23Z,2025-09-22T15:33:58Z,13415,Wear,Alone,Sedentary,,,Indoors,Workplace,Conference/meeting room,Away from window,Lights on,TRUE,FALSE,TRUE,FALSE,No
ADID-CCB318B39455,2025-09-22T17:33:58+02:00,2025-09-22T15:33:58Z,2025-09-22T16:37:50Z,3832,Wear,With others,Sedentary,,,Indoors,Workplace,Personal workspace/desk,Near a window,Lights on,TRUE,FALSE,TRUE,FALSE,No
ADID-CCB318B39455,2025-09-22T18:37:50+02:00,2025-09-22T16:37:50Z,2025-09-22T16:38:30Z,40,Wear,With others,Moderate activity,,,Mixed,Transportation (bike),,Direct sunlight,Lights on,TRUE,FALSE,FALSE,FALSE,No
ADID-CCB318B39455,2025-09-22T18:38:30+02:00,2025-09-22T16:38:30Z,2025-09-22T16:47:32Z,542,Wear,With others,Sedentary,,,Indoors,Home,Bathroom,Away from window,Lights on,TRUE,FALSE,FALSE,FALSE,Yes
ADID-CCB318B39455,2025-09-22T18:47:32+02:00,2025-09-22T16:47:32Z,2025-09-22T17:00:08Z,756,Non-wear,Alone,,Stationary,,,,,,Lights on,TRUE,FALSE,FALSE,FALSE,Yes
ADID-CCB318B39455,2025-09-22T19:00:08+02:00,2025-09-22T17:00:08Z,2025-09-22T20:18:53Z,11925,Wear,With others,Sedentary,,,Indoors,Home,Living room,Near a window,Lights on,TRUE,FALSE,FALSE,TRUE,Yes
ADID-CCB318B39455,2025-09-22T22:18:53+02:00,2025-09-22T20:18:53Z,2025-09-23T06:08:47Z,35394,,,,,,,,,,,FALSE,FALSE,FALSE,FALSE,Yes
ADID-CCB318B39455,2025-09-23T08:08:47+02:00,2025-09-23T06:08:47Z,2025-09-23T06:53:31Z,2684,Wear,Alone,Light activity,,,Indoors,Home,Kitchen,Near a window,Lights on,TRUE,FALSE,FALSE,FALSE,Yes
ADID-CCB318B39455,2025-09-23T08:53:31+02:00,2025-09-23T06:53:31Z,2025-09-23T07:05:22Z,711,Wear,Alone,Moderate activity,,,Outdoors,Other,,Direct sunlight,Lights off,FALSE,FALSE,FALSE,FALSE,No
ADID-CCB318B39455,2025-09-23T09:05:22+02:00,2025-09-23T07:05:22Z,,,Wear,With others,Light activity,,,Indoors,Workplace,Corridor,Near a window,Lights on,TRUE,FALSE,FALSE,FALSE,No
ADID-DC18278368C8,2025-09-21T11:55:31+02:00,2025-09-21T09:55:31Z,2025-09-21T10:00:13Z,282,Wear,With others,Light activity,,,Outdoors,Other,,Direct sunlight,Lights off,FALSE,FALSE,FALSE,FALSE,Yes
ADID-DC18278368C8,2025-09-21T12:00:13+02:00,2025-09-21T10:00:13Z,2025-09-21T10:37:36Z,2243,Wear,With others,Light activity,,,Outdoors,Other,,Direct sunlight,Lights off,FALSE,FALSE,FALSE,FALSE,Yes
ADID-DC18278368C8,2025-09-21T12:37:36+02:00,2025-09-21T10:37:36Z,2025-09-21T10:50:42Z,786,Wear,With others,Light activity,,,Indoors,Other,,Away from window,Lights on,FALSE,FALSE,FALSE,FALSE,No
ADID-DC18278368C8,2025-09-21T12:50:42+02:00,2025-09-21T10:50:42Z,2025-09-21T11:02:17Z,695,Wear,With others,Light activity,,,Mixed,"Transportation (underground, subway)",,Near a window,Lights on,FALSE,FALSE,FALSE,FALSE,No
ADID-DC18278368C8,2025-09-21T13:02:17+02:00,2025-09-21T11:02:17Z,2025-09-21T11:09:19Z,422,Wear,With others,Light activity,,,Indoors,Other,,Away from window,Lights on,FALSE,FALSE,FALSE,FALSE,No
ADID-DC18278368C8,2025-09-21T13:09:19+02:00,2025-09-21T11:09:19Z,2025-09-21T12:46:24Z,5825,Wear,With others,Light activity,,,Outdoors,Leisure,,Direct sunlight,Lights off,FALSE,FALSE,FALSE,FALSE,Partly
ADID-DC18278368C8,2025-09-21T14:46:24+02:00,2025-09-21T12:46:24Z,2025-09-21T13:00:11Z,827,Wear,With others,Light activity,,,Indoors,Other,,Away from window,Dim light,FALSE,FALSE,FALSE,FALSE,No
ADID-DC18278368C8,2025-09-21T15:00:11+02:00,2025-09-21T13:00:11Z,2025-09-21T13:00:48Z,37,Wear,With others,Light activity,,,Outdoors,Other,,Direct sunlight,,FALSE,FALSE,FALSE,FALSE,No
ADID-DC18278368C8,2025-09-21T15:00:48+02:00,2025-09-21T13:00:48Z,2025-09-21T13:13:41Z,773,Wear,With others,Light activity,,,Mixed,Transportation (bus or commuter/regional rail),,Near a window,Lights on,FALSE,FALSE,FALSE,FALSE,No
ADID-DC18278368C8,2025-09-21T15:13:41+02:00,2025-09-21T13:13:41Z,2025-09-21T15:19:13Z,7532,Wear,With others,Sedentary,,,Indoors,Commercial,Restaurant/cafeteria/bakery,Near a window,,FALSE,FALSE,FALSE,FALSE,No
ADID-DC18278368C8,2025-09-21T17:19:13+02:00,2025-09-21T15:19:13Z,2025-09-21T16:10:15Z,3062,Wear,With others,Light activity,,,Outdoors,Other,,Direct sunlight,,FALSE,FALSE,FALSE,FALSE,Partly
ADID-DC18278368C8,2025-09-21T18:10:15+02:00,2025-09-21T16:10:15Z,2025-09-21T17:39:10Z,5335,Wear,With others,Light activity,,,Indoors,Home,Bathroom,Away from window,Lights on,FALSE,FALSE,FALSE,FALSE,Yes
ADID-DC18278368C8,2025-09-21T19:39:10+02:00,2025-09-21T17:39:10Z,2025-09-21T21:46:41Z,14851,Wear,With others,Sedentary,,,Indoors,Home,Living room,Away from window,Dim light,FALSE,FALSE,FALSE,TRUE,Partly
ADID-DC18278368C8,2025-09-21T23:46:41+02:00,2025-09-21T21:46:41Z,2025-09-22T04:57:09Z,25828,Bedtime,With others,,,Upward,,,,,Lights off,FALSE,FALSE,FALSE,FALSE,Partly
ADID-DC18278368C8,2025-09-22T06:57:09+02:00,2025-09-22T04:57:09Z,2025-09-22T06:08:16Z,4267,Wear,With others,Light activity,,,Indoors,Home,Bedroom,Near a window,Lights on,FALSE,FALSE,FALSE,FALSE,Partly
ADID-DC18278368C8,2025-09-22T08:08:16+02:00,2025-09-22T06:08:16Z,2025-09-22T06:14:42Z,386,Wear,Alone,Light activity,,,Outdoors,Other,,Shade / cloudy,,FALSE,FALSE,FALSE,FALSE,Partly
ADID-DC18278368C8,2025-09-22T08:14:42+02:00,2025-09-22T06:14:42Z,2025-09-22T06:44:17Z,1775,Wear,With others,Light activity,,,Mixed,Transportation (bus or commuter/regional rail),,Near a window,Lights on,FALSE,FALSE,FALSE,FALSE,No
ADID-DC18278368C8,2025-09-22T08:44:17+02:00,2025-09-22T06:44:17Z,2025-09-22T10:45:55Z,14498,Wear,With others,Sedentary,,,Mixed,Transportation (long-distance train),,Near a window,Dim light,FALSE,FALSE,TRUE,FALSE,No
ADID-DC18278368C8,2025-09-22T12:45:55+02:00,2025-09-22T10:45:55Z,2025-09-22T10:57:32Z,697,Wear,With others,Light activity,,,Outdoors,Other,,Direct sunlight,,FALSE,FALSE,FALSE,FALSE,Partly
ADID-DC18278368C8,2025-09-22T12:57:32+02:00,2025-09-22T10:57:32Z,2025-09-22T11:19:47Z,1335,Wear,With others,Sedentary,,,Indoors,Leisure,,Near a window,Lights on,FALSE,FALSE,FALSE,FALSE,No
ADID-DC18278368C8,2025-09-22T13:19:47+02:00,2025-09-22T11:19:47Z,2025-09-22T11:23:59Z,252,Wear,With others,Light activity,,,Indoors,Workplace,Corridor,Near a window,,FALSE,FALSE,FALSE,FALSE,No
ADID-DC18278368C8,2025-09-22T13:23:59+02:00,2025-09-22T11:23:59Z,2025-09-22T17:58:59Z,23700,Wear,With others,Light activity,,,Indoors,Workplace,Personal workspace/desk,Near a window,Lights on,FALSE,FALSE,TRUE,FALSE,Partly
ADID-DC18278368C8,2025-09-22T19:58:59+02:00,2025-09-22T17:58:59Z,2025-09-22T18:04:51Z,352,Wear,Alone,Light activity,,,Indoors,Workplace,Corridor,Away from window,Lights on,FALSE,FALSE,FALSE,FALSE,No
ADID-DC18278368C8,2025-09-22T20:04:51+02:00,2025-09-22T18:04:51Z,2025-09-22T18:32:44Z,1673,Wear,Alone,Moderate activity,,,Outdoors,Leisure,,Shade / cloudy,Dim light,FALSE,FALSE,FALSE,FALSE,No
ADID-DC18278368C8,2025-09-22T20:32:44+02:00,2025-09-22T18:32:44Z,2025-09-22T19:42:00Z,4156,Wear,Alone,Light activity,,,Indoors,Home,Living room,Away from window,Lights on,FALSE,FALSE,FALSE,FALSE,Yes
ADID-DC18278368C8,2025-09-22T21:42:00+02:00,2025-09-22T19:42:00Z,2025-09-22T20:21:13Z,2353,Wear,Alone,Light activity,,,Mixed,Other,,Shade / cloudy,Dim light,FALSE,FALSE,FALSE,FALSE,No
ADID-DC18278368C8,2025-09-22T22:21:13+02:00,2025-09-22T20:21:13Z,2025-09-22T22:21:56Z,7243,Wear,Alone,Sedentary,,,Indoors,Home,Living room,Away from window,Dim light,FALSE,FALSE,TRUE,FALSE,Yes
ADID-DC18278368C8,2025-09-23T00:21:56+02:00,2025-09-22T22:21:56Z,2025-09-23T04:33:43Z,22307,Bedtime,Alone,,,Upward,,,,,Lights off,FALSE,FALSE,FALSE,FALSE,Yes
ADID-DC18278368C8,2025-09-23T06:33:43+02:00,2025-09-23T04:33:43Z,2025-09-23T04:51:54Z,1091,Wear,Alone,Light activity,,,Indoors,Home,Other,Away from window,Dim light,FALSE,FALSE,FALSE,FALSE,Yes
ADID-DC18278368C8,2025-09-23T06:51:54+02:00,2025-09-23T04:51:54Z,2025-09-23T05:21:19Z,1765,Non-wear,Alone,,Dark mobile,,,,,,Lights on,FALSE,FALSE,FALSE,FALSE,Yes
ADID-DC18278368C8,2025-09-23T07:21:19+02:00,2025-09-23T05:21:19Z,2025-09-23T05:50:37Z,1758,Wear,Alone,Moderate activity,,,Outdoors,Other,,Shade / cloudy,Lights on,FALSE,FALSE,FALSE,FALSE,No
ADID-DC18278368C8,2025-09-23T07:50:37+02:00,2025-09-23T05:50:37Z,2025-09-23T06:41:16Z,3039,Wear,With others,Light activity,,,Indoors,Workplace,Personal workspace/desk,Near a window,Lights on,FALSE,FALSE,TRUE,FALSE,Partly
ADID-DC18278368C8,2025-09-23T08:41:16+02:00,2025-09-23T06:41:16Z,2025-09-23T09:49:12Z,11276,Wear,Alone,Sedentary,,,Mixed,Transportation (car/taxi),,Near a window,,FALSE,FALSE,FALSE,FALSE,Partly
ADID-DC18278368C8,2025-09-23T11:49:12+02:00,2025-09-23T09:49:12Z,2025-09-23T11:15:38Z,5186,Wear,Alone,Sedentary,,,Mixed,Transportation (car/taxi),,Near a window,,FALSE,FALSE,FALSE,FALSE,Partly
ADID-DC18278368C8,2025-09-23T13:15:38+02:00,2025-09-23T11:15:38Z,2025-09-23T11:58:12Z,2554,Wear,With others,Light activity,,,Outdoors,Leisure,,Direct sunlight,,FALSE,FALSE,FALSE,FALSE,Partly
ADID-DC18278368C8,2025-09-23T13:58:12+02:00,2025-09-23T11:58:12Z,2025-09-23T11:59:05Z,53,Wear,With others,Light activity,,,Outdoors,Leisure,,Direct sunlight,,FALSE,FALSE,FALSE,FALSE,Partly
ADID-DC18278368C8,2025-09-23T13:59:05+02:00,2025-09-23T11:59:05Z,2025-09-23T12:02:55Z,230,Wear,With others,Light activity,,,Mixed,Semi-open corridor/gallery,,Away from window,Lights on,FALSE,FALSE,FALSE,FALSE,No
ADID-DC18278368C8,2025-09-23T14:02:55+02:00,2025-09-23T12:02:55Z,,,Wear,Alone,Sedentary,,,Indoors,Workplace,Personal workspace/desk,Near a window,Lights on,FALSE,FALSE,TRUE,FALSE,Partly
ADID-F0780C3A8354,2025-09-21T12:02:59+02:00,2025-09-21T10:02:59Z,2025-09-21T11:33:11Z,5412,Wear,With others,Light activity,,,Indoors,Home,Living room,Near a window,Dim light,TRUE,FALSE,FALSE,FALSE,Yes
ADID-F0780C3A8354,2025-09-21T13:33:11+02:00,2025-09-21T11:33:11Z,2025-09-21T12:22:27Z,2956,Bedtime,Alone,,,Upward,,,,,Dim light,TRUE,FALSE,FALSE,FALSE,Yes
ADID-F0780C3A8354,2025-09-21T14:22:27+02:00,2025-09-21T12:22:27Z,2025-09-21T12:51:29Z,1742,Wear,With others,Light activity,,,Indoors,Home,Living room,Away from window,Dim light,TRUE,FALSE,FALSE,FALSE,Yes
ADID-F0780C3A8354,2025-09-21T14:51:29+02:00,2025-09-21T12:51:29Z,2025-09-21T13:49:33Z,3484,Wear,With others,Light activity,,,Outdoors,Leisure,,Shade / cloudy,,FALSE,FALSE,FALSE,FALSE,
ADID-F0780C3A8354,2025-09-21T15:49:33+02:00,2025-09-21T13:49:33Z,2025-09-21T15:54:41Z,7508,Wear,With others,Sedentary,,,Indoors,Home,Living room,Away from window,,FALSE,TRUE,FALSE,FALSE,Yes
ADID-F0780C3A8354,2025-09-21T17:54:41+02:00,2025-09-21T15:54:41Z,2025-09-21T16:14:49Z,1208,Wear,Alone,Light activity,,,Outdoors,Commercial,,Shade / cloudy,,FALSE,FALSE,FALSE,FALSE,
ADID-F0780C3A8354,2025-09-21T18:14:49+02:00,2025-09-21T16:14:49Z,2025-09-21T17:14:34Z,3585,Wear,With others,Light activity,,,Indoors,Home,Living room,Away from window,Dim light,FALSE,FALSE,FALSE,TRUE,Yes
ADID-F0780C3A8354,2025-09-21T19:14:34+02:00,2025-09-21T17:14:34Z,2025-09-21T18:07:58Z,3204,Non-wear,Alone,,Stationary,,,,,,Dim light,FALSE,FALSE,FALSE,FALSE,Yes
ADID-F0780C3A8354,2025-09-21T20:07:58+02:00,2025-09-21T18:07:58Z,2025-09-21T19:58:21Z,6623,Wear,With others,Sedentary,,,Indoors,Home,Living room,Away from window,Dim light,FALSE,FALSE,FALSE,TRUE,Yes
ADID-F0780C3A8354,2025-09-21T21:58:21+02:00,2025-09-21T19:58:21Z,2025-09-22T03:03:34Z,25513,Bedtime,With others,,,Upward,,,,,Lights off,FALSE,FALSE,FALSE,FALSE,Yes
ADID-F0780C3A8354,2025-09-22T05:03:34+02:00,2025-09-22T03:03:34Z,2025-09-22T03:53:13Z,2979,Wear,Alone,Light activity,,,Indoors,Home,Living room,Away from window,Lights on,FALSE,FALSE,FALSE,TRUE,Yes
ADID-F0780C3A8354,2025-09-22T05:53:13+02:00,2025-09-22T03:53:13Z,2025-09-22T03:59:31Z,378,Wear,Alone,Light activity,,,Indoors,Home,Bathroom,Near a window,Dim light,FALSE,FALSE,FALSE,FALSE,Yes
ADID-F0780C3A8354,2025-09-22T05:59:31+02:00,2025-09-22T03:59:31Z,2025-09-22T04:06:16Z,405,Wear,Alone,Sedentary,,,Indoors,Home,Living room,Near a window,Dim light,TRUE,FALSE,FALSE,TRUE,Yes
ADID-F0780C3A8354,2025-09-22T06:06:16+02:00,2025-09-22T04:06:16Z,2025-09-22T04:45:14Z,2338,Wear,Alone,Sedentary,,,Mixed,Transportation (car/taxi),,Shade / cloudy,Dim light,FALSE,FALSE,FALSE,FALSE,No
ADID-F0780C3A8354,2025-09-22T06:45:14+02:00,2025-09-22T04:45:14Z,2025-09-22T09:31:15Z,17161,Wear,Alone,Moderate activity,,,Mixed,Other,,Shade / cloudy,Dim light,FALSE,FALSE,FALSE,FALSE,
ADID-F0780C3A8354,2025-09-22T11:31:15+02:00,2025-09-22T09:31:15Z,2025-09-22T10:06:23Z,2108,Wear,Alone,Light activity,,,Outdoors,Workplace,,Direct sunlight,,FALSE,FALSE,FALSE,FALSE,
ADID-F0780C3A8354,2025-09-22T12:06:23+02:00,2025-09-22T10:06:23Z,2025-09-22T10:28:52Z,1349,Wear,Alone,Sedentary,,,Mixed,Transportation (car/taxi),,,,FALSE,FALSE,FALSE,FALSE,
ADID-F0780C3A8354,2025-09-22T12:28:52+02:00,2025-09-22T10:28:52Z,2025-09-22T16:44:30Z,22538,Wear,Alone,Sedentary,,,Indoors,Home,Living room,Near a window,,TRUE,FALSE,FALSE,TRUE,
ADID-F0780C3A8354,2025-09-22T18:44:30+02:00,2025-09-22T16:44:30Z,2025-09-22T20:07:56Z,12206,Wear,With others,Sedentary,,,Mixed,Covered patio or terrace,,Shade / cloudy,Dim light,TRUE,TRUE,FALSE,TRUE,Yes
ADID-F0780C3A8354,2025-09-22T22:07:56+02:00,2025-09-22T20:07:56Z,2025-09-23T02:40:21Z,23545,Bedtime,With others,,,Downward,,,,,Lights off,FALSE,FALSE,FALSE,FALSE,Yes
ADID-F0780C3A8354,2025-09-23T04:40:21+02:00,2025-09-23T02:40:21Z,2025-09-23T07:16:57Z,16596,Wear,Alone,Sedentary,,,Indoors,Home,Living room,Near a window,Dim light,TRUE,FALSE,FALSE,TRUE,Yes
ADID-F0780C3A8354,2025-09-23T09:16:57+02:00,2025-09-23T07:16:57Z,,,Wear,Alone,Light activity,,,Mixed,Covered patio or terrace,,Direct sunlight,Dim light,TRUE,FALSE,FALSE,TRUE,Yes
ADID-F191896209A5,2025-09-21T11:57:04+02:00,2025-09-21T09:57:04Z,2025-09-21T10:14:20Z,1036,Wear,With others,Light activity,,,Indoors,Home,Living room,Near a window,Dim light,TRUE,FALSE,FALSE,FALSE,Yes
ADID-F191896209A5,2025-09-21T12:14:20+02:00,2025-09-21T10:14:20Z,2025-09-21T10:20:24Z,364,Wear,With others,Moderate activity,,,Outdoors,Other,,Direct sunlight,,FALSE,FALSE,FALSE,FALSE,
ADID-F191896209A5,2025-09-21T12:20:24+02:00,2025-09-21T10:20:24Z,2025-09-21T10:32:36Z,732,Wear,With others,Light activity,,,Indoors,Commercial,Convenience store/supermarkt,Away from window,Lights on,FALSE,FALSE,FALSE,FALSE,No
ADID-F191896209A5,2025-09-21T12:32:36+02:00,2025-09-21T10:32:36Z,2025-09-21T10:38:38Z,362,Wear,With others,Moderate activity,,,Outdoors,Other,,Direct sunlight,,FALSE,FALSE,FALSE,FALSE,
ADID-F191896209A5,2025-09-21T12:38:38+02:00,2025-09-21T10:38:38Z,2025-09-21T12:45:43Z,7625,Wear,With others,Light activity,,,Indoors,Home,Living room,Near a window,,FALSE,FALSE,FALSE,FALSE,Yes
ADID-F191896209A5,2025-09-21T14:45:43+02:00,2025-09-21T12:45:43Z,2025-09-21T13:09:14Z,1411,Wear,Alone,Light activity,,,Indoors,Commercial,Shopping mall,Away from window,Lights on,FALSE,FALSE,FALSE,FALSE,No
ADID-F191896209A5,2025-09-21T15:09:14+02:00,2025-09-21T13:09:14Z,2025-09-21T13:15:48Z,394,Wear,Alone,Sedentary,,,Mixed,Transportation (car/taxi),,Near a window,,FALSE,FALSE,FALSE,FALSE,
ADID-F191896209A5,2025-09-21T15:15:48+02:00,2025-09-21T13:15:48Z,2025-09-21T15:55:35Z,9587,Wear,With others,Sedentary,,,Indoors,Other,,Near a window,,FALSE,FALSE,FALSE,FALSE,No
ADID-F191896209A5,2025-09-21T17:55:35+02:00,2025-09-21T15:55:35Z,2025-09-21T16:09:51Z,856,Wear,Alone,Sedentary,,,Mixed,Transportation (car/taxi),,Shade / cloudy,,FALSE,FALSE,FALSE,FALSE,
ADID-F191896209A5,2025-09-21T18:09:51+02:00,2025-09-21T16:09:51Z,2025-09-21T17:13:39Z,3828,Wear,With others,Light activity,,,Indoors,Home,Living room,Near a window,,FALSE,FALSE,FALSE,FALSE,Yes
ADID-F191896209A5,2025-09-21T19:13:39+02:00,2025-09-21T17:13:39Z,2025-09-21T18:10:01Z,3382,Wear,With others,Moderate activity,,,Outdoors,Leisure,,Shade / cloudy,,FALSE,FALSE,FALSE,FALSE,
ADID-F191896209A5,2025-09-21T20:10:01+02:00,2025-09-21T18:10:01Z,2025-09-21T21:06:59Z,10618,Wear,With others,Sedentary,,,Indoors,Home,Living room,,Lights on,FALSE,FALSE,FALSE,FALSE,Yes
ADID-F191896209A5,2025-09-21T23:06:59+02:00,2025-09-21T21:06:59Z,2025-09-22T05:43:03Z,30964,Bedtime,With others,,,Upward,,,,,Lights off,TRUE,FALSE,FALSE,FALSE,Yes
ADID-F191896209A5,2025-09-22T07:43:03+02:00,2025-09-22T05:43:03Z,2025-09-22T05:45:02Z,119,Non-wear,With others,,Stationary,,,,,,Dim light,TRUE,FALSE,FALSE,FALSE,Yes
ADID-F191896209A5,2025-09-22T07:45:02+02:00,2025-09-22T05:45:02Z,2025-09-22T05:54:36Z,574,Wear,Alone,Light activity,,,Indoors,Home,Bedroom,Near a window,Lights on,FALSE,FALSE,FALSE,FALSE,Yes
ADID-F191896209A5,2025-09-22T07:54:36+02:00,2025-09-22T05:54:36Z,2025-09-22T07:27:46Z,5590,Wear,With others,Light activity,,,Indoors,Home,Living room,Near a window,Lights on,FALSE,FALSE,FALSE,FALSE,Yes
ADID-F191896209A5,2025-09-22T09:27:46+02:00,2025-09-22T07:27:46Z,2025-09-22T08:04:11Z,2185,Wear,Alone,Sedentary,,,Mixed,Transportation (car/taxi),,Direct sunlight,,FALSE,FALSE,FALSE,FALSE,
ADID-F191896209A5,2025-09-22T10:04:11+02:00,2025-09-22T08:04:11Z,2025-09-22T08:09:46Z,335,Wear,Alone,Light activity,,,Indoors,Workplace,Corridor,Near a window,Lights on,TRUE,FALSE,FALSE,FALSE,No
ADID-F191896209A5,2025-09-22T10:09:46+02:00,2025-09-22T08:09:46Z,2025-09-22T09:13:19Z,3813,Wear,Alone,Sedentary,,,Indoors,Workplace,Personal workspace/desk,Near a window,Lights on,FALSE,FALSE,TRUE,FALSE,Yes
ADID-F191896209A5,2025-09-22T11:13:19+02:00,2025-09-22T09:13:19Z,2025-09-22T09:16:24Z,185,Wear,Alone,Light activity,,,Indoors,Workplace,Corridor,Near a window,Lights on,FALSE,FALSE,FALSE,FALSE,No
ADID-F191896209A5,2025-09-22T11:16:24+02:00,2025-09-22T09:16:24Z,2025-09-22T09:54:26Z,2282,Wear,Alone,Sedentary,,,Indoors,Workplace,Conference/meeting room,Near a window,Lights on,FALSE,FALSE,TRUE,FALSE,Partly
ADID-F191896209A5,2025-09-22T11:54:26+02:00,2025-09-22T09:54:26Z,2025-09-22T09:55:21Z,55,Wear,Alone,Light activity,,,Indoors,Workplace,Corridor,Near a window,Lights on,TRUE,FALSE,FALSE,FALSE,No
ADID-F191896209A5,2025-09-22T11:55:21+02:00,2025-09-22T09:55:21Z,2025-09-22T09:59:30Z,249,Wear,Alone,Moderate activity,,,Outdoors,Workplace,,Shade / cloudy,,TRUE,FALSE,FALSE,FALSE,
ADID-F191896209A5,2025-09-22T11:59:30+02:00,2025-09-22T09:59:30Z,2025-09-22T11:19:50Z,4820,Wear,With others,Moderate activity,,,Indoors,Workplace,Corridor,Away from window,Lights on,FALSE,FALSE,FALSE,FALSE,No
ADID-F191896209A5,2025-09-22T13:19:50+02:00,2025-09-22T11:19:50Z,2025-09-22T11:23:22Z,212,Wear,Alone,Moderate activity,,,Indoors,Workplace,Corridor,Near a window,Lights on,FALSE,FALSE,FALSE,FALSE,No
ADID-F191896209A5,2025-09-22T13:23:22+02:00,2025-09-22T11:23:22Z,2025-09-22T12:43:06Z,4784,Wear,With others,Moderate activity,,,Outdoors,Workplace,,Direct sunlight,,FALSE,FALSE,FALSE,FALSE,
ADID-F191896209A5,2025-09-22T14:43:06+02:00,2025-09-22T12:43:06Z,2025-09-22T12:47:41Z,275,Wear,Alone,Moderate activity,,,Outdoors,Workplace,,Direct sunlight,,FALSE,FALSE,FALSE,FALSE,
ADID-F191896209A5,2025-09-22T14:47:41+02:00,2025-09-22T12:47:41Z,2025-09-22T13:19:47Z,1926,Wear,Alone,Sedentary,,,Mixed,Transportation (car/taxi),,Near a window,,FALSE,FALSE,FALSE,FALSE,
ADID-F191896209A5,2025-09-22T15:19:47+02:00,2025-09-22T13:19:47Z,2025-09-22T15:57:38Z,9471,Wear,With others,Sedentary,,,Indoors,Home,Home office,Near a window,Lights on,FALSE,FALSE,TRUE,FALSE,Yes
ADID-F191896209A5,2025-09-22T17:57:38+02:00,2025-09-22T15:57:38Z,2025-09-22T16:20:14Z,1356,Wear,With others,Light activity,,,Indoors,Home,Living room,Near a window,Lights on,FALSE,FALSE,FALSE,FALSE,Yes
ADID-F191896209A5,2025-09-22T18:20:14+02:00,2025-09-22T16:20:14Z,2025-09-22T17:52:24Z,5530,Wear,Alone,Moderate activity,,,Outdoors,Leisure,,Shade / cloudy,,FALSE,FALSE,FALSE,FALSE,
ADID-F191896209A5,2025-09-22T19:52:24+02:00,2025-09-22T17:52:24Z,2025-09-22T18:07:31Z,907,Wear,With others,Light activity,,,Indoors,Home,Living room,Near a window,Lights on,FALSE,FALSE,FALSE,FALSE,Yes
ADID-F191896209A5,2025-09-22T20:07:31+02:00,2025-09-22T18:07:31Z,2025-09-22T18:46:17Z,2326,Wear,Alone,Sedentary,,,Indoors,Home,Home office,,Lights on,FALSE,FALSE,TRUE,FALSE,Yes
ADID-F191896209A5,2025-09-22T20:46:17+02:00,2025-09-22T18:46:17Z,2025-09-22T18:55:04Z,527,Wear,With others,Sedentary,,,Indoors,Home,Other,Away from window,Lights on,FALSE,FALSE,FALSE,FALSE,Yes
ADID-F191896209A5,2025-09-22T20:55:04+02:00,2025-09-22T18:55:04Z,2025-09-22T20:03:07Z,4083,Wear,Alone,Sedentary,,,Indoors,Home,Home office,,Lights on,FALSE,FALSE,TRUE,FALSE,Yes
ADID-F191896209A5,2025-09-22T22:03:07+02:00,2025-09-22T20:03:07Z,2025-09-23T05:52:46Z,35379,Wear,With others,Sedentary,,,Indoors,Home,Living room,,Dim light,FALSE,FALSE,FALSE,TRUE,Yes
ADID-F191896209A5,2025-09-23T07:52:46+02:00,2025-09-23T05:52:46Z,2025-09-23T06:19:04Z,1578,Wear,With others,Light activity,,,Indoors,Home,Other,Near a window,Lights on,FALSE,FALSE,FALSE,FALSE,Yes
ADID-F191896209A5,2025-09-23T08:19:04+02:00,2025-09-23T06:19:04Z,2025-09-23T06:34:52Z,948,Wear,With others,Moderate activity,,,Outdoors,Other,,Direct sunlight,,FALSE,FALSE,FALSE,FALSE,
ADID-F191896209A5,2025-09-23T08:34:52+02:00,2025-09-23T06:34:52Z,2025-09-23T07:16:17Z,2485,Wear,Alone,Sedentary,,,Mixed,Transportation (car/taxi),,Near a window,,FALSE,FALSE,FALSE,FALSE,
ADID-F191896209A5,2025-09-23T09:16:17+02:00,2025-09-23T07:16:17Z,2025-09-23T08:04:11Z,2874,Wear,Alone,Sedentary,,,Indoors,Workplace,Personal workspace/desk,Near a window,Lights on,FALSE,FALSE,TRUE,FALSE,Yes
ADID-F191896209A5,2025-09-23T10:04:11+02:00,2025-09-23T08:04:11Z,2025-09-23T09:07:20Z,3789,Wear,With others,Sedentary,,,Indoors,Workplace,Conference/meeting room,Near a window,Lights on,FALSE,FALSE,TRUE,FALSE,Partly
ADID-F191896209A5,2025-09-23T11:07:20+02:00,2025-09-23T09:07:20Z,2025-09-23T10:36:38Z,5358,Wear,With others,Sedentary,,,Indoors,Workplace,Conference/meeting room,Near a window,Lights on,FALSE,FALSE,TRUE,FALSE,Partly
ADID-F191896209A5,2025-09-23T12:36:38+02:00,2025-09-23T10:36:38Z,2025-09-23T11:17:14Z,2436,Wear,Alone,Sedentary,,,Mixed,Transportation (car/taxi),,Near a window,,FALSE,FALSE,FALSE,FALSE,
ADID-F191896209A5,2025-09-23T13:17:14+02:00,2025-09-23T11:17:14Z,2025-09-23T12:06:36Z,2962,Wear,Alone,Light activity,,,Indoors,Home,Kitchen,Near a window,,FALSE,FALSE,FALSE,FALSE,Yes
ADID-F191896209A5,2025-09-23T14:06:36+02:00,2025-09-23T12:06:36Z,,,Non-wear,Alone,,Other,,,,,,,FALSE,FALSE,FALSE,FALSE,
ADID-F4620B9DBB2D,2025-09-21T11:57:15+02:00,2025-09-21T09:57:15Z,2025-09-21T11:11:34Z,4459,Wear,With others,Sedentary,,,Indoors,Home,Living room,Near a window,,FALSE,FALSE,FALSE,FALSE,Yes
ADID-F4620B9DBB2D,2025-09-21T13:11:34+02:00,2025-09-21T11:11:34Z,2025-09-21T12:58:51Z,6437,Wear,Alone,High-intensity activity,,,Outdoors,Other,,Direct sunlight,,FALSE,FALSE,FALSE,FALSE,
ADID-F4620B9DBB2D,2025-09-21T14:58:51+02:00,2025-09-21T12:58:51Z,2025-09-21T15:16:57Z,8286,Wear,With others,Light activity,,,Indoors,Home,Kitchen,Near a window,,FALSE,FALSE,FALSE,FALSE,Yes
ADID-F4620B9DBB2D,2025-09-21T17:16:57+02:00,2025-09-21T15:16:57Z,2025-09-21T17:10:49Z,6832,Wear,Alone,Light activity,,,Mixed,Covered patio or terrace,,Shade / cloudy,Lights on,FALSE,FALSE,FALSE,FALSE,Yes
ADID-F4620B9DBB2D,2025-09-21T19:10:49+02:00,2025-09-21T17:10:49Z,2025-09-21T19:47:47Z,9418,Wear,With others,Moderate activity,,,Indoors,Home,Other,Near a window,Lights on,FALSE,FALSE,FALSE,FALSE,Yes
ADID-F4620B9DBB2D,2025-09-21T21:47:47+02:00,2025-09-21T19:47:47Z,2025-09-22T03:13:41Z,26754,Bedtime,Alone,,,Upward,,,,,Lights off,TRUE,FALSE,FALSE,FALSE,Yes
ADID-F4620B9DBB2D,2025-09-22T05:13:41+02:00,2025-09-22T03:13:41Z,2025-09-22T04:31:42Z,4681,Non-wear,Alone,,Stationary,,,,,,Dim light,FALSE,FALSE,FALSE,FALSE,Yes
ADID-F4620B9DBB2D,2025-09-22T06:31:42+02:00,2025-09-22T04:31:42Z,2025-09-22T05:10:50Z,2348,Wear,Alone,Light activity,,,Mixed,Transportation (car/taxi),,Shade / cloudy,Lights on,FALSE,FALSE,FALSE,FALSE,
ADID-F4620B9DBB2D,2025-09-22T07:10:50+02:00,2025-09-22T05:10:50Z,2025-09-22T06:03:50Z,3180,Non-wear,With others,,Dark mobile,,,,,,Lights off,FALSE,FALSE,FALSE,FALSE,
ADID-F4620B9DBB2D,2025-09-22T08:03:50+02:00,2025-09-22T06:03:50Z,2025-09-22T06:17:57Z,847,Wear,With others,Light activity,,,Outdoors,Other,,Shade / cloudy,,FALSE,FALSE,FALSE,FALSE,
ADID-F4620B9DBB2D,2025-09-22T08:17:57+02:00,2025-09-22T06:17:57Z,2025-09-22T15:26:24Z,32907,Wear,With others,Sedentary,,,Indoors,Workplace,Personal workspace/desk,Near a window,Lights on,FALSE,FALSE,FALSE,FALSE,Partly
ADID-F4620B9DBB2D,2025-09-22T17:26:24+02:00,2025-09-22T15:26:24Z,2025-09-22T16:43:54Z,4650,Non-wear,With others,,Dark mobile,,,,,,,FALSE,FALSE,FALSE,FALSE,
ADID-F4620B9DBB2D,2025-09-22T18:43:54+02:00,2025-09-22T16:43:54Z,2025-09-22T17:27:09Z,2595,Wear,Alone,Sedentary,,,Mixed,Transportation (car/taxi),,Direct sunlight,,FALSE,FALSE,FALSE,FALSE,
ADID-F4620B9DBB2D,2025-09-22T19:27:09+02:00,2025-09-22T17:27:09Z,2025-09-22T20:25:54Z,10725,Wear,With others,Sedentary,,,Indoors,Home,Living room,Near a window,Lights on,FALSE,FALSE,FALSE,FALSE,Yes
ADID-F4620B9DBB2D,2025-09-22T22:25:54+02:00,2025-09-22T20:25:54Z,2025-09-23T02:59:17Z,23603,Bedtime,Alone,,,Upward,,,,,Lights off,TRUE,FALSE,FALSE,FALSE,Yes
ADID-F4620B9DBB2D,2025-09-23T04:59:17+02:00,2025-09-23T02:59:17Z,2025-09-23T04:22:10Z,4973,Non-wear,Alone,,Stationary,,,,,,Lights on,FALSE,FALSE,FALSE,FALSE,Yes
ADID-F4620B9DBB2D,2025-09-23T06:22:10+02:00,2025-09-23T04:22:10Z,2025-09-23T05:01:32Z,2362,Wear,With others,Sedentary,,,Mixed,Transportation (car/taxi),,,,FALSE,FALSE,FALSE,FALSE,No
ADID-F4620B9DBB2D,2025-09-23T07:01:32+02:00,2025-09-23T05:01:32Z,2025-09-23T06:05:55Z,3863,Non-wear,With others,,Dark mobile,,,,,,,FALSE,FALSE,FALSE,FALSE,
ADID-F4620B9DBB2D,2025-09-23T08:05:55+02:00,2025-09-23T06:05:55Z,2025-09-23T09:56:05Z,13810,Wear,With others,Sedentary,,,Indoors,Workplace,Personal workspace/desk,Near a window,Lights on,FALSE,FALSE,TRUE,FALSE,Partly
ADID-F4620B9DBB2D,2025-09-23T11:56:05+02:00,2025-09-23T09:56:05Z,,,Wear,With others,Light activity,,,Outdoors,Other,,Direct sunlight,,FALSE,FALSE,FALSE,FALSE,
ADID-F5DBCEA54368,2025-09-21T12:03:54+03:00,2025-09-21T09:03:54Z,2025-09-21T09:27:30Z,1416,Wear,With others,Sedentary,,,Indoors,Workplace,Conference/meeting room,Away from window,Lights on,TRUE,FALSE,FALSE,FALSE,Yes
ADID-F5DBCEA54368,2025-09-21T12:27:30+03:00,2025-09-21T09:27:30Z,2025-09-21T09:30:01Z,151,Wear,With others,Light activity,,,Outdoors,Education,,Direct sunlight,,TRUE,FALSE,FALSE,FALSE,
ADID-F5DBCEA54368,2025-09-21T12:30:01+03:00,2025-09-21T09:30:01Z,2025-09-21T09:38:06Z,485,Wear,With others,Sedentary,,,Mixed,Transportation (car/taxi),,Near a window,,TRUE,FALSE,FALSE,FALSE,
ADID-F5DBCEA54368,2025-09-21T12:38:06+03:00,2025-09-21T09:38:06Z,2025-09-21T09:43:43Z,337,Wear,With others,Light activity,,,Outdoors,Other,,Direct sunlight,,TRUE,FALSE,FALSE,FALSE,
ADID-F5DBCEA54368,2025-09-21T12:43:43+03:00,2025-09-21T09:43:43Z,2025-09-21T10:37:07Z,3204,Wear,With others,Sedentary,,,Outdoors,Commercial,,Shade / cloudy,,TRUE,FALSE,FALSE,FALSE,
ADID-F5DBCEA54368,2025-09-21T13:37:07+03:00,2025-09-21T10:37:07Z,2025-09-21T10:50:11Z,784,Wear,With others,Light activity,,,Outdoors,Other,,Direct sunlight,,TRUE,FALSE,FALSE,FALSE,
ADID-F5DBCEA54368,2025-09-21T13:50:11+03:00,2025-09-21T10:50:11Z,2025-09-21T13:31:51Z,9700,Wear,With others,Sedentary,,,Indoors,Home,Living room,Near a window,Dim light,TRUE,FALSE,FALSE,FALSE,Partly
ADID-F5DBCEA54368,2025-09-21T16:31:51+03:00,2025-09-21T13:31:51Z,2025-09-21T15:28:03Z,6972,Wear,Alone,Sedentary,,,Indoors,Home,Bedroom,Away from window,Dim light,TRUE,FALSE,TRUE,FALSE,Partly
ADID-F5DBCEA54368,2025-09-21T18:28:03+03:00,2025-09-21T15:28:03Z,2025-09-21T22:04:45Z,23802,Wear,Alone,Sedentary,,,Indoors,Home,Home office,Away from window,Lights on,TRUE,FALSE,TRUE,FALSE,Yes
ADID-F5DBCEA54368,2025-09-22T01:04:45+03:00,2025-09-21T22:04:45Z,2025-09-22T07:36:43Z,34318,Bedtime,Alone,,,Upward,,,,,Lights off,TRUE,FALSE,FALSE,FALSE,Yes
ADID-F5DBCEA54368,2025-09-22T10:36:43+03:00,2025-09-22T07:36:43Z,2025-09-22T08:49:45Z,4382,Wear,Alone,Sedentary,,,Indoors,Home,Living room,Away from window,,TRUE,FALSE,FALSE,FALSE,Partly
ADID-F5DBCEA54368,2025-09-22T11:49:45+03:00,2025-09-22T08:49:45Z,2025-09-22T10:44:32Z,6887,Wear,With others,Light activity,,,Outdoors,Other,,Direct sunlight,,TRUE,FALSE,FALSE,FALSE,
ADID-F5DBCEA54368,2025-09-22T13:44:32+03:00,2025-09-22T10:44:32Z,2025-09-22T13:31:07Z,9995,Wear,With others,Sedentary,,,Mixed,Veranda,,Shade / cloudy,,TRUE,FALSE,FALSE,FALSE,No
ADID-F5DBCEA54368,2025-09-22T16:31:07+03:00,2025-09-22T13:31:07Z,2025-09-22T13:36:28Z,321,Wear,With others,Sedentary,,,Mixed,Transportation (car/taxi),,Shade / cloudy,,TRUE,FALSE,FALSE,FALSE,No
ADID-F5DBCEA54368,2025-09-22T16:36:28+03:00,2025-09-22T13:36:28Z,2025-09-22T13:52:50Z,982,Non-wear,With others,,Dark mobile,,,,,,,TRUE,FALSE,FALSE,FALSE,No
ADID-F5DBCEA54368,2025-09-22T16:52:50+03:00,2025-09-22T13:52:50Z,2025-09-22T14:09:47Z,1017,Wear,With others,Light activity,,,Outdoors,Other,,Direct sunlight,,TRUE,FALSE,FALSE,FALSE,
ADID-F5DBCEA54368,2025-09-22T17:09:47+03:00,2025-09-22T14:09:47Z,2025-09-22T15:34:23Z,5076,Wear,With others,Sedentary,,,Mixed,Covered patio or terrace,,Near a window,,TRUE,FALSE,FALSE,FALSE,Partly
ADID-F5DBCEA54368,2025-09-22T18:34:23+03:00,2025-09-22T15:34:23Z,2025-09-22T15:54:36Z,1213,Wear,Alone,Light activity,,,Outdoors,Other,,Direct sunlight,,TRUE,FALSE,FALSE,FALSE,No
ADID-F5DBCEA54368,2025-09-22T18:54:36+03:00,2025-09-22T15:54:36Z,2025-09-22T18:34:31Z,9595,Wear,With others,Sedentary,,,Mixed,Veranda,,Shade / cloudy,Dim light,TRUE,FALSE,TRUE,FALSE,No
ADID-F5DBCEA54368,2025-09-22T21:34:31+03:00,2025-09-22T18:34:31Z,2025-09-22T19:05:16Z,1845,Wear,With others,Light activity,,,Outdoors,Other,,Direct sunlight,Dim light,TRUE,FALSE,FALSE,FALSE,No
ADID-F5DBCEA54368,2025-09-22T22:05:16+03:00,2025-09-22T19:05:16Z,2025-09-22T21:25:28Z,8412,Wear,With others,Sedentary,,,Mixed,Covered patio or terrace,,Shade / cloudy,Dim light,TRUE,FALSE,FALSE,FALSE,No
ADID-F5DBCEA54368,2025-09-23T00:25:28+03:00,2025-09-22T21:25:28Z,2025-09-22T21:33:13Z,465,Wear,With others,Sedentary,,,Mixed,Transportation (car/taxi),,Shade / cloudy,Dim light,TRUE,FALSE,FALSE,FALSE,No
ADID-F5DBCEA54368,2025-09-23T00:33:13+03:00,2025-09-22T21:33:13Z,2025-09-23T09:28:54Z,42941,Bedtime,Alone,,,Upward,,,,,Lights off,TRUE,FALSE,FALSE,FALSE,Yes
ADID-F5DBCEA54368,2025-09-23T12:28:54+03:00,2025-09-23T09:28:54Z,2025-09-23T09:41:38Z,764,Wear,Alone,Light activity,,,Outdoors,Other,,Direct sunlight,,TRUE,FALSE,FALSE,FALSE,
ADID-F5DBCEA54368,2025-09-23T12:41:38+03:00,2025-09-23T09:41:38Z,2025-09-23T11:39:07Z,7049,Wear,Alone,Sedentary,,,Indoors,Home,Bedroom,Away from window,Lights on,TRUE,FALSE,FALSE,FALSE,Yes
ADID-F5DBCEA54368,2025-09-23T14:39:07+03:00,2025-09-23T11:39:07Z,2025-09-23T11:42:42Z,215,Wear,Alone,Light activity,,,Outdoors,Other,,Direct sunlight,,TRUE,FALSE,FALSE,FALSE,
ADID-F5DBCEA54368,2025-09-23T14:42:42+03:00,2025-09-23T11:42:42Z,,,Wear,With others,Sedentary,,,Mixed,Covered patio or terrace,,Shade / cloudy,,TRUE,FALSE,FALSE,FALSE,No
ADID-F80993FB3D08,2025-09-21T12:02:06+02:00,2025-09-21T10:02:06Z,2025-09-21T12:50:11Z,10085,Wear,With others,Sedentary,,,Indoors,Home,Living room,Away from window,Lights on,FALSE,TRUE,FALSE,FALSE,Yes
ADID-F80993FB3D08,2025-09-21T14:50:11+02:00,2025-09-21T12:50:11Z,2025-09-21T13:53:47Z,3816,Wear,With others,Light activity,,,Outdoors,Leisure,,Shade / cloudy,,FALSE,FALSE,FALSE,FALSE,
ADID-F80993FB3D08,2025-09-21T15:53:47+02:00,2025-09-21T13:53:47Z,2025-09-21T15:52:03Z,7096,Wear,With others,Sedentary,,,Indoors,Home,Living room,Near a window,Lights off,FALSE,FALSE,FALSE,TRUE,Yes
ADID-F80993FB3D08,2025-09-21T17:52:03+02:00,2025-09-21T15:52:03Z,2025-09-21T17:14:58Z,4975,Non-wear,Alone,,Stationary,,,,,,Dim light,FALSE,FALSE,FALSE,FALSE,Yes
ADID-F80993FB3D08,2025-09-21T19:14:58+02:00,2025-09-21T17:14:58Z,2025-09-21T17:43:14Z,1696,Wear,Alone,Light activity,,,Indoors,Home,Kitchen,Near a window,Lights on,FALSE,FALSE,FALSE,FALSE,Yes
ADID-F80993FB3D08,2025-09-21T19:43:14+02:00,2025-09-21T17:43:14Z,2025-09-21T19:57:38Z,8064,Wear,Alone,Sedentary,,,Indoors,Home,Living room,Away from window,Dim light,FALSE,TRUE,FALSE,FALSE,Yes
ADID-F80993FB3D08,2025-09-21T21:57:38+02:00,2025-09-21T19:57:38Z,2025-09-21T20:29:13Z,1895,Wear,Alone,Sedentary,,,Indoors,Home,Living room,Away from window,Lights on,FALSE,FALSE,FALSE,FALSE,Yes
ADID-F80993FB3D08,2025-09-21T22:29:13+02:00,2025-09-21T20:29:13Z,2025-09-21T20:54:30Z,1517,Wear,Alone,Sedentary,,,Indoors,Home,Living room,Away from window,Lights on,FALSE,TRUE,FALSE,FALSE,Yes
ADID-F80993FB3D08,2025-09-21T22:54:30+02:00,2025-09-21T20:54:30Z,2025-09-22T05:16:59Z,30149,Bedtime,With others,,,Upward,,,,,Lights off,FALSE,FALSE,FALSE,FALSE,Yes
ADID-F80993FB3D08,2025-09-22T07:16:59+02:00,2025-09-22T05:16:59Z,2025-09-22T06:22:47Z,3948,Wear,Alone,Light activity,,,Mixed,Transportation (car/taxi),,Near a window,,FALSE,FALSE,FALSE,FALSE,Yes
ADID-F80993FB3D08,2025-09-22T08:22:47+02:00,2025-09-22T06:22:47Z,2025-09-22T15:52:02Z,34155,Wear,Alone,Sedentary,,,Indoors,Workplace,Personal workspace/desk,Near a window,Lights on,FALSE,FALSE,TRUE,FALSE,Yes
ADID-F80993FB3D08,2025-09-22T17:52:02+02:00,2025-09-22T15:52:02Z,2025-09-22T16:44:27Z,3145,Wear,Alone,Sedentary,,,Mixed,Transportation (car/taxi),,Near a window,,FALSE,FALSE,FALSE,FALSE,Yes
ADID-F80993FB3D08,2025-09-22T18:44:27+02:00,2025-09-22T16:44:27Z,2025-09-22T17:18:40Z,2053,Wear,With others,Light activity,,,Indoors,Home,Kitchen,Near a window,Dim light,FALSE,FALSE,FALSE,FALSE,Yes
ADID-F80993FB3D08,2025-09-22T19:18:40+02:00,2025-09-22T17:18:40Z,2025-09-22T21:03:50Z,13510,Wear,With others,Sedentary,,,Indoors,Home,Living room,Away from window,Lights on,FALSE,TRUE,FALSE,FALSE,Yes
ADID-F80993FB3D08,2025-09-22T23:03:50+02:00,2025-09-22T21:03:50Z,2025-09-23T05:14:26Z,29436,Bedtime,With others,,,Upward,,,,,Lights off,FALSE,FALSE,FALSE,FALSE,
ADID-F80993FB3D08,2025-09-23T07:14:26+02:00,2025-09-23T05:14:26Z,2025-09-23T05:21:42Z,436,Wear,Alone,Light activity,,,Indoors,Home,Kitchen,Near a window,Lights on,FALSE,FALSE,FALSE,FALSE,Yes
ADID-F80993FB3D08,2025-09-23T07:21:42+02:00,2025-09-23T05:21:42Z,2025-09-23T06:32:02Z,4220,Wear,Alone,Sedentary,,,Mixed,Transportation (car/taxi),,Near a window,Lights off,FALSE,FALSE,FALSE,FALSE,Yes
ADID-F80993FB3D08,2025-09-23T08:32:02+02:00,2025-09-23T06:32:02Z,2025-09-23T10:09:15Z,13033,Wear,With others,Sedentary,,,Indoors,Workplace,Personal workspace/desk,Near a window,Lights off,FALSE,FALSE,TRUE,FALSE,Yes
ADID-F80993FB3D08,2025-09-23T12:09:15+02:00,2025-09-23T10:09:15Z,2025-09-23T10:56:07Z,2812,Wear,With others,Sedentary,,,Indoors,Workplace,Break/lounge area,Near a window,Lights off,FALSE,FALSE,FALSE,FALSE,Yes
ADID-F80993FB3D08,2025-09-23T12:56:07+02:00,2025-09-23T10:56:07Z,,,Wear,Alone,Sedentary,,,Indoors,Workplace,Personal workspace/desk,Near a window,Lights off,FALSE,FALSE,TRUE,FALSE,Yes
ADID-FC51C959D7F5,2025-09-21T12:01:37+02:00,2025-09-21T10:01:37Z,2025-09-21T14:08:22Z,14805,Wear,With others,Sedentary,,,Indoors,Home,Kitchen,Near a window,Lights off,TRUE,FALSE,FALSE,FALSE,Partly
ADID-FC51C959D7F5,2025-09-21T16:08:22+02:00,2025-09-21T14:08:22Z,2025-09-21T15:15:25Z,4023,Wear,With others,Light activity,,,Outdoors,Leisure,,Shade / cloudy,Lights off,TRUE,FALSE,FALSE,FALSE,No
ADID-FC51C959D7F5,2025-09-21T17:15:25+02:00,2025-09-21T15:15:25Z,2025-09-21T16:09:39Z,3254,Wear,With others,Sedentary,,,Mixed,Transportation (car/taxi),,Shade / cloudy,Lights off,TRUE,FALSE,FALSE,FALSE,Partly
ADID-FC51C959D7F5,2025-09-21T18:09:39+02:00,2025-09-21T16:09:39Z,2025-09-21T17:34:05Z,5066,Wear,With others,Light activity,,,Indoors,Leisure,,Near a window,Lights on,TRUE,FALSE,FALSE,FALSE,Partly
ADID-FC51C959D7F5,2025-09-21T19:34:05+02:00,2025-09-21T17:34:05Z,2025-09-21T19:36:53Z,7368,Wear,Alone,Sedentary,,,Mixed,Transportation (long-distance train),,Away from window,Lights on,TRUE,FALSE,FALSE,FALSE,No
ADID-FC51C959D7F5,2025-09-21T21:36:53+02:00,2025-09-21T19:36:53Z,2025-09-21T19:40:00Z,187,Wear,Alone,Moderate activity,,,Outdoors,Other,,Shade / cloudy,Lights off,TRUE,FALSE,FALSE,FALSE,No
ADID-FC51C959D7F5,2025-09-21T21:40:00+02:00,2025-09-21T19:40:00Z,2025-09-21T21:40:54Z,7254,Wear,Alone,Sedentary,,,Indoors,Home,Bedroom,Away from window,Lights on,TRUE,FALSE,FALSE,FALSE,Yes
ADID-FC51C959D7F5,2025-09-21T23:40:54+02:00,2025-09-21T21:40:54Z,2025-09-21T21:59:11Z,1097,Non-wear,Alone,,Stationary,,,,,,Dim light,TRUE,FALSE,FALSE,FALSE,Yes
ADID-FC51C959D7F5,2025-09-21T23:59:11+02:00,2025-09-21T21:59:11Z,2025-09-22T07:18:41Z,33570,Bedtime,Alone,,,Upward,,,,,Lights off,FALSE,FALSE,FALSE,FALSE,Yes
ADID-FC51C959D7F5,2025-09-22T09:18:41+02:00,2025-09-22T07:18:41Z,2025-09-22T07:48:42Z,1801,Wear,Alone,Sedentary,,,Indoors,Home,Bedroom,Near a window,Dim light,TRUE,FALSE,FALSE,FALSE,Partly
ADID-FC51C959D7F5,2025-09-22T09:48:42+02:00,2025-09-22T07:48:42Z,2025-09-22T08:18:01Z,1759,Wear,Alone,Moderate activity,,,Outdoors,Other,,Shade / cloudy,Lights off,TRUE,FALSE,FALSE,FALSE,Partly
ADID-FC51C959D7F5,2025-09-22T10:18:01+02:00,2025-09-22T08:18:01Z,2025-09-22T10:59:35Z,9694,Wear,Alone,Sedentary,,,Indoors,Workplace,Personal workspace/desk,Near a window,Lights on,TRUE,FALSE,TRUE,FALSE,No
ADID-FC51C959D7F5,2025-09-22T12:59:35+02:00,2025-09-22T10:59:35Z,2025-09-22T11:00:23Z,48,Wear,With others,Light activity,,,Outdoors,Workplace,,Shade / cloudy,Lights off,TRUE,FALSE,FALSE,FALSE,Partly
ADID-FC51C959D7F5,2025-09-22T13:00:23+02:00,2025-09-22T11:00:23Z,2025-09-22T12:02:11Z,3708,Wear,With others,Sedentary,,,Indoors,Commercial,Restaurant/cafeteria/bakery,Away from window,Lights on,TRUE,FALSE,FALSE,FALSE,No
ADID-FC51C959D7F5,2025-09-22T14:02:11+02:00,2025-09-22T12:02:11Z,2025-09-22T12:05:01Z,170,Wear,With others,Light activity,,,Outdoors,Workplace,,Shade / cloudy,Lights off,TRUE,FALSE,FALSE,FALSE,Partly
ADID-FC51C959D7F5,2025-09-22T14:05:01+02:00,2025-09-22T12:05:01Z,2025-09-22T12:06:11Z,70,Wear,Alone,Light activity,,,Mixed,Semi-open corridor/gallery,,Near a window,Lights on,TRUE,FALSE,FALSE,FALSE,Partly
ADID-FC51C959D7F5,2025-09-22T14:06:11+02:00,2025-09-22T12:06:11Z,2025-09-22T12:22:13Z,962,,,,,,,,,,,FALSE,FALSE,TRUE,FALSE,No
ADID-FC51C959D7F5,2025-09-22T14:22:13+02:00,2025-09-22T12:22:13Z,2025-09-22T14:07:27Z,6314,Wear,Alone,Sedentary,,,Indoors,Workplace,Other,Away from window,Lights on,TRUE,FALSE,TRUE,FALSE,No
ADID-FC51C959D7F5,2025-09-22T16:07:27+02:00,2025-09-22T14:07:27Z,2025-09-22T14:10:16Z,169,Wear,Alone,Light activity,,,Mixed,Semi-open corridor/gallery,,Shade / cloudy,Lights on,TRUE,FALSE,FALSE,FALSE,No
ADID-FC51C959D7F5,2025-09-22T16:10:16+02:00,2025-09-22T14:10:16Z,2025-09-22T15:12:43Z,3747,Wear,Alone,Sedentary,,,Indoors,Workplace,Conference/meeting room,Near a window,Lights on,TRUE,FALSE,FALSE,FALSE,No
ADID-FC51C959D7F5,2025-09-22T17:12:43+02:00,2025-09-22T15:12:43Z,2025-09-22T16:20:54Z,4091,Wear,Alone,Light activity,,,Outdoors,Workplace,,Shade / cloudy,Lights off,TRUE,FALSE,FALSE,FALSE,No
ADID-FC51C959D7F5,2025-09-22T18:20:54+02:00,2025-09-22T16:20:54Z,2025-09-22T17:12:36Z,3102,Wear,Alone,Moderate activity,,,Outdoors,Other,,Shade / cloudy,Lights off,TRUE,FALSE,FALSE,FALSE,Partly
ADID-FC51C959D7F5,2025-09-22T19:12:36+02:00,2025-09-22T17:12:36Z,2025-09-22T21:56:55Z,17059,Wear,Alone,Sedentary,,,Indoors,Home,Bedroom,Near a window,Dim light,TRUE,FALSE,TRUE,FALSE,Yes
ADID-FC51C959D7F5,2025-09-22T23:56:55+02:00,2025-09-22T21:56:55Z,2025-09-23T06:48:57Z,31922,Bedtime,Alone,,,Upward,,,,,Dim light,TRUE,FALSE,FALSE,FALSE,Partly
ADID-FC51C959D7F5,2025-09-23T08:48:57+02:00,2025-09-23T06:48:57Z,2025-09-23T07:39:40Z,3043,Non-wear,Alone,,Stationary,,,,,,Dim light,TRUE,FALSE,FALSE,FALSE,Yes
ADID-FC51C959D7F5,2025-09-23T09:39:40+02:00,2025-09-23T07:39:40Z,2025-09-23T08:12:34Z,1974,Wear,Alone,Light activity,,,Outdoors,Other,,Shade / cloudy,Lights off,TRUE,FALSE,FALSE,FALSE,No
ADID-FC51C959D7F5,2025-09-23T10:12:34+02:00,2025-09-23T08:12:34Z,2025-09-23T10:01:47Z,6553,Wear,Alone,Sedentary,,,Indoors,Workplace,Personal workspace/desk,Near a window,Lights on,TRUE,FALSE,TRUE,FALSE,Partly
ADID-FC51C959D7F5,2025-09-23T12:01:47+02:00,2025-09-23T10:01:47Z,2025-09-23T10:48:28Z,2801,Wear,With others,Light activity,,,Outdoors,Workplace,,Shade / cloudy,Lights off,TRUE,FALSE,FALSE,FALSE,No
ADID-FC51C959D7F5,2025-09-23T12:48:28+02:00,2025-09-23T10:48:28Z,2025-09-23T11:42:07Z,3219,Wear,With others,Sedentary,,,Indoors,Workplace,Conference/meeting room,Near a window,Lights on,TRUE,FALSE,FALSE,TRUE,No
ADID-FC51C959D7F5,2025-09-23T13:42:07+02:00,2025-09-23T11:42:07Z,,,Wear,Alone,Sedentary,,,Indoors,Workplace,Personal workspace/desk,Near a window,Lights on,TRUE,FALSE,TRUE,FALSE,Partly
ADID-FD49E2B33AB9,2025-09-21T11:59:36+02:00,2025-09-21T09:59:36Z,2025-09-21T11:16:29Z,4613,Wear,With others,Moderate activity,,,Outdoors,Leisure,,Shade / cloudy,,FALSE,FALSE,FALSE,FALSE,
ADID-FD49E2B33AB9,2025-09-21T13:16:29+02:00,2025-09-21T11:16:29Z,2025-09-21T14:24:49Z,11300,Wear,With others,Light activity,,,Mixed,Other,,Shade / cloudy,,FALSE,FALSE,FALSE,FALSE,
ADID-FD49E2B33AB9,2025-09-21T16:24:49+02:00,2025-09-21T14:24:49Z,2025-09-21T15:20:15Z,3326,Wear,With others,Sedentary,,,Mixed,Transportation (car/taxi),,,,FALSE,FALSE,FALSE,FALSE,
ADID-FD49E2B33AB9,2025-09-21T17:20:15+02:00,2025-09-21T15:20:15Z,2025-09-21T16:09:41Z,2966,Wear,With others,Light activity,,,Mixed,Other,,Shade / cloudy,,FALSE,FALSE,FALSE,FALSE,
ADID-FD49E2B33AB9,2025-09-21T18:09:41+02:00,2025-09-21T16:09:41Z,2025-09-21T16:44:32Z,2091,Wear,With others,Sedentary,,,Mixed,Transportation (car/taxi),,Shade / cloudy,,FALSE,FALSE,FALSE,FALSE,
ADID-FD49E2B33AB9,2025-09-21T18:44:32+02:00,2025-09-21T16:44:32Z,2025-09-21T16:53:51Z,559,Wear,With others,Light activity,,,Indoors,Home,Bedroom,Away from window,Dim light,FALSE,FALSE,FALSE,FALSE,Yes
ADID-FD49E2B33AB9,2025-09-21T18:53:51+02:00,2025-09-21T16:53:51Z,2025-09-21T16:58:53Z,302,Wear,Alone,Sedentary,,,Indoors,Home,Living room,Away from window,Lights on,TRUE,FALSE,FALSE,TRUE,Yes
ADID-FD49E2B33AB9,2025-09-21T18:58:53+02:00,2025-09-21T16:58:53Z,2025-09-21T17:03:10Z,257,Wear,Alone,Sedentary,,,Indoors,Home,Living room,Away from window,Lights on,TRUE,FALSE,FALSE,FALSE,Yes
ADID-FD49E2B33AB9,2025-09-21T19:03:10+02:00,2025-09-21T17:03:10Z,2025-09-21T20:22:05Z,11935,Wear,Alone,Sedentary,,,Indoors,Home,Living room,Away from window,Lights on,TRUE,FALSE,FALSE,TRUE,Yes
ADID-FD49E2B33AB9,2025-09-21T22:22:05+02:00,2025-09-21T20:22:05Z,2025-09-21T20:34:56Z,771,Wear,Alone,Sedentary,,,Indoors,Home,Bathroom,Away from window,Lights on,FALSE,FALSE,FALSE,FALSE,Yes
ADID-FD49E2B33AB9,2025-09-21T22:34:56+02:00,2025-09-21T20:34:56Z,2025-09-22T06:10:17Z,34521,Non-wear,With others,,Stationary,,,,,,Lights off,FALSE,FALSE,FALSE,FALSE,Yes
ADID-FD49E2B33AB9,2025-09-22T08:10:17+02:00,2025-09-22T06:10:17Z,2025-09-22T06:28:57Z,1120,Wear,Alone,Sedentary,,,Indoors,Home,Bathroom,Away from window,Lights on,FALSE,FALSE,FALSE,FALSE,Yes
ADID-FD49E2B33AB9,2025-09-22T08:28:57+02:00,2025-09-22T06:28:57Z,2025-09-22T07:19:41Z,3044,Wear,With others,Sedentary,,,Indoors,Home,Kitchen,Away from window,Lights on,TRUE,FALSE,FALSE,FALSE,Yes
ADID-FD49E2B33AB9,2025-09-22T09:19:41+02:00,2025-09-22T07:19:41Z,2025-09-22T08:08:59Z,2958,Non-wear,Alone,,Dark mobile,,,,,,,FALSE,FALSE,FALSE,FALSE,
ADID-FD49E2B33AB9,2025-09-22T10:08:59+02:00,2025-09-22T08:08:59Z,2025-09-22T15:43:40Z,27281,Wear,Alone,Sedentary,,,Indoors,Workplace,Personal workspace/desk,Near a window,Lights on,TRUE,FALSE,TRUE,FALSE,Yes
ADID-FD49E2B33AB9,2025-09-22T17:43:40+02:00,2025-09-22T15:43:40Z,2025-09-22T16:36:57Z,3197,Non-wear,Alone,,Dark mobile,,,,,,,FALSE,FALSE,FALSE,FALSE,
ADID-FD49E2B33AB9,2025-09-22T18:36:57+02:00,2025-09-22T16:36:57Z,2025-09-22T17:13:10Z,2173,Wear,With others,Light activity,,,Indoors,Home,Kitchen,Away from window,Dim light,TRUE,FALSE,FALSE,FALSE,Yes
ADID-FD49E2B33AB9,2025-09-22T19:13:10+02:00,2025-09-22T17:13:10Z,2025-09-22T17:30:16Z,1026,Wear,With others,Sedentary,,,Indoors,Home,Living room,Away from window,Lights on,FALSE,FALSE,FALSE,FALSE,Yes
ADID-FD49E2B33AB9,2025-09-22T19:30:16+02:00,2025-09-22T17:30:16Z,2025-09-22T18:33:04Z,3768,Wear,With others,Sedentary,,,Indoors,Home,Kitchen,Away from window,Lights on,TRUE,FALSE,TRUE,FALSE,Yes
ADID-FD49E2B33AB9,2025-09-22T20:33:04+02:00,2025-09-22T18:33:04Z,2025-09-22T18:57:29Z,1465,Wear,With others,Sedentary,,,Indoors,Home,Living room,Away from window,Lights on,TRUE,FALSE,TRUE,TRUE,Yes
ADID-FD49E2B33AB9,2025-09-22T20:57:29+02:00,2025-09-22T18:57:29Z,2025-09-22T19:03:06Z,337,Wear,With others,Sedentary,,,Indoors,Home,Living room,Away from window,Lights on,TRUE,FALSE,FALSE,TRUE,Yes
ADID-FD49E2B33AB9,2025-09-22T21:03:06+02:00,2025-09-22T19:03:06Z,2025-09-22T19:16:58Z,832,Wear,With others,Sedentary,,,Indoors,Home,Living room,Away from window,Lights on,FALSE,FALSE,FALSE,TRUE,Yes
ADID-FD49E2B33AB9,2025-09-22T21:16:58+02:00,2025-09-22T19:16:58Z,2025-09-22T21:07:32Z,6634,Wear,With others,Sedentary,,,Indoors,Home,Home office,Away from window,Lights on,FALSE,FALSE,TRUE,FALSE,Yes
ADID-FD49E2B33AB9,2025-09-22T23:07:32+02:00,2025-09-22T21:07:32Z,2025-09-22T21:11:01Z,209,Wear,With others,Light activity,,,Indoors,Home,Other,Away from window,Lights on,FALSE,FALSE,FALSE,FALSE,Yes
ADID-FD49E2B33AB9,2025-09-22T23:11:01+02:00,2025-09-22T21:11:01Z,2025-09-22T21:38:18Z,1637,Wear,With others,Light activity,,,Outdoors,Other,,Shade / cloudy,Dim light,FALSE,FALSE,FALSE,FALSE,Yes
ADID-FD49E2B33AB9,2025-09-22T23:38:18+02:00,2025-09-22T21:38:18Z,2025-09-22T21:46:50Z,512,Wear,With others,Light activity,,,Indoors,Home,Other,Away from window,Lights on,FALSE,FALSE,FALSE,FALSE,Yes
ADID-FD49E2B33AB9,2025-09-22T23:46:50+02:00,2025-09-22T21:46:50Z,2025-09-22T22:03:23Z,993,Wear,Alone,Sedentary,,,Indoors,Home,Bathroom,Away from window,Dim light,FALSE,FALSE,FALSE,FALSE,Yes
ADID-FD49E2B33AB9,2025-09-23T00:03:23+02:00,2025-09-22T22:03:23Z,2025-09-22T22:07:20Z,237,Wear,Alone,Sedentary,,,Indoors,Home,Bedroom,Away from window,Lights off,FALSE,FALSE,FALSE,FALSE,Yes
ADID-FD49E2B33AB9,2025-09-23T00:07:20+02:00,2025-09-22T22:07:20Z,2025-09-22T22:16:36Z,556,Wear,With others,Sedentary,,,Indoors,Home,Bedroom,Away from window,Dim light,FALSE,FALSE,FALSE,FALSE,Yes
ADID-FD49E2B33AB9,2025-09-23T00:16:36+02:00,2025-09-22T22:16:36Z,2025-09-23T05:48:23Z,27107,Non-wear,With others,,Stationary,,,,,,Lights off,FALSE,FALSE,FALSE,FALSE,Yes
ADID-FD49E2B33AB9,2025-09-23T07:48:23+02:00,2025-09-23T05:48:23Z,2025-09-23T06:09:02Z,1239,Wear,With others,Sedentary,,,Indoors,Home,Bedroom,Away from window,Lights on,FALSE,FALSE,FALSE,FALSE,Yes
ADID-FD49E2B33AB9,2025-09-23T08:09:02+02:00,2025-09-23T06:09:02Z,2025-09-23T06:25:46Z,1004,Wear,Alone,Light activity,,,Indoors,Home,Kitchen,Away from window,Lights on,FALSE,FALSE,FALSE,FALSE,Yes
ADID-FD49E2B33AB9,2025-09-23T08:25:46+02:00,2025-09-23T06:25:46Z,2025-09-23T07:24:12Z,3506,Wear,Alone,Sedentary,,,Indoors,Home,Kitchen,Away from window,Lights on,FALSE,FALSE,TRUE,FALSE,Yes
ADID-FD49E2B33AB9,2025-09-23T09:24:12+02:00,2025-09-23T07:24:12Z,2025-09-23T07:52:38Z,1706,Wear,Alone,Light activity,,,Outdoors,Other,,Shade / cloudy,,FALSE,FALSE,FALSE,FALSE,Yes
ADID-FD49E2B33AB9,2025-09-23T09:52:38+02:00,2025-09-23T07:52:38Z,2025-09-23T07:55:35Z,177,Wear,Alone,Moderate activity,,,Indoors,Home,Parking garage,Near a window,Lights off,FALSE,FALSE,FALSE,FALSE,Yes
ADID-FD49E2B33AB9,2025-09-23T09:55:35+02:00,2025-09-23T07:55:35Z,2025-09-23T08:27:20Z,1905,Wear,Alone,Moderate activity,,,Outdoors,Other,,Shade / cloudy,,FALSE,FALSE,FALSE,FALSE,Yes
ADID-FD49E2B33AB9,2025-09-23T10:27:20+02:00,2025-09-23T08:27:20Z,2025-09-23T09:30:43Z,3803,Wear,With others,Sedentary,,,Indoors,Workplace,Conference/meeting room,Near a window,Lights on,FALSE,FALSE,FALSE,FALSE,Yes
ADID-FD49E2B33AB9,2025-09-23T11:30:43+02:00,2025-09-23T09:30:43Z,2025-09-23T10:05:02Z,2059,Wear,With others,Sedentary,,,Indoors,Workplace,Personal workspace/desk,Near a window,Lights on,FALSE,FALSE,TRUE,FALSE,Partly
ADID-FD49E2B33AB9,2025-09-23T12:05:02+02:00,2025-09-23T10:05:02Z,,,Wear,With others,Sedentary,,,Indoors,Workplace,Personal workspace/desk,Near a window,Lights on,FALSE,FALSE,TRUE,FALSE,Partly
ADID-FE6FC04C7E63,2025-09-21T09:31:53-07:00,2025-09-21T16:31:53Z,2025-09-21T16:33:48Z,115,Bedtime,With others,,,Upward,,,,,Lights off,FALSE,FALSE,FALSE,FALSE,Yes
ADID-FE6FC04C7E63,2025-09-21T09:33:48-07:00,2025-09-21T16:33:48Z,2025-09-21T21:48:11Z,18863,Wear,With others,Light activity,,,Indoors,Home,Living room,Near a window,,FALSE,FALSE,FALSE,FALSE,Partly
ADID-FE6FC04C7E63,2025-09-21T14:48:11-07:00,2025-09-21T21:48:11Z,2025-09-21T21:51:49Z,218,Wear,Alone,Light activity,,,Outdoors,Other,,Shade / cloudy,,FALSE,FALSE,FALSE,FALSE,Partly
ADID-FE6FC04C7E63,2025-09-21T14:51:49-07:00,2025-09-21T21:51:49Z,2025-09-21T21:58:00Z,371,Wear,With others,Sedentary,,,Mixed,Transportation (bus or commuter/regional rail),,Near a window,,FALSE,FALSE,FALSE,FALSE,No
ADID-FE6FC04C7E63,2025-09-21T14:58:00-07:00,2025-09-21T21:58:00Z,2025-09-21T22:05:05Z,425,Wear,With others,Light activity,,,Indoors,Commercial,Other,Near a window,Lights on,FALSE,FALSE,FALSE,FALSE,No
ADID-FE6FC04C7E63,2025-09-21T15:05:05-07:00,2025-09-21T22:05:05Z,2025-09-21T22:24:44Z,1179,Wear,Alone,Light activity,,,Outdoors,Other,,Direct sunlight,,FALSE,FALSE,FALSE,FALSE,No
ADID-FE6FC04C7E63,2025-09-21T15:24:44-07:00,2025-09-21T22:24:44Z,2025-09-21T22:28:43Z,239,Wear,Alone,Sedentary,,,Indoors,Commercial,Restaurant/cafeteria/bakery,Near a window,Lights on,FALSE,FALSE,FALSE,FALSE,No
ADID-FE6FC04C7E63,2025-09-21T15:28:43-07:00,2025-09-21T22:28:43Z,2025-09-21T22:32:21Z,218,Wear,Alone,Sedentary,,,Outdoors,Other,,Shade / cloudy,,FALSE,FALSE,FALSE,FALSE,Partly
ADID-FE6FC04C7E63,2025-09-21T15:32:21-07:00,2025-09-21T22:32:21Z,2025-09-21T22:37:54Z,333,Wear,With others,Sedentary,,,Mixed,Transportation (bus or commuter/regional rail),,Near a window,,FALSE,FALSE,FALSE,FALSE,No
ADID-FE6FC04C7E63,2025-09-21T15:37:54-07:00,2025-09-21T22:37:54Z,2025-09-21T23:01:01Z,1387,Wear,Alone,Sedentary,,,Indoors,Home,Home office,Near a window,,FALSE,FALSE,FALSE,FALSE,Partly
ADID-FE6FC04C7E63,2025-09-21T16:01:01-07:00,2025-09-21T23:01:01Z,2025-09-21T23:36:14Z,2113,Non-wear,Alone,,Stationary,,,,,,Lights on,FALSE,FALSE,FALSE,FALSE,Partly
ADID-FE6FC04C7E63,2025-09-21T16:36:14-07:00,2025-09-21T23:36:14Z,2025-09-21T23:42:15Z,361,Wear,Alone,Light activity,,,Outdoors,Other,,Shade / cloudy,,FALSE,FALSE,FALSE,FALSE,Partly
ADID-FE6FC04C7E63,2025-09-21T16:42:15-07:00,2025-09-21T23:42:15Z,2025-09-21T23:49:11Z,416,Wear,With others,Sedentary,,,Mixed,Transportation (bus or commuter/regional rail),,Near a window,,FALSE,FALSE,FALSE,FALSE,No
ADID-FE6FC04C7E63,2025-09-21T16:49:11-07:00,2025-09-21T23:49:11Z,2025-09-22T06:37:45Z,24514,Wear,With others,High-intensity activity,,,Outdoors,Leisure,,Direct sunlight,,FALSE,FALSE,FALSE,FALSE,No
ADID-FE6FC04C7E63,2025-09-21T23:37:45-07:00,2025-09-22T06:37:45Z,2025-09-22T07:10:49Z,1984,Wear,With others,Light activity,,,Indoors,Home,Kitchen,Away from window,Lights on,FALSE,FALSE,FALSE,FALSE,Yes
ADID-FE6FC04C7E63,2025-09-22T00:10:49-07:00,2025-09-22T07:10:49Z,2025-09-22T15:44:11Z,30802,Bedtime,With others,,,Upward,,,,,Lights off,TRUE,FALSE,FALSE,FALSE,Yes
ADID-FE6FC04C7E63,2025-09-22T08:44:11-07:00,2025-09-22T15:44:11Z,2025-09-22T17:08:45Z,5074,Wear,With others,Sedentary,,,Indoors,Home,Bedroom,Away from window,Lights on,TRUE,FALSE,FALSE,FALSE,Yes
ADID-FE6FC04C7E63,2025-09-22T10:08:45-07:00,2025-09-22T17:08:45Z,2025-09-22T18:20:26Z,4301,Wear,Alone,Sedentary,,,Indoors,Home,Home office,Near a window,,FALSE,FALSE,TRUE,FALSE,Partly
ADID-FE6FC04C7E63,2025-09-22T11:20:26-07:00,2025-09-22T18:20:26Z,2025-09-22T18:44:23Z,1437,Non-wear,Alone,,Stationary,,,,,,Lights on,FALSE,FALSE,FALSE,FALSE,Partly
ADID-FE6FC04C7E63,2025-09-22T11:44:23-07:00,2025-09-22T18:44:23Z,2025-09-22T19:14:20Z,1797,Wear,Alone,Sedentary,,,Mixed,Transportation (car/taxi),,Near a window,,FALSE,FALSE,FALSE,FALSE,No
ADID-FE6FC04C7E63,2025-09-22T12:14:20-07:00,2025-09-22T19:14:20Z,2025-09-22T19:36:33Z,1333,Wear,With others,Light activity,,,Outdoors,Other,,Direct sunlight,,FALSE,FALSE,FALSE,FALSE,No
ADID-FE6FC04C7E63,2025-09-22T12:36:33-07:00,2025-09-22T19:36:33Z,2025-09-22T20:02:39Z,1566,Wear,With others,Sedentary,,,Indoors,Education,Classroom,Near a window,,FALSE,FALSE,FALSE,FALSE,Partly
ADID-FE6FC04C7E63,2025-09-22T13:02:39-07:00,2025-09-22T20:02:39Z,2025-09-22T21:51:18Z,6519,Wear,With others,Sedentary,,,Mixed,Transportation (airplane),,Near a window,,FALSE,FALSE,FALSE,FALSE,No
ADID-FE6FC04C7E63,2025-09-22T14:51:18-07:00,2025-09-22T21:51:18Z,2025-09-22T22:17:54Z,1596,Wear,With others,Sedentary,,,Indoors,Education,Classroom,Near a window,Lights on,FALSE,FALSE,FALSE,FALSE,No
ADID-FE6FC04C7E63,2025-09-22T15:17:54-07:00,2025-09-22T22:17:54Z,2025-09-22T22:53:48Z,2154,Wear,Alone,Sedentary,,,Mixed,Transportation (car/taxi),,Near a window,,FALSE,FALSE,FALSE,FALSE,No
ADID-FE6FC04C7E63,2025-09-22T15:53:48-07:00,2025-09-22T22:53:48Z,2025-09-23T01:57:52Z,11044,Wear,With others,Light activity,,,Indoors,Home,Home office,Near a window,,FALSE,FALSE,TRUE,FALSE,Partly
ADID-FE6FC04C7E63,2025-09-22T18:57:52-07:00,2025-09-23T01:57:52Z,2025-09-23T01:59:48Z,116,Wear,Alone,Sedentary,,,Mixed,Transportation (car/taxi),,Near a window,,FALSE,FALSE,FALSE,FALSE,No
ADID-FE6FC04C7E63,2025-09-22T18:59:48-07:00,2025-09-23T01:59:48Z,2025-09-23T04:10:33Z,7845,Wear,With others,Sedentary,,,Indoors,Other,,Near a window,Lights on,FALSE,FALSE,FALSE,FALSE,No
ADID-FE6FC04C7E63,2025-09-22T21:10:33-07:00,2025-09-23T04:10:33Z,2025-09-23T04:24:37Z,844,Wear,Alone,Sedentary,,,Mixed,Transportation (car/taxi),,Near a window,,FALSE,FALSE,FALSE,FALSE,No
ADID-FE6FC04C7E63,2025-09-22T21:24:37-07:00,2025-09-23T04:24:37Z,2025-09-23T05:36:46Z,4329,Wear,With others,Sedentary,,,Indoors,Home,Kitchen,Near a window,Lights on,FALSE,FALSE,FALSE,FALSE,Yes
ADID-FE6FC04C7E63,2025-09-22T22:36:46-07:00,2025-09-23T05:36:46Z,,,Bedtime,With others,,,Upward,,,,,Lights off,FALSE,FALSE,FALSE,FALSE,Yes
ADID-FF7CB5F2C040,2025-09-22T05:59:40+02:00,2025-09-22T03:59:40Z,2025-09-22T04:19:03Z,1163,Wear,With others,Sedentary,,,Indoors,Home,Bedroom,Away from window,Lights off,TRUE,FALSE,FALSE,FALSE,Yes
ADID-FF7CB5F2C040,2025-09-22T06:19:03+02:00,2025-09-22T04:19:03Z,2025-09-22T04:42:29Z,1406,Non-wear,Alone,,Stationary,,,,,,Lights on,FALSE,FALSE,FALSE,FALSE,Yes
ADID-FF7CB5F2C040,2025-09-22T06:42:29+02:00,2025-09-22T04:42:29Z,2025-09-22T04:55:53Z,804,Wear,Alone,Light activity,,,Indoors,Home,Other,Near a window,Dim light,FALSE,FALSE,FALSE,FALSE,Yes
ADID-FF7CB5F2C040,2025-09-22T06:55:53+02:00,2025-09-22T04:55:53Z,2025-09-22T05:15:45Z,1192,Wear,Alone,Moderate activity,,,Outdoors,Other,,Shade / cloudy,,FALSE,FALSE,FALSE,FALSE,Yes
ADID-FF7CB5F2C040,2025-09-22T07:15:45+02:00,2025-09-22T05:15:45Z,2025-09-22T06:28:56Z,4391,Wear,Alone,Light activity,,,Indoors,Workplace,Personal workspace/desk,Near a window,Dim light,FALSE,FALSE,TRUE,FALSE,Yes
ADID-FF7CB5F2C040,2025-09-22T08:28:56+02:00,2025-09-22T06:28:56Z,2025-09-22T06:50:15Z,1279,Wear,Alone,Sedentary,,,Indoors,Workplace,Personal workspace/desk,Near a window,Lights on,FALSE,FALSE,TRUE,FALSE,Yes
ADID-FF7CB5F2C040,2025-09-22T08:50:15+02:00,2025-09-22T06:50:15Z,2025-09-22T07:27:44Z,2249,Wear,With others,Sedentary,,,Indoors,Workplace,Break/lounge area,Away from window,Lights on,FALSE,FALSE,FALSE,FALSE,No
ADID-FF7CB5F2C040,2025-09-22T09:27:44+02:00,2025-09-22T07:27:44Z,2025-09-22T09:57:48Z,9004,Wear,Alone,Sedentary,,,Indoors,Workplace,Personal workspace/desk,Near a window,Lights on,FALSE,FALSE,TRUE,FALSE,Yes
ADID-FF7CB5F2C040,2025-09-22T11:57:48+02:00,2025-09-22T09:57:48Z,2025-09-22T10:42:14Z,2666,Wear,With others,Light activity,,,Mixed,Semi-open corridor/gallery,,Shade / cloudy,,FALSE,FALSE,FALSE,FALSE,No
ADID-FF7CB5F2C040,2025-09-22T12:42:14+02:00,2025-09-22T10:42:14Z,2025-09-22T12:55:49Z,8015,Wear,Alone,Sedentary,,,Indoors,Workplace,Personal workspace/desk,Near a window,Lights on,FALSE,FALSE,TRUE,FALSE,Yes
ADID-FF7CB5F2C040,2025-09-22T14:55:49+02:00,2025-09-22T12:55:49Z,2025-09-22T13:31:13Z,2124,Wear,With others,Sedentary,,,Indoors,Leisure,,Near a window,Lights on,FALSE,FALSE,FALSE,FALSE,No
ADID-FF7CB5F2C040,2025-09-22T15:31:13+02:00,2025-09-22T13:31:13Z,2025-09-22T14:21:51Z,3038,Wear,Alone,Sedentary,,,Indoors,Workplace,Personal workspace/desk,Near a window,Lights on,FALSE,FALSE,TRUE,FALSE,Yes
ADID-FF7CB5F2C040,2025-09-22T16:21:51+02:00,2025-09-22T14:21:51Z,2025-09-22T14:38:36Z,1005,Wear,Alone,Moderate activity,,,Outdoors,Leisure,,Direct sunlight,,FALSE,FALSE,FALSE,FALSE,
ADID-FF7CB5F2C040,2025-09-22T16:38:36+02:00,2025-09-22T14:38:36Z,2025-09-22T20:51:27Z,22371,Wear,With others,Light activity,,,Indoors,Home,Other,Near a window,,FALSE,FALSE,FALSE,FALSE,Yes
ADID-FF7CB5F2C040,2025-09-22T22:51:27+02:00,2025-09-22T20:51:27Z,2025-09-23T04:10:43Z,26356,Bedtime,With others,,,Upward,,,,,Lights off,FALSE,FALSE,FALSE,FALSE,Yes
ADID-FF7CB5F2C040,2025-09-23T06:10:43+02:00,2025-09-23T04:10:43Z,2025-09-23T04:17:28Z,405,Wear,With others,Light activity,,,Indoors,Home,Bedroom,Away from window,Dim light,FALSE,FALSE,FALSE,FALSE,Yes
ADID-FF7CB5F2C040,2025-09-23T06:17:28+02:00,2025-09-23T04:17:28Z,2025-09-23T04:34:46Z,1038,Wear,Alone,Light activity,,,Indoors,Home,Bathroom,Near a window,Lights on,FALSE,FALSE,FALSE,FALSE,Yes
ADID-FF7CB5F2C040,2025-09-23T06:34:46+02:00,2025-09-23T04:34:46Z,2025-09-23T04:45:10Z,624,Non-wear,Alone,,Stationary,,,,,,Lights on,FALSE,FALSE,FALSE,FALSE,Yes
ADID-FF7CB5F2C040,2025-09-23T06:45:10+02:00,2025-09-23T04:45:10Z,2025-09-23T05:01:32Z,982,Wear,Alone,Light activity,,,Indoors,Home,Living room,Near a window,Lights on,FALSE,FALSE,FALSE,FALSE,Yes
ADID-FF7CB5F2C040,2025-09-23T07:01:32+02:00,2025-09-23T05:01:32Z,2025-09-23T05:20:42Z,1150,Wear,Alone,High-intensity activity,,,Outdoors,Leisure,,Shade / cloudy,,FALSE,FALSE,FALSE,FALSE,Yes
ADID-FF7CB5F2C040,2025-09-23T07:20:42+02:00,2025-09-23T05:20:42Z,2025-09-23T06:54:38Z,5636,Wear,Alone,Sedentary,,,Indoors,Workplace,Personal workspace/desk,Near a window,Lights on,FALSE,FALSE,TRUE,FALSE,Yes
ADID-FF7CB5F2C040,2025-09-23T08:54:38+02:00,2025-09-23T06:54:38Z,2025-09-23T07:44:50Z,3012,Wear,With others,Sedentary,,,Indoors,Leisure,,Away from window,Lights on,FALSE,FALSE,FALSE,FALSE,No
ADID-FF7CB5F2C040,2025-09-23T09:44:50+02:00,2025-09-23T07:44:50Z,2025-09-23T08:08:59Z,1449,Wear,Alone,Light activity,,,Mixed,Transportation (bike),,Direct sunlight,,FALSE,FALSE,FALSE,FALSE,No
ADID-FF7CB5F2C040,2025-09-23T10:08:59+02:00,2025-09-23T08:08:59Z,2025-09-23T08:25:01Z,962,Wear,Alone,Light activity,,,Indoors,Leisure,,Away from window,Lights on,FALSE,FALSE,FALSE,FALSE,No
ADID-FF7CB5F2C040,2025-09-23T10:25:01+02:00,2025-09-23T08:25:01Z,2025-09-23T09:43:59Z,4738,Wear,Alone,Sedentary,,,Indoors,Workplace,Personal workspace/desk,Near a window,Lights on,FALSE,FALSE,TRUE,FALSE,Yes
ADID-FF7CB5F2C040,2025-09-23T11:43:59+02:00,2025-09-23T09:43:59Z,2025-09-23T10:18:58Z,2099,Wear,With others,Light activity,,,Outdoors,Other,,Direct sunlight,,FALSE,FALSE,FALSE,FALSE,No
ADID-FF7CB5F2C040,2025-09-23T12:18:58+02:00,2025-09-23T10:18:58Z,,,Wear,Alone,Sedentary,,,Indoors,Workplace,Personal workspace/desk,Near a window,Lights on,FALSE,FALSE,TRUE,FALSE,Yes
